{"credit":"Pologony Creation Co.,Ltd.","textures":{"1":"darkwitherset:axe","2":"darkwitherset:animations/animation_1","3":"darkwitherset:animations/animation_2","4":"darkwitherset:animations/soul_animation_sword_1","particle":"darkwitherset:axe"},"elements":[{"from":[7.25,-1.25,7.75],"to":[8.75,0.25,9.25],"rotation":{"angle":-45,"axis":"x","origin":[7.5,-1,8]},"faces":{"north":{"uv":[10.8,11.2,11.4,11.8],"texture":"#1"},"east":{"uv":[11.6,0,12.2,0.6],"texture":"#1"},"south":{"uv":[0.8,11.6,1.4,12.2],"texture":"#1"},"west":{"uv":[5.6,11.6,6.2,12.2],"texture":"#1"},"up":{"uv":[12.6,1.8,12,1.2],"texture":"#1"},"down":{"uv":[12.6,2.4,12,3],"texture":"#1"}}},{"from":[7.475,-3.21287,7.825],"to":[8.525,-2.16287,8.875],"rotation":{"angle":-45,"axis":"x","origin":[7.65,-3.03787,8]},"faces":{"north":{"uv":[5.6,14,6,14.4],"texture":"#1"},"east":{"uv":[14,5.6,14.4,6],"texture":"#1"},"south":{"uv":[6.4,14,6.8,14.4],"texture":"#1"},"west":{"uv":[14,6.4,14.4,6.8],"texture":"#1"},"up":{"uv":[7.6,14.4,7.2,14],"texture":"#1"},"down":{"uv":[14.4,7.2,14,7.6],"texture":"#1"}}},{"from":[7.5,0.01777,8],"to":[8.5,1.01777,9],"rotation":{"angle":-45,"axis":"x","origin":[7.5,0.01777,8]},"faces":{"north":{"uv":[0,14,0.4,14.4],"texture":"#1"},"east":{"uv":[14,0,14.4,0.4],"texture":"#1"},"south":{"uv":[2,14,2.4,14.4],"texture":"#1"},"west":{"uv":[14,2.4,14.4,2.8],"texture":"#1"},"up":{"uv":[3.2,14.4,2.8,14],"texture":"#1"},"down":{"uv":[14.4,3.2,14,3.6],"texture":"#1"}}},{"from":[7.25,1.18198,7.25],"to":[8.75,1.68198,8.75],"rotation":{"angle":0,"axis":"y","origin":[7.5,1.18198,7.5]},"faces":{"north":{"uv":[14,8,14.6,8.2],"texture":"#1"},"east":{"uv":[8.8,14,9.4,14.2],"texture":"#1"},"south":{"uv":[14,8.8,14.6,9],"texture":"#1"},"west":{"uv":[14,9.6,14.6,9.8],"texture":"#1"},"up":{"uv":[12.6,4.2,12,3.6],"texture":"#1"},"down":{"uv":[12.6,4.8,12,5.4],"texture":"#1"}}},{"from":[7.25,7.18198,7.25],"to":[8.75,7.68198,8.75],"rotation":{"angle":0,"axis":"y","origin":[7.5,2.18198,7.5]},"faces":{"north":{"uv":[14,10.4,14.6,10.6],"texture":"#1"},"east":{"uv":[14,11.2,14.6,11.4],"texture":"#1"},"south":{"uv":[14,12,14.6,12.2],"texture":"#1"},"west":{"uv":[13.2,14,13.8,14.2],"texture":"#1"},"up":{"uv":[12.6,6.6,12,6],"texture":"#1"},"down":{"uv":[12.6,7.2,12,7.8],"texture":"#1"}}},{"from":[7.5,1.68198,7.5],"to":[8.5,3.18198,8.5],"rotation":{"angle":0,"axis":"y","origin":[7.5,1.68198,7.5]},"faces":{"north":{"uv":[8.4,12.8,8.8,13.4],"texture":"#1"},"east":{"uv":[10,12.8,10.4,13.4],"texture":"#1"},"south":{"uv":[13.2,2.4,13.6,3],"texture":"#1"},"west":{"uv":[13.2,3.6,13.6,4.2],"texture":"#1"},"up":{"uv":[14.4,4.4,14,4],"texture":"#1"}}},{"from":[7.5,5.68198,7.5],"to":[8.5,7.18198,8.5],"rotation":{"angle":0,"axis":"y","origin":[7.5,5.68198,7.5]},"faces":{"north":{"uv":[13.2,4.8,13.6,5.4],"texture":"#1"},"east":{"uv":[13.2,6,13.6,6.6],"texture":"#1"},"south":{"uv":[13.2,7.2,13.6,7.8],"texture":"#1"},"west":{"uv":[13.2,8.4,13.6,9],"texture":"#1"},"down":{"uv":[14.4,4.8,14,5.2],"texture":"#1"}}},{"from":[7.625,3.18198,7.625],"to":[8.375,5.68198,8.375],"rotation":{"angle":0,"axis":"y","origin":[7.625,4.18198,7.375]},"faces":{"north":{"uv":[6.8,12.4,7.1,13.4],"texture":"#1"},"east":{"uv":[9.2,12.4,9.5,13.4],"texture":"#1"},"south":{"uv":[1.2,12.8,1.5,13.8],"texture":"#1"},"west":{"uv":[4.8,12.8,5.1,13.8],"texture":"#1"}}},{"from":[7,12.68198,7],"to":[9,14.68198,9],"rotation":{"angle":0,"axis":"y","origin":[7,12.68198,7]},"faces":{"east":{"uv":[9.2,9.6,10,10.4],"texture":"#1"},"west":{"uv":[0,10,0.8,10.8],"texture":"#1"},"down":{"uv":[10.8,1.6,10,2.4],"texture":"#1"}}},{"from":[6.875,10,6.85],"to":[9.125,13,8.35],"rotation":{"angle":-22.5,"axis":"x","origin":[-0.125,10,0.6]},"faces":{"north":{"uv":[7.2,4.4,8.1,5.6],"texture":"#1"},"east":{"uv":[9.2,0,9.8,1.2],"texture":"#1"},"south":{"uv":[7.2,6,8.1,7.2],"texture":"#1"},"west":{"uv":[6.8,9.2,7.4,10.4],"texture":"#1"},"up":{"uv":[11.3,5.4,10.4,4.8],"texture":"#1"},"down":{"uv":[11.3,6,10.4,6.6],"texture":"#1"}}},{"from":[6.75,13,8.5],"to":[9.25,15,10.5],"rotation":{"angle":-45,"axis":"x","origin":[7,12.5,8]},"faces":{"north":{"uv":[8.8,4.8,9.8,5.6],"texture":"#1"},"east":{"uv":[10.4,0,11.2,0.8],"texture":"#1"},"south":{"uv":[8.8,6,9.8,6.8],"texture":"#1"},"west":{"uv":[1.2,10.4,2,11.2],"texture":"#1"},"up":{"uv":[9.8,8,8.8,7.2],"texture":"#1"},"down":{"uv":[9.8,8.4,8.8,9.2],"texture":"#1"}}},{"from":[7.375,-4,7.85],"to":[8.625,-2.25,8.85],"rotation":{"angle":-22.5,"axis":"x","origin":[-0.625,-4,1.1]},"faces":{"north":{"uv":[10.8,12.4,11.3,13.1],"texture":"#1"},"east":{"uv":[5.6,12.8,6,13.5],"texture":"#1"},"south":{"uv":[12,12.4,12.5,13.1],"texture":"#1"},"west":{"uv":[7.6,12.8,8,13.5],"texture":"#1"},"up":{"uv":[13.7,13.6,13.2,13.2],"texture":"#1"},"down":{"uv":[4.1,13.6,3.6,14],"texture":"#1"}}},{"from":[7.5,-1.72164,5.97332],"to":[8.5,-0.47164,7.22332],"rotation":{"angle":-45,"axis":"x","origin":[8,-0.57273,6.34526]},"faces":{"north":{"uv":[10.8,13.6,11.2,14.1],"texture":"#1"},"east":{"uv":[12.8,10.8,13.3,11.3],"texture":"#1"},"west":{"uv":[13.2,1.2,13.7,1.7],"texture":"#1"},"up":{"uv":[12,14.1,11.6,13.6],"texture":"#1"},"down":{"uv":[12.8,13.6,12.4,14.1],"texture":"#1"}}},{"from":[7.625,-1.24603,5.49816],"to":[8.375,0.00397,7.24816],"rotation":{"angle":22.5,"axis":"x","origin":[8,-0.55853,6.06066]},"faces":{"north":{"uv":[8,14,8.3,14.5],"texture":"#1"},"east":{"uv":[0,12.8,0.7,13.3],"texture":"#1"},"west":{"uv":[12.8,0,13.5,0.5],"texture":"#1"},"up":{"uv":[13.5,10.3,13.2,9.6],"texture":"#1"},"down":{"uv":[13.5,12,13.2,12.7],"texture":"#1"}}},{"from":[7.995,-3.49603,4.99816],"to":[8.005,1.00397,6.99816],"rotation":{"angle":0,"axis":"y","origin":[8,-0.80853,6.06066]},"faces":{"east":{"uv":[4.8,2.4,4,4.2],"texture":"#1"},"west":{"uv":[4,2.4,4.8,4.2],"texture":"#1"}}},{"from":[7.375,-4,7.15],"to":[8.625,-2.25,8.15],"rotation":{"angle":22.5,"axis":"x","origin":[-0.625,-4,14.9]},"faces":{"north":{"uv":[12.5,12.4,12,13.1],"texture":"#1"},"east":{"uv":[6,12.8,5.6,13.5],"texture":"#1"},"south":{"uv":[11.3,12.4,10.8,13.1],"texture":"#1"},"west":{"uv":[8,12.8,7.6,13.5],"texture":"#1"},"up":{"uv":[13.7,13.2,13.2,13.6],"texture":"#1"},"down":{"uv":[4.1,14,3.6,13.6],"texture":"#1"}}},{"from":[7.5,-1.72164,8.77668],"to":[8.5,-0.47164,10.02668],"rotation":{"angle":45,"axis":"x","origin":[8,-0.57273,9.65474]},"faces":{"east":{"uv":[13.3,10.8,12.8,11.3],"texture":"#1"},"south":{"uv":[11.2,13.6,10.8,14.1],"texture":"#1"},"west":{"uv":[13.7,1.2,13.2,1.7],"texture":"#1"},"up":{"uv":[12,13.6,11.6,14.1],"texture":"#1"},"down":{"uv":[12.8,14.1,12.4,13.6],"texture":"#1"}}},{"from":[7.625,-1.24603,8.75184],"to":[8.375,0.00397,10.50184],"rotation":{"angle":-22.5,"axis":"x","origin":[8,-0.55853,9.93934]},"faces":{"east":{"uv":[0.7,12.8,0,13.3],"texture":"#1"},"south":{"uv":[8.3,14,8,14.5],"texture":"#1"},"west":{"uv":[13.5,0,12.8,0.5],"texture":"#1"},"up":{"uv":[13.5,9.6,13.2,10.3],"texture":"#1"},"down":{"uv":[13.5,12.7,13.2,12],"texture":"#1"}}},{"from":[7.995,-3.49603,9.00184],"to":[8.005,1.00397,11.00184],"rotation":{"angle":0,"axis":"y","origin":[8,-0.80853,9.93934]},"faces":{"east":{"uv":[4,2.4,4.8,4.2],"texture":"#1"},"west":{"uv":[4.8,2.4,4,4.2],"texture":"#1"}}},{"from":[7.25,7.68198,7.25],"to":[8.75,12.68198,8.75],"rotation":{"angle":45,"axis":"y","origin":[8,8.43198,8]},"faces":{"north":{"uv":[1.6,6.4,2.2,8.4],"texture":"#1"},"east":{"uv":[2.8,6.4,3.4,8.4],"texture":"#1"},"south":{"uv":[4,6.4,4.6,8.4],"texture":"#1"},"west":{"uv":[7.2,2,7.8,4],"texture":"#1"},"up":{"uv":[12.6,9,12,8.4],"texture":"#1"},"down":{"uv":[12.6,9.6,12,10.2],"texture":"#1"}}},{"from":[7.225,7.68198,7.225],"to":[8.775,12.68198,8.775],"rotation":{"angle":45,"axis":"y","origin":[8,10.18198,8]},"faces":{"north":{"uv":[0,0,2,6.66667],"texture":"#3"},"east":{"uv":[2.66667,0,4.66667,6.66667],"texture":"#3"},"south":{"uv":[5.33333,0,7.33333,6.66667],"texture":"#3"},"west":{"uv":[8,0,10,6.66667],"texture":"#3"}}},{"from":[7.5,10.5,5],"to":[8.5,13.5,8],"rotation":{"angle":-45,"axis":"x","origin":[7.5,10.5,4]},"faces":{"north":{"uv":[4,10.4,4.4,11.6],"texture":"#1"},"east":{"uv":[4,4.8,5.2,6],"texture":"#1"},"south":{"uv":[10.4,9.6,10.8,10.8],"texture":"#1"},"west":{"uv":[5.2,2.4,6.4,3.6],"texture":"#1"},"up":{"uv":[7.2,12,6.8,10.8],"texture":"#1"},"down":{"uv":[9.6,10.8,9.2,12],"texture":"#1"}}},{"from":[7.5085,13.32843,2.58579],"to":[8.4915,17.32843,4.83579],"rotation":{"angle":22.5,"axis":"x","origin":[7.5085,13.32843,2.58579]},"faces":{"north":{"uv":[6,9.6,6.4,11.2],"texture":"#1"},"east":{"uv":[5.6,4,6.5,5.6],"texture":"#1"},"south":{"uv":[2.4,10.4,2.8,12],"texture":"#1"},"west":{"uv":[6,0,6.9,1.6],"texture":"#1"},"up":{"uv":[4.4,12.9,4,12],"texture":"#1"}}},{"from":[7.5035,10.32843,2.58579],"to":[8.4965,13.32843,4.83579],"rotation":{"angle":-22.5,"axis":"x","origin":[7.5035,13.32843,2.58579]},"faces":{"north":{"uv":[0,11.2,0.4,12.4],"texture":"#1"},"east":{"uv":[7.6,0,8.5,1.2],"texture":"#1"},"south":{"uv":[11.2,1.2,11.6,2.4],"texture":"#1"},"west":{"uv":[7.2,7.6,8.1,8.8],"texture":"#1"},"down":{"uv":[12.4,10.8,12,11.7],"texture":"#1"}}},{"from":[7.99,7.74866,1.94159],"to":[8.01,13.49866,5.94159],"rotation":{"angle":-22.5,"axis":"x","origin":[7.99,8.74866,1.44159]},"faces":{"east":{"uv":[1.6,3.6,0,5.9],"texture":"#1"},"west":{"uv":[0,3.6,1.6,5.9],"texture":"#1"}}},{"from":[7.995,5.29685,2.28173],"to":[8.005,9.54685,5.98173],"rotation":{"angle":0,"axis":"x","origin":[7.995,4.79685,1.48173]},"faces":{"east":{"uv":[5.6,0,4,1.7],"texture":"#1"},"west":{"uv":[4,0,5.6,1.7],"texture":"#1"}}},{"from":[7.985,12.47795,0.86145],"to":[8.015,19.72795,4.86145],"rotation":{"angle":22.5,"axis":"x","origin":[7.985,14.85295,2.61145]},"faces":{"east":{"uv":[1.6,0,0,2.9],"texture":"#1"},"west":{"uv":[0,0,1.6,2.9],"texture":"#1"}}},{"from":[6.875,10,7.65],"to":[9.125,13,9.15],"rotation":{"angle":22.5,"axis":"x","origin":[-0.125,10,15.4]},"faces":{"north":{"uv":[8.4,1.6,9.3,2.8],"texture":"#1"},"east":{"uv":[4.8,9.6,5.4,10.8],"texture":"#1"},"south":{"uv":[1.6,8.8,2.5,10],"texture":"#1"},"west":{"uv":[8,9.6,8.6,10.8],"texture":"#1"},"up":{"uv":[11.3,7.8,10.4,7.2],"texture":"#1"},"down":{"uv":[11.3,8.4,10.4,9],"texture":"#1"}}},{"from":[7.5,10.5,8],"to":[8.5,13,10.5],"rotation":{"angle":45,"axis":"x","origin":[7.5,10.5,12]},"faces":{"north":{"uv":[7.6,11.2,8,12.2],"texture":"#1"},"east":{"uv":[3.2,8.8,4.2,9.8],"texture":"#1"},"south":{"uv":[8.4,11.2,8.8,12.2],"texture":"#1"},"west":{"uv":[8.8,3.2,9.8,4.2],"texture":"#1"},"up":{"uv":[11.6,10.6,11.2,9.6],"texture":"#1"},"down":{"uv":[10.4,11.2,10,12.2],"texture":"#1"}}},{"from":[7.475,10.5,5],"to":[7.475,13.5,8],"rotation":{"angle":-45,"axis":"x","origin":[7.475,10.5,4]},"faces":{"west":{"uv":[0,0,6,6],"texture":"#2"}}},{"from":[7.475,10.5,8],"to":[7.475,13,10.5],"rotation":{"angle":45,"axis":"x","origin":[7.475,10.5,12]},"faces":{"west":{"uv":[5,8.5,0,13.5],"texture":"#2"}}},{"from":[8.525,10.5,5],"to":[8.525,13.5,8],"rotation":{"angle":-45,"axis":"x","origin":[8.525,10.5,4]},"faces":{"east":{"uv":[6,0,0,6],"texture":"#2"}}},{"from":[8.525,10.5,8],"to":[8.525,13,10.5],"rotation":{"angle":45,"axis":"x","origin":[8.525,10.5,12]},"faces":{"east":{"uv":[0,8.5,5,13.5],"texture":"#2"}}},{"from":[7.5085,13.32843,10.45711],"to":[8.4915,17.32843,12.70711],"rotation":{"angle":-22.5,"axis":"x","origin":[7.5085,13.32843,12.70711]},"faces":{"north":{"uv":[10.4,2.8,10.8,4.4],"texture":"#1"},"east":{"uv":[5.6,6,6.5,7.6],"texture":"#1"},"south":{"uv":[3.2,10.4,3.6,12],"texture":"#1"},"west":{"uv":[0,6.4,0.9,8],"texture":"#1"},"up":{"uv":[3.2,13.3,2.8,12.4],"texture":"#1"}}},{"from":[7.5035,10.32843,10.45711],"to":[8.4965,13.32843,12.70711],"rotation":{"angle":22.5,"axis":"x","origin":[7.5035,13.32843,12.70711]},"faces":{"north":{"uv":[11.2,2.8,11.6,4],"texture":"#1"},"east":{"uv":[5.2,8,6.1,9.2],"texture":"#1"},"south":{"uv":[4.8,11.2,5.2,12.4],"texture":"#1"},"west":{"uv":[0,8.4,0.9,9.6],"texture":"#1"},"down":{"uv":[2.4,12.4,2,13.3],"texture":"#1"}}},{"from":[7.99,7.74866,9.75841],"to":[8.01,13.49866,13.05841],"rotation":{"angle":22.5,"axis":"x","origin":[7.99,8.74866,13.55841]},"faces":{"east":{"uv":[3.4,3.6,2,5.9],"texture":"#1"},"west":{"uv":[2,3.6,3.4,5.9],"texture":"#1"}}},{"from":[7.985,12.47795,10.63855],"to":[8.015,19.72795,14.13855],"rotation":{"angle":-22.5,"axis":"x","origin":[7.985,14.85295,12.38855]},"faces":{"east":{"uv":[3.4,0,2,2.9],"texture":"#1"},"west":{"uv":[2,0,3.4,2.9],"texture":"#1"}}},{"from":[7.2351,5,0.5],"to":[7.2651,20,5.5],"rotation":{"angle":0,"axis":"y","origin":[7.2351,5,0.5]},"faces":{"east":{"uv":[14,0,9,15],"texture":"#4"},"west":{"uv":[9,0,14,15],"texture":"#4"}}},{"from":[9.14851,5,-1.1194],"to":[9.17851,20,0.8806],"rotation":{"angle":-22.5,"axis":"y","origin":[9.14851,5,-4.1194]},"faces":{"east":{"uv":[9,0,7,15],"texture":"#4"},"west":{"uv":[7,0,9,15],"texture":"#4"}}},{"from":[8.73583,5,0.5],"to":[8.76583,20,5.5],"rotation":{"angle":0,"axis":"y","origin":[8.73583,5,0.5]},"faces":{"east":{"uv":[0,0,5,15],"texture":"#4"},"west":{"uv":[5,0,0,15],"texture":"#4"}}},{"from":[6.8247,5,-1.10792],"to":[6.8547,20,0.89208],"rotation":{"angle":22.5,"axis":"y","origin":[6.8247,5,-4.10792]},"faces":{"east":{"uv":[5,0,7,15],"texture":"#4"},"west":{"uv":[7,0,5,15],"texture":"#4"}}}],"gui_light":"front","display":{"thirdperson_righthand":{"translation":[0,1.5,1]},"thirdperson_lefthand":{"translation":[0,1,1]},"firstperson_righthand":{"rotation":[6.75,0,0],"translation":[2,1.75,0],"scale":[0.7,0.7,0.7]},"firstperson_lefthand":{"rotation":[6.75,0,0],"translation":[2,1.75,0],"scale":[0.7,0.7,0.7]},"ground":{"rotation":[-45,0,0],"translation":[0,3,0],"scale":[0.7,0.7,0.7]},"gui":{"rotation":[-90,45,90],"translation":[0.5,-0.5,0],"scale":[0.7,0.7,0.7]},"head":{"rotation":[0,-90,0]},"fixed":{"rotation":[0,-90,0],"translation":[0,0,-1.75],"scale":[2,2,2]}}}