{
    "credit": "Pologony Creation Co.,Ltd.",
    "textures": {
        "2": "darkwitherset:animations/soul_animation_3",
        "5": "darkwitherset:bow"
    },
    "elements": [
        {
            "from": [
                6.625,
                14.5,
                5.25
            ],
            "to": [
                9.375,
                17.25,
                8
            ],
            "rotation": {
                "angle": 22.5,
                "axis": "x",
                "origin": [
                    8,
                    15.0625,
                    6
                ]
            },
            "faces": {
                "north": {
                    "uv": [
                        2.7,
                        9.2,
                        1.6,
                        10.3
                    ],
                    "texture": "#5"
                },
                "east": {
                    "uv": [
                        1.1,
                        9.2,
                        0,
                        10.3
                    ],
                    "texture": "#5"
                },
                "south": {
                    "uv": [
                        9.5,
                        8.4,
                        8.4,
                        9.5
                    ],
                    "texture": "#5"
                },
                "west": {
                    "uv": [
                        4.3,
                        9.2,
                        3.2,
                        10.3
                    ],
                    "texture": "#5"
                },
                "up": {
                    "uv": [
                        5.9,
                        9.2,
                        4.8,
                        10.3
                    ],
                    "texture": "#5"
                },
                "down": {
                    "uv": [
                        7.5,
                        10.3,
                        6.4,
                        9.2
                    ],
                    "texture": "#5"
                }
            }
        },
        {
            "from": [
                7.125,
                14,
                5.25
            ],
            "to": [
                8.875,
                14.5,
                5.5
            ],
            "rotation": {
                "angle": 22.5,
                "axis": "x",
                "origin": [
                    8,
                    15.0625,
                    6
                ]
            },
            "faces": {
                "north": {
                    "uv": [
                        15.1,
                        10.4,
                        14.4,
                        10.6
                    ],
                    "texture": "#5"
                },
                "east": {
                    "uv": [
                        15.3,
                        1.6,
                        15.2,
                        1.8
                    ],
                    "texture": "#5"
                },
                "south": {
                    "uv": [
                        15.1,
                        8.4,
                        14.4,
                        8.6
                    ],
                    "texture": "#5"
                },
                "west": {
                    "uv": [
                        2.5,
                        15.2,
                        2.4,
                        15.4
                    ],
                    "texture": "#5"
                },
                "down": {
                    "uv": [
                        15.5,
                        12.1,
                        14.8,
                        12
                    ],
                    "texture": "#5"
                }
            }
        },
        {
            "from": [
                5.175,
                13,
                7
            ],
            "to": [
                6.425,
                13.5,
                7.25
            ],
            "rotation": {
                "angle": 22.5,
                "axis": "y",
                "origin": [
                    5.8,
                    13.9375,
                    7.625
                ]
            },
            "faces": {
                "north": {
                    "uv": [
                        15.3,
                        11.2,
                        14.8,
                        11.4
                    ],
                    "texture": "#5"
                },
                "east": {
                    "uv": [
                        15.3,
                        5.6,
                        15.2,
                        5.8
                    ],
                    "texture": "#5"
                },
                "south": {
                    "uv": [
                        10.9,
                        14.8,
                        10.4,
                        15
                    ],
                    "texture": "#5"
                },
                "west": {
                    "uv": [
                        7.3,
                        15.2,
                        7.2,
                        15.4
                    ],
                    "texture": "#5"
                },
                "down": {
                    "uv": [
                        15.7,
                        0.9,
                        15.2,
                        0.8
                    ],
                    "texture": "#5"
                }
            }
        },
        {
            "from": [
                4.675,
                13.5,
                7
            ],
            "to": [
                6.925,
                15.75,
                9.25
            ],
            "rotation": {
                "angle": 22.5,
                "axis": "y",
                "origin": [
                    5.8,
                    13.9375,
                    7.625
                ]
            },
            "faces": {
                "north": {
                    "uv": [
                        10.9,
                        7.6,
                        10,
                        8.5
                    ],
                    "texture": "#5"
                },
                "east": {
                    "uv": [
                        10.9,
                        3.2,
                        10,
                        4.1
                    ],
                    "texture": "#5"
                },
                "south": {
                    "uv": [
                        10.9,
                        1.6,
                        10,
                        2.5
                    ],
                    "texture": "#5"
                },
                "west": {
                    "uv": [
                        8.9,
                        10,
                        8,
                        10.9
                    ],
                    "texture": "#5"
                },
                "up": {
                    "uv": [
                        10.9,
                        9.2,
                        10,
                        10.1
                    ],
                    "texture": "#5"
                },
                "down": {
                    "uv": [
                        0.9,
                        11.7,
                        0,
                        10.8
                    ],
                    "texture": "#5"
                }
            }
        },
        {
            "from": [
                9.075,
                13.5,
                7
            ],
            "to": [
                11.325,
                15.75,
                9.25
            ],
            "rotation": {
                "angle": -22.5,
                "axis": "y",
                "origin": [
                    10.2,
                    13.9375,
                    7.625
                ]
            },
            "faces": {
                "north": {
                    "uv": [
                        10,
                        7.6,
                        10.9,
                        8.5
                    ],
                    "texture": "#5"
                },
                "east": {
                    "uv": [
                        8,
                        10,
                        8.9,
                        10.9
                    ],
                    "texture": "#5"
                },
                "south": {
                    "uv": [
                        10,
                        1.6,
                        10.9,
                        2.5
                    ],
                    "texture": "#5"
                },
                "west": {
                    "uv": [
                        10,
                        3.2,
                        10.9,
                        4.1
                    ],
                    "texture": "#5"
                },
                "up": {
                    "uv": [
                        10,
                        9.2,
                        10.9,
                        10.1
                    ],
                    "texture": "#5"
                },
                "down": {
                    "uv": [
                        0,
                        11.7,
                        0.9,
                        10.8
                    ],
                    "texture": "#5"
                }
            }
        },
        {
            "from": [
                9.575,
                13,
                7
            ],
            "to": [
                10.825,
                13.5,
                7.25
            ],
            "rotation": {
                "angle": -22.5,
                "axis": "y",
                "origin": [
                    10.2,
                    13.9375,
                    7.625
                ]
            },
            "faces": {
                "north": {
                    "uv": [
                        14.8,
                        11.2,
                        15.3,
                        11.4
                    ],
                    "texture": "#5"
                },
                "east": {
                    "uv": [
                        7.2,
                        15.2,
                        7.3,
                        15.4
                    ],
                    "texture": "#5"
                },
                "south": {
                    "uv": [
                        10.4,
                        14.8,
                        10.9,
                        15
                    ],
                    "texture": "#5"
                },
                "west": {
                    "uv": [
                        15.2,
                        5.6,
                        15.3,
                        5.8
                    ],
                    "texture": "#5"
                },
                "down": {
                    "uv": [
                        15.2,
                        0.9,
                        15.7,
                        0.8
                    ],
                    "texture": "#5"
                }
            }
        },
        {
            "from": [
                7.25,
                10.75,
                7.25
            ],
            "to": [
                8.75,
                11.25,
                8.75
            ],
            "rotation": {
                "angle": 0,
                "axis": "y",
                "origin": [
                    7.5,
                    5.75,
                    7.5
                ]
            },
            "faces": {
                "north": {
                    "uv": [
                        14.8,
                        3.2,
                        15.4,
                        3.4
                    ],
                    "texture": "#5"
                },
                "east": {
                    "uv": [
                        14.8,
                        4,
                        15.4,
                        4.2
                    ],
                    "texture": "#5"
                },
                "south": {
                    "uv": [
                        14.8,
                        4.8,
                        15.4,
                        5
                    ],
                    "texture": "#5"
                },
                "west": {
                    "uv": [
                        6,
                        14.8,
                        6.6,
                        15
                    ],
                    "texture": "#5"
                },
                "down": {
                    "uv": [
                        13.4,
                        0,
                        12.8,
                        0.6
                    ],
                    "texture": "#5"
                }
            }
        },
        {
            "from": [
                7.5,
                5.25,
                7.5
            ],
            "to": [
                8.5,
                6.75,
                8.5
            ],
            "rotation": {
                "angle": 0,
                "axis": "y",
                "origin": [
                    7.5,
                    5.25,
                    7.5
                ]
            },
            "faces": {
                "north": {
                    "uv": [
                        6,
                        13.6,
                        6.4,
                        14.2
                    ],
                    "texture": "#5"
                },
                "east": {
                    "uv": [
                        13.6,
                        6,
                        14,
                        6.6
                    ],
                    "texture": "#5"
                },
                "south": {
                    "uv": [
                        6.8,
                        13.6,
                        7.2,
                        14.2
                    ],
                    "texture": "#5"
                },
                "west": {
                    "uv": [
                        9.2,
                        13.6,
                        9.6,
                        14.2
                    ],
                    "texture": "#5"
                },
                "up": {
                    "uv": [
                        14.8,
                        6.4,
                        14.4,
                        6
                    ],
                    "texture": "#5"
                }
            }
        },
        {
            "from": [
                7.5,
                9.25,
                7.5
            ],
            "to": [
                8.5,
                10.75,
                8.5
            ],
            "rotation": {
                "angle": 0,
                "axis": "y",
                "origin": [
                    7.5,
                    9.25,
                    7.5
                ]
            },
            "faces": {
                "north": {
                    "uv": [
                        13.6,
                        13.2,
                        14,
                        13.8
                    ],
                    "texture": "#5"
                },
                "east": {
                    "uv": [
                        14,
                        0,
                        14.4,
                        0.6
                    ],
                    "texture": "#5"
                },
                "south": {
                    "uv": [
                        14,
                        7.2,
                        14.4,
                        7.8
                    ],
                    "texture": "#5"
                },
                "west": {
                    "uv": [
                        14,
                        9.2,
                        14.4,
                        9.8
                    ],
                    "texture": "#5"
                },
                "down": {
                    "uv": [
                        8,
                        14.4,
                        7.6,
                        14.8
                    ],
                    "texture": "#5"
                }
            }
        },
        {
            "from": [
                7.625,
                6.75,
                7.625
            ],
            "to": [
                8.375,
                9.25,
                8.375
            ],
            "rotation": {
                "angle": 0,
                "axis": "y",
                "origin": [
                    7.625,
                    7.75,
                    7.375
                ]
            },
            "faces": {
                "north": {
                    "uv": [
                        8.4,
                        12.8,
                        8.7,
                        13.8
                    ],
                    "texture": "#5"
                },
                "east": {
                    "uv": [
                        13.2,
                        11.6,
                        13.5,
                        12.6
                    ],
                    "texture": "#5"
                },
                "south": {
                    "uv": [
                        12.8,
                        13.2,
                        13.1,
                        14.2
                    ],
                    "texture": "#5"
                },
                "west": {
                    "uv": [
                        0,
                        13.6,
                        0.3,
                        14.6
                    ],
                    "texture": "#5"
                }
            }
        },
        {
            "from": [
                7,
                11.18198,
                7
            ],
            "to": [
                9,
                13.18198,
                9
            ],
            "rotation": {
                "angle": 0,
                "axis": "y",
                "origin": [
                    7,
                    11.18198,
                    7
                ]
            },
            "faces": {
                "east": {
                    "uv": [
                        10.8,
                        10.8,
                        11.6,
                        11.6
                    ],
                    "texture": "#5"
                },
                "south": {
                    "uv": [
                        11.2,
                        6,
                        12,
                        6.8
                    ],
                    "texture": "#5"
                },
                "west": {
                    "uv": [
                        11.6,
                        0,
                        12.4,
                        0.8
                    ],
                    "texture": "#5"
                },
                "down": {
                    "uv": [
                        12.4,
                        1.2,
                        11.6,
                        2
                    ],
                    "texture": "#5"
                }
            }
        },
        {
            "from": [
                6.875,
                8.5,
                6.85
            ],
            "to": [
                9.125,
                11.5,
                8.35
            ],
            "rotation": {
                "angle": -22.5,
                "axis": "x",
                "origin": [
                    -0.125,
                    8.5,
                    0.6
                ]
            },
            "faces": {
                "north": {
                    "uv": [
                        9.6,
                        6,
                        10.5,
                        7.2
                    ],
                    "texture": "#5"
                },
                "east": {
                    "uv": [
                        6.4,
                        10.8,
                        7,
                        12
                    ],
                    "texture": "#5"
                },
                "south": {
                    "uv": [
                        10,
                        0,
                        10.9,
                        1.2
                    ],
                    "texture": "#5"
                },
                "west": {
                    "uv": [
                        9.6,
                        10.8,
                        10.2,
                        12
                    ],
                    "texture": "#5"
                },
                "up": {
                    "uv": [
                        8.5,
                        12.2,
                        7.6,
                        11.6
                    ],
                    "texture": "#5"
                },
                "down": {
                    "uv": [
                        12.5,
                        8.4,
                        11.6,
                        9
                    ],
                    "texture": "#5"
                }
            }
        },
        {
            "from": [
                6.75,
                11.5,
                8.5
            ],
            "to": [
                9.25,
                13.5,
                10.5
            ],
            "rotation": {
                "angle": -45,
                "axis": "x",
                "origin": [
                    7,
                    11,
                    8
                ]
            },
            "faces": {
                "north": {
                    "uv": [
                        10,
                        4.8,
                        11,
                        5.6
                    ],
                    "texture": "#5"
                },
                "east": {
                    "uv": [
                        11.6,
                        2.4,
                        12.4,
                        3.2
                    ],
                    "texture": "#5"
                },
                "south": {
                    "uv": [
                        1.6,
                        10.8,
                        2.6,
                        11.6
                    ],
                    "texture": "#5"
                },
                "west": {
                    "uv": [
                        11.6,
                        3.6,
                        12.4,
                        4.4
                    ],
                    "texture": "#5"
                },
                "up": {
                    "uv": [
                        4.2,
                        11.6,
                        3.2,
                        10.8
                    ],
                    "texture": "#5"
                },
                "down": {
                    "uv": [
                        5.8,
                        10.8,
                        4.8,
                        11.6
                    ],
                    "texture": "#5"
                }
            }
        },
        {
            "from": [
                7.375,
                10.69596,
                5.56612
            ],
            "to": [
                8.625,
                12.44596,
                6.56612
            ],
            "rotation": {
                "angle": -45,
                "axis": "x",
                "origin": [
                    8,
                    11.46841,
                    5.23072
                ]
            },
            "faces": {
                "north": {
                    "uv": [
                        1.2,
                        13.2,
                        1.7,
                        13.9
                    ],
                    "texture": "#5"
                },
                "east": {
                    "uv": [
                        13.6,
                        1.2,
                        14,
                        1.9
                    ],
                    "texture": "#5"
                },
                "south": {
                    "uv": [
                        2.4,
                        13.2,
                        2.9,
                        13.9
                    ],
                    "texture": "#5"
                },
                "west": {
                    "uv": [
                        13.6,
                        2.4,
                        14,
                        3.1
                    ],
                    "texture": "#5"
                },
                "up": {
                    "uv": [
                        2.9,
                        14.8,
                        2.4,
                        14.4
                    ],
                    "texture": "#5"
                },
                "down": {
                    "uv": [
                        14.9,
                        2.4,
                        14.4,
                        2.8
                    ],
                    "texture": "#5"
                }
            }
        },
        {
            "from": [
                7.5,
                11.00695,
                4.67403
            ],
            "to": [
                8.5,
                12.25695,
                5.92403
            ],
            "rotation": {
                "angle": 22.5,
                "axis": "x",
                "origin": [
                    8,
                    11.46841,
                    5.23072
                ]
            },
            "faces": {
                "north": {
                    "uv": [
                        3.6,
                        14.4,
                        4,
                        14.9
                    ],
                    "texture": "#5"
                },
                "east": {
                    "uv": [
                        13.6,
                        3.6,
                        14.1,
                        4.1
                    ],
                    "texture": "#5"
                },
                "south": {
                    "uv": [
                        4.4,
                        14.4,
                        4.8,
                        14.9
                    ],
                    "texture": "#5"
                },
                "west": {
                    "uv": [
                        13.6,
                        4.8,
                        14.1,
                        5.3
                    ],
                    "texture": "#5"
                },
                "down": {
                    "uv": [
                        5.6,
                        14.4,
                        5.2,
                        14.9
                    ],
                    "texture": "#5"
                }
            }
        },
        {
            "from": [
                7.625,
                10.77676,
                3.94467
            ],
            "to": [
                8.375,
                12.02676,
                5.69467
            ],
            "rotation": {
                "angle": 0,
                "axis": "y",
                "origin": [
                    8,
                    11.46841,
                    5.23072
                ]
            },
            "faces": {
                "north": {
                    "uv": [
                        8.4,
                        14.4,
                        8.7,
                        14.9
                    ],
                    "texture": "#5"
                },
                "east": {
                    "uv": [
                        3.6,
                        13.2,
                        4.3,
                        13.7
                    ],
                    "texture": "#5"
                },
                "west": {
                    "uv": [
                        4.8,
                        13.2,
                        5.5,
                        13.7
                    ],
                    "texture": "#5"
                },
                "up": {
                    "uv": [
                        14.7,
                        1.9,
                        14.4,
                        1.2
                    ],
                    "texture": "#5"
                },
                "down": {
                    "uv": [
                        1.9,
                        14.4,
                        1.6,
                        15.1
                    ],
                    "texture": "#5"
                }
            }
        },
        {
            "from": [
                7.995,
                10.04603,
                3.42316
            ],
            "to": [
                8.005,
                14.54603,
                5.42316
            ],
            "rotation": {
                "angle": -22.5,
                "axis": "x",
                "origin": [
                    8,
                    11.88159,
                    5.15572
                ]
            },
            "faces": {
                "east": {
                    "uv": [
                        9.2,
                        6,
                        8.4,
                        7.8
                    ],
                    "texture": "#5"
                },
                "west": {
                    "uv": [
                        8.4,
                        6,
                        9.2,
                        7.8
                    ],
                    "texture": "#5"
                }
            }
        },
        {
            "from": [
                7,
                12.87132,
                8.75
            ],
            "to": [
                9,
                13.87132,
                10.75
            ],
            "rotation": {
                "angle": 22.5,
                "axis": "x",
                "origin": [
                    8,
                    17.26596,
                    10.70328
                ]
            },
            "faces": {
                "north": {
                    "uv": [
                        13.2,
                        8.4,
                        14,
                        8.8
                    ],
                    "texture": "#5"
                },
                "east": {
                    "uv": [
                        10.4,
                        13.2,
                        11.2,
                        13.6
                    ],
                    "texture": "#5"
                },
                "south": {
                    "uv": [
                        13.2,
                        10.8,
                        14,
                        11.2
                    ],
                    "texture": "#5"
                },
                "west": {
                    "uv": [
                        11.6,
                        13.2,
                        12.4,
                        13.6
                    ],
                    "texture": "#5"
                },
                "up": {
                    "uv": [
                        12.4,
                        5.6,
                        11.6,
                        4.8
                    ],
                    "texture": "#5"
                },
                "down": {
                    "uv": [
                        12.4,
                        7.2,
                        11.6,
                        8
                    ],
                    "texture": "#5"
                }
            }
        },
        {
            "from": [
                7.125,
                15.85177,
                8.47329
            ],
            "to": [
                8.875,
                16.35177,
                10.22329
            ],
            "rotation": {
                "angle": 22.5,
                "axis": "x",
                "origin": [
                    8,
                    16.24641,
                    10.30157
                ]
            },
            "faces": {
                "north": {
                    "uv": [
                        14.4,
                        12.8,
                        15.1,
                        13
                    ],
                    "texture": "#5"
                },
                "east": {
                    "uv": [
                        13.6,
                        14.4,
                        14.3,
                        14.6
                    ],
                    "texture": "#5"
                },
                "south": {
                    "uv": [
                        14.4,
                        13.6,
                        15.1,
                        13.8
                    ],
                    "texture": "#5"
                },
                "west": {
                    "uv": [
                        14.8,
                        0,
                        15.5,
                        0.2
                    ],
                    "texture": "#5"
                },
                "up": {
                    "uv": [
                        12.7,
                        11.5,
                        12,
                        10.8
                    ],
                    "texture": "#5"
                },
                "down": {
                    "uv": [
                        12.7,
                        12,
                        12,
                        12.7
                    ],
                    "texture": "#5"
                }
            }
        },
        {
            "from": [
                7.25,
                17.90094,
                8.64523
            ],
            "to": [
                8.75,
                18.40094,
                10.14523
            ],
            "rotation": {
                "angle": 45,
                "axis": "x",
                "origin": [
                    8,
                    16.24641,
                    10.30157
                ]
            },
            "faces": {
                "north": {
                    "uv": [
                        14.8,
                        6.8,
                        15.4,
                        7
                    ],
                    "texture": "#5"
                },
                "east": {
                    "uv": [
                        14.8,
                        7.6,
                        15.4,
                        7.8
                    ],
                    "texture": "#5"
                },
                "south": {
                    "uv": [
                        9.2,
                        14.8,
                        9.8,
                        15
                    ],
                    "texture": "#5"
                },
                "west": {
                    "uv": [
                        14.8,
                        9.2,
                        15.4,
                        9.4
                    ],
                    "texture": "#5"
                },
                "up": {
                    "uv": [
                        13.4,
                        7.8,
                        12.8,
                        7.2
                    ],
                    "texture": "#5"
                },
                "down": {
                    "uv": [
                        13.4,
                        9.6,
                        12.8,
                        10.2
                    ],
                    "texture": "#5"
                }
            }
        },
        {
            "from": [
                7.375,
                13.87132,
                9.125
            ],
            "to": [
                8.625,
                15.87132,
                10.375
            ],
            "rotation": {
                "angle": 22.5,
                "axis": "x",
                "origin": [
                    8,
                    17.26596,
                    10.70328
                ]
            },
            "faces": {
                "north": {
                    "uv": [
                        0,
                        12.4,
                        0.5,
                        13.2
                    ],
                    "texture": "#5"
                },
                "east": {
                    "uv": [
                        12.4,
                        6,
                        12.9,
                        6.8
                    ],
                    "texture": "#5"
                },
                "south": {
                    "uv": [
                        6.4,
                        12.4,
                        6.9,
                        13.2
                    ],
                    "texture": "#5"
                },
                "west": {
                    "uv": [
                        9.2,
                        12.4,
                        9.7,
                        13.2
                    ],
                    "texture": "#5"
                }
            }
        },
        {
            "from": [
                7.5,
                15.65094,
                8.89523
            ],
            "to": [
                8.5,
                17.90094,
                9.89523
            ],
            "rotation": {
                "angle": 45,
                "axis": "x",
                "origin": [
                    8,
                    16.24641,
                    10.30157
                ]
            },
            "faces": {
                "north": {
                    "uv": [
                        12.8,
                        1.2,
                        13.2,
                        2.1
                    ],
                    "texture": "#5"
                },
                "east": {
                    "uv": [
                        12.8,
                        2.8,
                        13.2,
                        3.7
                    ],
                    "texture": "#5"
                },
                "south": {
                    "uv": [
                        12.8,
                        4.4,
                        13.2,
                        5.3
                    ],
                    "texture": "#5"
                },
                "west": {
                    "uv": [
                        7.6,
                        12.8,
                        8,
                        13.7
                    ],
                    "texture": "#5"
                }
            }
        },
        {
            "from": [
                7.625,
                17.57449,
                11.70279
            ],
            "to": [
                8.375,
                18.32449,
                13.70279
            ],
            "rotation": {
                "angle": -22.5,
                "axis": "x",
                "origin": [
                    8,
                    16.24641,
                    10.30157
                ]
            },
            "faces": {
                "east": {
                    "uv": [
                        10,
                        14,
                        10.8,
                        14.3
                    ],
                    "texture": "#5"
                },
                "south": {
                    "uv": [
                        11.6,
                        14.8,
                        11.9,
                        15.1
                    ],
                    "texture": "#5"
                },
                "west": {
                    "uv": [
                        11.2,
                        14,
                        12,
                        14.3
                    ],
                    "texture": "#5"
                },
                "up": {
                    "uv": [
                        14.3,
                        12.4,
                        14,
                        11.6
                    ],
                    "texture": "#5"
                },
                "down": {
                    "uv": [
                        1.1,
                        14.4,
                        0.8,
                        15.2
                    ],
                    "texture": "#5"
                }
            }
        },
        {
            "from": [
                6.875,
                4.5,
                6.85
            ],
            "to": [
                9.125,
                7.5,
                8.35
            ],
            "rotation": {
                "angle": 22.5,
                "axis": "x",
                "origin": [
                    -0.125,
                    7.5,
                    0.6
                ]
            },
            "faces": {
                "north": {
                    "uv": [
                        9.6,
                        7.2,
                        10.5,
                        6
                    ],
                    "texture": "#5"
                },
                "east": {
                    "uv": [
                        6.4,
                        12,
                        7,
                        10.8
                    ],
                    "texture": "#5"
                },
                "south": {
                    "uv": [
                        10,
                        1.2,
                        10.9,
                        0
                    ],
                    "texture": "#5"
                },
                "west": {
                    "uv": [
                        9.6,
                        12,
                        10.2,
                        10.8
                    ],
                    "texture": "#5"
                },
                "up": {
                    "uv": [
                        12.5,
                        9,
                        11.6,
                        8.4
                    ],
                    "texture": "#5"
                },
                "down": {
                    "uv": [
                        8.5,
                        11.6,
                        7.6,
                        12.2
                    ],
                    "texture": "#5"
                }
            }
        },
        {
            "from": [
                7.375,
                3.55404,
                5.56612
            ],
            "to": [
                8.625,
                5.30404,
                6.56612
            ],
            "rotation": {
                "angle": 45,
                "axis": "x",
                "origin": [
                    8,
                    4.53159,
                    5.23072
                ]
            },
            "faces": {
                "north": {
                    "uv": [
                        1.2,
                        13.9,
                        1.7,
                        13.2
                    ],
                    "texture": "#5"
                },
                "east": {
                    "uv": [
                        13.6,
                        1.9,
                        14,
                        1.2
                    ],
                    "texture": "#5"
                },
                "south": {
                    "uv": [
                        2.4,
                        13.9,
                        2.9,
                        13.2
                    ],
                    "texture": "#5"
                },
                "west": {
                    "uv": [
                        13.6,
                        3.1,
                        14,
                        2.4
                    ],
                    "texture": "#5"
                },
                "up": {
                    "uv": [
                        14.9,
                        2.8,
                        14.4,
                        2.4
                    ],
                    "texture": "#5"
                },
                "down": {
                    "uv": [
                        2.9,
                        14.4,
                        2.4,
                        14.8
                    ],
                    "texture": "#5"
                }
            }
        },
        {
            "from": [
                7.5,
                3.74305,
                4.67403
            ],
            "to": [
                8.5,
                4.99305,
                5.92403
            ],
            "rotation": {
                "angle": -22.5,
                "axis": "x",
                "origin": [
                    8,
                    4.53159,
                    5.23072
                ]
            },
            "faces": {
                "north": {
                    "uv": [
                        3.6,
                        14.9,
                        4,
                        14.4
                    ],
                    "texture": "#5"
                },
                "east": {
                    "uv": [
                        13.6,
                        4.1,
                        14.1,
                        3.6
                    ],
                    "texture": "#5"
                },
                "south": {
                    "uv": [
                        4.4,
                        14.9,
                        4.8,
                        14.4
                    ],
                    "texture": "#5"
                },
                "west": {
                    "uv": [
                        13.6,
                        5.3,
                        14.1,
                        4.8
                    ],
                    "texture": "#5"
                },
                "up": {
                    "uv": [
                        5.6,
                        14.9,
                        5.2,
                        14.4
                    ],
                    "texture": "#5"
                }
            }
        },
        {
            "from": [
                7.625,
                3.97324,
                3.94467
            ],
            "to": [
                8.375,
                5.22324,
                5.69467
            ],
            "rotation": {
                "angle": 0,
                "axis": "y",
                "origin": [
                    8,
                    4.53159,
                    5.23072
                ]
            },
            "faces": {
                "north": {
                    "uv": [
                        8.4,
                        14.9,
                        8.7,
                        14.4
                    ],
                    "texture": "#5"
                },
                "east": {
                    "uv": [
                        3.6,
                        13.7,
                        4.3,
                        13.2
                    ],
                    "texture": "#5"
                },
                "west": {
                    "uv": [
                        4.8,
                        13.7,
                        5.5,
                        13.2
                    ],
                    "texture": "#5"
                },
                "up": {
                    "uv": [
                        1.9,
                        15.1,
                        1.6,
                        14.4
                    ],
                    "texture": "#5"
                },
                "down": {
                    "uv": [
                        14.7,
                        1.2,
                        14.4,
                        1.9
                    ],
                    "texture": "#5"
                }
            }
        },
        {
            "from": [
                7.995,
                1.45397,
                3.42316
            ],
            "to": [
                8.005,
                5.95397,
                5.42316
            ],
            "rotation": {
                "angle": 22.5,
                "axis": "x",
                "origin": [
                    8,
                    4.11841,
                    5.15572
                ]
            },
            "faces": {
                "east": {
                    "uv": [
                        9.2,
                        7.8,
                        8.4,
                        6
                    ],
                    "texture": "#5"
                },
                "west": {
                    "uv": [
                        8.4,
                        7.8,
                        9.2,
                        6
                    ],
                    "texture": "#5"
                }
            }
        },
        {
            "from": [
                6.75,
                2.5,
                8.5
            ],
            "to": [
                9.25,
                4.5,
                10.5
            ],
            "rotation": {
                "angle": 45,
                "axis": "x",
                "origin": [
                    7,
                    5,
                    8
                ]
            },
            "faces": {
                "north": {
                    "uv": [
                        10,
                        5.6,
                        11,
                        4.8
                    ],
                    "texture": "#5"
                },
                "east": {
                    "uv": [
                        11.6,
                        3.2,
                        12.4,
                        2.4
                    ],
                    "texture": "#5"
                },
                "south": {
                    "uv": [
                        1.6,
                        11.6,
                        2.6,
                        10.8
                    ],
                    "texture": "#5"
                },
                "west": {
                    "uv": [
                        11.6,
                        4.4,
                        12.4,
                        3.6
                    ],
                    "texture": "#5"
                },
                "up": {
                    "uv": [
                        5.8,
                        11.6,
                        4.8,
                        10.8
                    ],
                    "texture": "#5"
                },
                "down": {
                    "uv": [
                        4.2,
                        10.8,
                        3.2,
                        11.6
                    ],
                    "texture": "#5"
                }
            }
        },
        {
            "from": [
                7,
                2.12868,
                8.75
            ],
            "to": [
                9,
                3.12868,
                10.75
            ],
            "rotation": {
                "angle": -22.5,
                "axis": "x",
                "origin": [
                    8,
                    -1.26596,
                    10.70328
                ]
            },
            "faces": {
                "north": {
                    "uv": [
                        13.2,
                        8.8,
                        14,
                        8.4
                    ],
                    "texture": "#5"
                },
                "east": {
                    "uv": [
                        10.4,
                        13.6,
                        11.2,
                        13.2
                    ],
                    "texture": "#5"
                },
                "south": {
                    "uv": [
                        13.2,
                        11.2,
                        14,
                        10.8
                    ],
                    "texture": "#5"
                },
                "west": {
                    "uv": [
                        11.6,
                        13.6,
                        12.4,
                        13.2
                    ],
                    "texture": "#5"
                },
                "up": {
                    "uv": [
                        12.4,
                        8,
                        11.6,
                        7.2
                    ],
                    "texture": "#5"
                },
                "down": {
                    "uv": [
                        12.4,
                        4.8,
                        11.6,
                        5.6
                    ],
                    "texture": "#5"
                }
            }
        },
        {
            "from": [
                7.375,
                0.12868,
                9.125
            ],
            "to": [
                8.625,
                2.12868,
                10.375
            ],
            "rotation": {
                "angle": -22.5,
                "axis": "x",
                "origin": [
                    8,
                    -1.26596,
                    10.70328
                ]
            },
            "faces": {
                "north": {
                    "uv": [
                        0,
                        13.2,
                        0.5,
                        12.4
                    ],
                    "texture": "#5"
                },
                "east": {
                    "uv": [
                        12.4,
                        6.8,
                        12.9,
                        6
                    ],
                    "texture": "#5"
                },
                "south": {
                    "uv": [
                        6.4,
                        13.2,
                        6.9,
                        12.4
                    ],
                    "texture": "#5"
                },
                "west": {
                    "uv": [
                        9.2,
                        13.2,
                        9.7,
                        12.4
                    ],
                    "texture": "#5"
                }
            }
        },
        {
            "from": [
                7.125,
                -0.35177,
                8.47329
            ],
            "to": [
                8.875,
                0.14823,
                10.22329
            ],
            "rotation": {
                "angle": -22.5,
                "axis": "x",
                "origin": [
                    8,
                    -0.24641,
                    10.30157
                ]
            },
            "faces": {
                "north": {
                    "uv": [
                        14.4,
                        13,
                        15.1,
                        12.8
                    ],
                    "texture": "#5"
                },
                "east": {
                    "uv": [
                        13.6,
                        14.6,
                        14.3,
                        14.4
                    ],
                    "texture": "#5"
                },
                "south": {
                    "uv": [
                        14.4,
                        13.8,
                        15.1,
                        13.6
                    ],
                    "texture": "#5"
                },
                "west": {
                    "uv": [
                        14.8,
                        0.2,
                        15.5,
                        0
                    ],
                    "texture": "#5"
                },
                "up": {
                    "uv": [
                        12.7,
                        12.7,
                        12,
                        12
                    ],
                    "texture": "#5"
                },
                "down": {
                    "uv": [
                        12.7,
                        10.8,
                        12,
                        11.5
                    ],
                    "texture": "#5"
                }
            }
        },
        {
            "from": [
                7.5,
                -1.90094,
                8.89523
            ],
            "to": [
                8.5,
                0.34906,
                9.89523
            ],
            "rotation": {
                "angle": -45,
                "axis": "x",
                "origin": [
                    8,
                    -0.24641,
                    10.30157
                ]
            },
            "faces": {
                "north": {
                    "uv": [
                        12.8,
                        2.1,
                        13.2,
                        1.2
                    ],
                    "texture": "#5"
                },
                "east": {
                    "uv": [
                        12.8,
                        3.7,
                        13.2,
                        2.8
                    ],
                    "texture": "#5"
                },
                "south": {
                    "uv": [
                        12.8,
                        5.3,
                        13.2,
                        4.4
                    ],
                    "texture": "#5"
                },
                "west": {
                    "uv": [
                        7.6,
                        13.7,
                        8,
                        12.8
                    ],
                    "texture": "#5"
                }
            }
        },
        {
            "from": [
                7.625,
                -2.32449,
                11.70279
            ],
            "to": [
                8.375,
                -1.57449,
                13.70279
            ],
            "rotation": {
                "angle": 22.5,
                "axis": "x",
                "origin": [
                    8,
                    -0.24641,
                    10.30157
                ]
            },
            "faces": {
                "east": {
                    "uv": [
                        10,
                        14.3,
                        10.8,
                        14
                    ],
                    "texture": "#5"
                },
                "south": {
                    "uv": [
                        11.6,
                        15.1,
                        11.9,
                        14.8
                    ],
                    "texture": "#5"
                },
                "west": {
                    "uv": [
                        11.2,
                        14.3,
                        12,
                        14
                    ],
                    "texture": "#5"
                },
                "up": {
                    "uv": [
                        1.1,
                        15.2,
                        0.8,
                        14.4
                    ],
                    "texture": "#5"
                },
                "down": {
                    "uv": [
                        14.3,
                        11.6,
                        14,
                        12.4
                    ],
                    "texture": "#5"
                }
            }
        },
        {
            "from": [
                7.25,
                -2.40094,
                8.64523
            ],
            "to": [
                8.75,
                -1.90094,
                10.14523
            ],
            "rotation": {
                "angle": -45,
                "axis": "x",
                "origin": [
                    8,
                    -0.24641,
                    10.30157
                ]
            },
            "faces": {
                "north": {
                    "uv": [
                        14.8,
                        7,
                        15.4,
                        6.8
                    ],
                    "texture": "#5"
                },
                "east": {
                    "uv": [
                        14.8,
                        7.8,
                        15.4,
                        7.6
                    ],
                    "texture": "#5"
                },
                "south": {
                    "uv": [
                        9.2,
                        15,
                        9.8,
                        14.8
                    ],
                    "texture": "#5"
                },
                "west": {
                    "uv": [
                        14.8,
                        9.4,
                        15.4,
                        9.2
                    ],
                    "texture": "#5"
                },
                "up": {
                    "uv": [
                        13.4,
                        10.2,
                        12.8,
                        9.6
                    ],
                    "texture": "#5"
                },
                "down": {
                    "uv": [
                        13.4,
                        7.2,
                        12.8,
                        7.8
                    ],
                    "texture": "#5"
                }
            }
        },
        {
            "from": [
                7,
                2.81802,
                7
            ],
            "to": [
                9,
                4.81802,
                9
            ],
            "rotation": {
                "angle": 0,
                "axis": "y",
                "origin": [
                    7,
                    4.81802,
                    7
                ]
            },
            "faces": {
                "east": {
                    "uv": [
                        10.8,
                        11.6,
                        11.6,
                        10.8
                    ],
                    "texture": "#5"
                },
                "south": {
                    "uv": [
                        11.2,
                        6.8,
                        12,
                        6
                    ],
                    "texture": "#5"
                },
                "west": {
                    "uv": [
                        11.6,
                        0.8,
                        12.4,
                        0
                    ],
                    "texture": "#5"
                },
                "up": {
                    "uv": [
                        12.4,
                        2,
                        11.6,
                        1.2
                    ],
                    "texture": "#5"
                }
            }
        },
        {
            "from": [
                7.25,
                4.75,
                7.25
            ],
            "to": [
                8.75,
                5.25,
                8.75
            ],
            "rotation": {
                "angle": 0,
                "axis": "y",
                "origin": [
                    7.5,
                    10.25,
                    7.5
                ]
            },
            "faces": {
                "north": {
                    "uv": [
                        14.8,
                        3.4,
                        15.4,
                        3.2
                    ],
                    "texture": "#5"
                },
                "east": {
                    "uv": [
                        14.8,
                        4.2,
                        15.4,
                        4
                    ],
                    "texture": "#5"
                },
                "south": {
                    "uv": [
                        14.8,
                        5,
                        15.4,
                        4.8
                    ],
                    "texture": "#5"
                },
                "west": {
                    "uv": [
                        6,
                        15,
                        6.6,
                        14.8
                    ],
                    "texture": "#5"
                },
                "up": {
                    "uv": [
                        13.4,
                        0.6,
                        12.8,
                        0
                    ],
                    "texture": "#5"
                }
            }
        },
        {
            "from": [
                6.5,
                14.51538,
                8.98111
            ],
            "to": [
                6.53,
                20.51538,
                11.98111
            ],
            "rotation": {
                "angle": 45,
                "axis": "x",
                "origin": [
                    8,
                    17.51538,
                    10.73061
                ]
            },
            "faces": {
                "east": {
                    "uv": [
                        12,
                        0,
                        9,
                        6
                    ],
                    "texture": "#2"
                },
                "west": {
                    "uv": [
                        9,
                        0,
                        12,
                        6
                    ],
                    "texture": "#2"
                }
            }
        },
        {
            "from": [
                6.5,
                14.51538,
                11.95111
            ],
            "to": [
                9.5,
                20.51538,
                11.98111
            ],
            "rotation": {
                "angle": 45,
                "axis": "x",
                "origin": [
                    8,
                    17.51538,
                    10.73061
                ]
            },
            "faces": {
                "north": {
                    "uv": [
                        3,
                        0,
                        0,
                        6
                    ],
                    "texture": "#2"
                },
                "south": {
                    "uv": [
                        0,
                        0,
                        3,
                        6
                    ],
                    "texture": "#2"
                }
            }
        },
        {
            "from": [
                9.47,
                14.51538,
                8.98011
            ],
            "to": [
                9.5,
                20.51538,
                11.98011
            ],
            "rotation": {
                "angle": 45,
                "axis": "x",
                "origin": [
                    8,
                    17.51538,
                    10.73061
                ]
            },
            "faces": {
                "east": {
                    "uv": [
                        3,
                        0,
                        6,
                        6
                    ],
                    "texture": "#2"
                },
                "west": {
                    "uv": [
                        6,
                        0,
                        3,
                        6
                    ],
                    "texture": "#2"
                }
            }
        },
        {
            "from": [
                6.5,
                14.51538,
                8.98011
            ],
            "to": [
                9.5,
                20.51538,
                9.01011
            ],
            "rotation": {
                "angle": 45,
                "axis": "x",
                "origin": [
                    8,
                    17.51538,
                    10.73061
                ]
            },
            "faces": {
                "north": {
                    "uv": [
                        6,
                        0,
                        9,
                        6
                    ],
                    "texture": "#2"
                },
                "south": {
                    "uv": [
                        9,
                        0,
                        6,
                        6
                    ],
                    "texture": "#2"
                }
            }
        },
        {
            "from": [
                6.5,
                -4.51538,
                8.98111
            ],
            "to": [
                6.53,
                1.48462,
                11.98111
            ],
            "rotation": {
                "angle": -45,
                "axis": "x",
                "origin": [
                    8,
                    -1.51538,
                    10.73061
                ]
            },
            "faces": {
                "east": {
                    "uv": [
                        12,
                        6,
                        9,
                        0
                    ],
                    "texture": "#2"
                },
                "west": {
                    "uv": [
                        9,
                        6,
                        12,
                        0
                    ],
                    "texture": "#2"
                }
            }
        },
        {
            "from": [
                9.47,
                -4.51538,
                8.98011
            ],
            "to": [
                9.5,
                1.48462,
                11.98011
            ],
            "rotation": {
                "angle": -45,
                "axis": "x",
                "origin": [
                    8,
                    -1.51538,
                    10.73061
                ]
            },
            "faces": {
                "east": {
                    "uv": [
                        3,
                        6,
                        6,
                        0
                    ],
                    "texture": "#2"
                },
                "west": {
                    "uv": [
                        6,
                        6,
                        3,
                        0
                    ],
                    "texture": "#2"
                }
            }
        },
        {
            "from": [
                6.5,
                -4.51538,
                8.98011
            ],
            "to": [
                9.5,
                1.48462,
                9.01011
            ],
            "rotation": {
                "angle": -45,
                "axis": "x",
                "origin": [
                    8,
                    -1.51538,
                    10.73061
                ]
            },
            "faces": {
                "north": {
                    "uv": [
                        6,
                        6,
                        9,
                        0
                    ],
                    "texture": "#2"
                },
                "south": {
                    "uv": [
                        9,
                        6,
                        6,
                        0
                    ],
                    "texture": "#2"
                }
            }
        },
        {
            "from": [
                6.5,
                -4.51538,
                11.95111
            ],
            "to": [
                9.5,
                1.48462,
                11.98111
            ],
            "rotation": {
                "angle": -45,
                "axis": "x",
                "origin": [
                    8,
                    -1.51538,
                    10.73061
                ]
            },
            "faces": {
                "north": {
                    "uv": [
                        3,
                        6,
                        0,
                        0
                    ],
                    "texture": "#2"
                },
                "south": {
                    "uv": [
                        0,
                        6,
                        3,
                        0
                    ],
                    "texture": "#2"
                }
            }
        },
        {
            "from": [
                7.995,
                -3,
                12.25
            ],
            "to": [
                8.005,
                19,
                18.25
            ],
            "rotation": {
                "angle": 0,
                "axis": "y",
                "origin": [
                    7.995,
                    0,
                    12.25
                ]
            },
            "faces": {
                "east": {
                    "uv": [
                        5.2,
                        0,
                        2.8,
                        8.8
                    ],
                    "texture": "#5"
                },
                "west": {
                    "uv": [
                        2.8,
                        0,
                        5.2,
                        8.8
                    ],
                    "texture": "#5"
                }
            }
        },
        {
            "from": [
                7.985,
                6.86,
                1.25
            ],
            "to": [
                8.015,
                9.11,
                15.25
            ],
            "rotation": {
                "angle": 0,
                "axis": "y",
                "origin": [
                    7.985,
                    7.985,
                    11
                ]
            },
            "faces": {
                "east": {
                    "uv": [
                        9.3,
                        5.6,
                        8.4,
                        0
                    ],
                    "rotation": 90,
                    "texture": "#5"
                },
                "west": {
                    "uv": [
                        9.3,
                        0,
                        8.4,
                        5.6
                    ],
                    "rotation": 90,
                    "texture": "#5"
                }
            }
        },
        {
            "from": [
                6.875,
                7.97,
                1.25
            ],
            "to": [
                9.125,
                8,
                15.25
            ],
            "rotation": {
                "angle": 0,
                "axis": "y",
                "origin": [
                    8,
                    7.985,
                    5.5
                ]
            },
            "faces": {
                "up": {
                    "uv": [
                        9.3,
                        5.6,
                        8.4,
                        0
                    ],
                    "texture": "#5"
                },
                "down": {
                    "uv": [
                        9.3,
                        0,
                        8.4,
                        5.6
                    ],
                    "texture": "#5"
                }
            }
        }
    ],
    "gui_light": "front",
    "display": {
        "thirdperson_righthand": {
            "translation": [
                0,
                -2,
                0.75
            ]
        },
        "thirdperson_lefthand": {
            "translation": [
                0,
                -2,
                0.75
            ]
        },
        "firstperson_righthand": {
            "rotation": [
                18.68,
                6.69,
                -0.89
            ],
            "translation": [
                4.5,
                3.5,
                -4.75
            ],
            "scale": [
                0.7,
                0.7,
                0.7
            ]
        },
        "firstperson_lefthand": {
            "rotation": [
                19.9,
                -35.05,
                -1.43
            ],
            "translation": [
                7,
                1.9,
                -0.6
            ],
            "scale": [
                0.7,
                0.7,
                0.7
            ]
        },
        "ground": {
            "rotation": [
                45,
                0,
                0
            ],
            "translation": [
                0,
                3,
                0
            ],
            "scale": [
                0.7,
                0.7,
                0.7
            ]
        },
        "gui": {
            "rotation": [
                -90,
                135,
                90
            ],
            "translation": [
                -1.5,
                1.5,
                0
            ],
            "scale": [
                0.7,
                0.7,
                0.7
            ]
        },
        "head": {
            "rotation": [
                0,
                -90,
                0
            ]
        },
        "fixed": {
            "rotation": [
                0,
                -90,
                0
            ],
            "translation": [
                0,
                0,
                -1.75
            ],
            "scale": [
                2,
                2,
                2
            ]
        }
    }
}