{"credit":"Pologony Creation Co.,Ltd.","textures":{"2":"darkwitherset:animations/soul_animation_sword_2","3":"darkwitherset:animations/cape_animation_1","5":"darkwitherset:cape","6":"darkwitherset:animations/cape_animation_2","particle":"darkwitherset:animations/cape_animation_1"},"elements":[{"from":[7.5,-6.65901,8],"to":[8.5,-5.65901,9],"rotation":{"angle":0,"axis":"y","origin":[8,-5.92417,8.5]},"faces":{"north":{"uv":[12,4.8,13.6,6.4],"texture":"#5","tintindex":0},"south":{"uv":[0,12.8,1.6,14.4],"texture":"#5","tintindex":0},"down":{"uv":[14.4,0,12.8,1.6],"texture":"#5","tintindex":0}}},{"from":[8.33774,-6.42606,7.9375],"to":[9.08774,-4.92606,9.0625],"rotation":{"angle":-22.5,"axis":"z","origin":[8,-5.92417,8.5]},"faces":{"north":{"uv":[5.6,9.6,6.8,12],"texture":"#5","tintindex":0},"east":{"uv":[3.2,6.4,5,8.8],"texture":"#5","tintindex":0},"south":{"uv":[8,9.6,9.2,12],"texture":"#5","tintindex":0},"west":{"uv":[6.4,3.2,8.2,5.6],"texture":"#5","tintindex":0},"up":{"uv":[6,14.6,4.8,12.8],"texture":"#5","tintindex":0},"down":{"uv":[8.4,12.8,7.2,14.6],"texture":"#5","tintindex":0}}},{"from":[7.33395,-6.25812,7.875],"to":[8.33395,-5.25812,9.125],"rotation":{"angle":-45,"axis":"z","origin":[8,-5.92417,8.5]},"faces":{"north":{"uv":[2.4,12.8,4,14.4],"texture":"#5","tintindex":0},"east":{"uv":[9.6,0,11.6,1.6],"texture":"#5","tintindex":0},"south":{"uv":[12.8,2.4,14.4,4],"texture":"#5","tintindex":0},"west":{"uv":[9.6,2.4,11.6,4],"texture":"#5","tintindex":0},"up":{"uv":[4.8,11.6,3.2,9.6],"texture":"#5","tintindex":0},"down":{"uv":[11.2,4.8,9.6,6.8],"texture":"#5","tintindex":0}}},{"from":[6.91226,-6.42606,7.9375],"to":[7.66226,-4.92606,9.0625],"rotation":{"angle":22.5,"axis":"z","origin":[8,-5.92417,8.5]},"faces":{"north":{"uv":[10.4,8,11.6,10.4],"texture":"#5","tintindex":0},"east":{"uv":[6.4,6.4,8.2,8.8],"texture":"#5","tintindex":0},"south":{"uv":[10.4,11.2,11.6,13.6],"texture":"#5","tintindex":0},"west":{"uv":[0,9.6,1.8,12],"texture":"#5","tintindex":0},"up":{"uv":[14,9,12.8,7.2],"texture":"#5","tintindex":0},"down":{"uv":[14,10.4,12.8,12.2],"texture":"#5","tintindex":0}}},{"from":[13.50176,-10.125,10.71726],"to":[13.51676,-1.125,12.21726],"rotation":{"angle":0,"axis":"y","origin":[11.87213,-5.625,9.6794]},"faces":{"east":{"uv":[10.8,0,8.4,14.4],"texture":"#2","tintindex":0},"west":{"uv":[8.4,0,10.8,14.4],"texture":"#2","tintindex":0}}},{"from":[12.9794,-10.125,10.01762],"to":[12.9944,-1.125,11.26763],"rotation":{"angle":22.5,"axis":"y","origin":[11.87213,-5.625,9.6794]},"faces":{"east":{"uv":[8.4,0,6.4,14.4],"texture":"#2","tintindex":0},"west":{"uv":[6.4,0,8.4,14.4],"texture":"#2","tintindex":0}}},{"from":[11.36408,-10.125,8.772],"to":[12.61408,-1.125,8.787],"rotation":{"angle":-45,"axis":"y","origin":[11.87213,-5.625,9.6794]},"faces":{"north":{"uv":[6.4,0,4.4,14.4],"texture":"#2","tintindex":0},"south":{"uv":[4.4,0,6.4,14.4],"texture":"#2","tintindex":0}}},{"from":[10.25,-10.125,8.64665],"to":[11.75,-1.125,8.66165],"rotation":{"angle":-22.5,"axis":"y","origin":[11.87213,-5.625,9.6794]},"faces":{"north":{"uv":[4.4,0,2,14.4],"texture":"#2","tintindex":0},"south":{"uv":[2,0,4.4,14.4],"texture":"#2","tintindex":0}}},{"from":[9.5187,-10.125,8.1045],"to":[10.7687,-1.125,8.1195],"rotation":{"angle":0,"axis":"y","origin":[11.87213,-5.625,9.6794]},"faces":{"north":{"uv":[2,0,0,14.4],"texture":"#2","tintindex":0},"south":{"uv":[0,0,2,14.4],"texture":"#2","tintindex":0}}},{"from":[2.48325,-10.125,10.71726],"to":[2.49824,-1.125,12.21726],"rotation":{"angle":0,"axis":"y","origin":[4.12787,-5.625,9.6794]},"faces":{"east":{"uv":[10.8,0,8.4,14.4],"texture":"#2","tintindex":0},"west":{"uv":[8.4,0,10.8,14.4],"texture":"#2","tintindex":0}}},{"from":[3.00561,-10.125,10.01762],"to":[3.02061,-1.125,11.26763],"rotation":{"angle":-22.5,"axis":"y","origin":[4.12787,-5.625,9.6794]},"faces":{"east":{"uv":[8.4,0,6.4,14.4],"texture":"#2","tintindex":0},"west":{"uv":[6.4,0,8.4,14.4],"texture":"#2","tintindex":0}}},{"from":[3.38593,-10.125,8.772],"to":[4.63593,-1.125,8.787],"rotation":{"angle":45,"axis":"y","origin":[4.12787,-5.625,9.6794]},"faces":{"north":{"uv":[4.4,0,6.4,14.4],"texture":"#2","tintindex":0},"south":{"uv":[6.4,0,4.4,14.4],"texture":"#2","tintindex":0}}},{"from":[4.25,-10.125,8.64665],"to":[5.75,-1.125,8.66165],"rotation":{"angle":22.5,"axis":"y","origin":[4.12787,-5.625,9.6794]},"faces":{"north":{"uv":[2,0,4.4,14.4],"texture":"#2","tintindex":0},"south":{"uv":[4.4,0,2,14.4],"texture":"#2","tintindex":0}}},{"from":[5.23131,-10.125,8.1045],"to":[6.48131,-1.125,8.1195],"rotation":{"angle":0,"axis":"y","origin":[4.12787,-5.625,9.6794]},"faces":{"north":{"uv":[0,0,2,14.4],"texture":"#2","tintindex":0},"south":{"uv":[2,0,0,14.4],"texture":"#2","tintindex":0}}},{"from":[10.3125,-4.25,5.375],"to":[11.6875,-2.875,6.75],"rotation":{"angle":-22.5,"axis":"z","origin":[11,-3.96875,5.75]},"faces":{"north":{"uv":[0,0,2.2,2.2],"texture":"#5","tintindex":0},"east":{"uv":[0,3.2,2.2,5.4],"texture":"#5","tintindex":0},"south":{"uv":[3.2,0,5.4,2.2],"texture":"#5","tintindex":0},"west":{"uv":[3.2,3.2,5.4,5.4],"texture":"#5","tintindex":0},"up":{"uv":[2.2,8.6,0,6.4],"texture":"#5","tintindex":0},"down":{"uv":[8.6,0,6.4,2.2],"texture":"#5","tintindex":0}}},{"from":[10.5625,-4.5,5.375],"to":[11.4375,-4.25,5.5],"rotation":{"angle":-22.5,"axis":"z","origin":[11,-3.96875,5.75]},"faces":{"north":{"uv":[12.8,13.6,14.2,14],"texture":"#5","tintindex":0},"east":{"uv":[0,15.2,0.2,15.6],"texture":"#5","tintindex":0},"south":{"uv":[14.4,4.8,15.8,5.2],"texture":"#5","tintindex":0},"west":{"uv":[15.2,0,15.4,0.4],"texture":"#5","tintindex":0},"down":{"uv":[11,14.4,9.6,14.6],"texture":"#5","tintindex":0}}},{"from":[4.3125,-4.25,5.375],"to":[5.6875,-2.875,6.75],"rotation":{"angle":22.5,"axis":"z","origin":[5,-3.96875,5.75]},"faces":{"north":{"uv":[2.2,0,0,2.2],"texture":"#5","tintindex":0},"east":{"uv":[5.4,3.2,3.2,5.4],"texture":"#5","tintindex":0},"south":{"uv":[5.4,0,3.2,2.2],"texture":"#5","tintindex":0},"west":{"uv":[2.2,3.2,0,5.4],"texture":"#5","tintindex":0},"up":{"uv":[0,8.6,2.2,6.4],"texture":"#5","tintindex":0},"down":{"uv":[6.4,0,8.6,2.2],"texture":"#5","tintindex":0}}},{"from":[4.5625,-4.5,5.375],"to":[5.4375,-4.25,5.5],"rotation":{"angle":22.5,"axis":"z","origin":[5,-3.96875,5.75]},"faces":{"north":{"uv":[14.2,13.6,12.8,14],"texture":"#5","tintindex":0},"east":{"uv":[15.4,0,15.2,0.4],"texture":"#5","tintindex":0},"south":{"uv":[15.8,4.8,14.4,5.2],"texture":"#5","tintindex":0},"west":{"uv":[0.2,15.2,0,15.6],"texture":"#5","tintindex":0},"down":{"uv":[9.6,14.4,11,14.6],"texture":"#5","tintindex":0}}},{"from":[4.5,-4,6.25],"to":[11.5,-3.985,7],"rotation":{"angle":0,"axis":"y","origin":[5.5,-4,6.25]},"faces":{"up":{"uv":[8,0,0,0.85714],"texture":"#3","tintindex":0},"down":{"uv":[8,0.85714,0,0],"texture":"#3","tintindex":0}}},{"from":[4.5,-3.99561,6.9894],"to":[11.5,-3.9806,7.4894],"rotation":{"angle":45,"axis":"x","origin":[5.5,-3.99561,6.9894]},"faces":{"up":{"uv":[0,0.85714,8,1.42857],"texture":"#3","tintindex":0},"down":{"uv":[0,1.42857,8,0.85714],"texture":"#3","tintindex":0}}},{"from":[4.5,-4.84429,7.3397],"to":[11.5,-4.34429,7.3547],"rotation":{"angle":-22.5,"axis":"x","origin":[5.5,-4.34429,7.3397]},"faces":{"north":{"uv":[8,1.42857,0,2],"texture":"#3","tintindex":0},"south":{"uv":[0,1.42857,8,2],"texture":"#3","tintindex":0}}},{"from":[4.5,-10.80049,7.5299],"to":[11.5,-4.80049,7.5449],"rotation":{"angle":0,"axis":"x","origin":[5.5,-4.80049,7.5299]},"faces":{"north":{"uv":[8,2,0,8.85714],"texture":"#3","tintindex":0},"south":{"uv":[0,2,8,8.85714],"texture":"#3","tintindex":0}}},{"from":[4.5,-11.80049,7.5299],"to":[11.5,-10.80049,7.5449],"rotation":{"angle":-22.5,"axis":"x","origin":[5.5,-10.80049,7.5299]},"faces":{"north":{"uv":[8,8.85714,0,10],"texture":"#3","tintindex":0},"south":{"uv":[0,8.85714,8,10],"texture":"#3","tintindex":0}}},{"from":[4.5,-12.72437,7.91258],"to":[11.5,-11.72437,7.92758],"rotation":{"angle":-45,"axis":"x","origin":[5.5,-11.72437,7.91258]},"faces":{"north":{"uv":[8,10,0,11.14286],"texture":"#3","tintindex":0},"south":{"uv":[0,10,8,11.14286],"texture":"#3","tintindex":0}}},{"from":[4.5,-12.43148,8.61969],"to":[11.5,-12.41648,9.61969],"rotation":{"angle":22.5,"axis":"x","origin":[5.5,-12.43148,8.61969]},"faces":{"up":{"uv":[0,11.14286,8,12.28571],"texture":"#3","tintindex":0},"down":{"uv":[0,12.28571,8,11.14286],"texture":"#3","tintindex":0}}},{"from":[4.625,-11.75,8.75],"to":[7.125,-5.75,8.765],"rotation":{"angle":0,"axis":"y","origin":[6.625,-11.75,8.75]},"faces":{"north":{"uv":[0,0,5,12],"texture":"#6","tintindex":0},"south":{"uv":[5,0,0,12],"texture":"#6","tintindex":0}}},{"from":[2.16325,-11.75,8.94131],"to":[4.66325,-5.75,8.95631],"rotation":{"angle":22.5,"axis":"y","origin":[4.16325,-11.75,8.94131]},"faces":{"north":{"uv":[5,0,10,12],"texture":"#6","tintindex":0},"south":{"uv":[10,0,5,12],"texture":"#6","tintindex":0}}},{"from":[-0.53823,-11.75,10.06033],"to":[2.46178,-5.75,10.07533],"rotation":{"angle":45,"axis":"y","origin":[1.96177,-11.75,10.06033]},"faces":{"north":{"uv":[10,0,16,12],"texture":"#6","tintindex":0},"south":{"uv":[16,0,10,12],"texture":"#6","tintindex":0}}},{"from":[8.875,-11.75,8.75],"to":[11.375,-5.75,8.765],"rotation":{"angle":0,"axis":"y","origin":[9.375,-11.75,8.75]},"faces":{"north":{"uv":[5,0,0,12],"texture":"#6","tintindex":0},"south":{"uv":[0,0,5,12],"texture":"#6","tintindex":0}}},{"from":[11.33675,-11.75,8.94131],"to":[13.83675,-5.75,8.95631],"rotation":{"angle":-22.5,"axis":"y","origin":[11.83675,-11.75,8.94131]},"faces":{"north":{"uv":[10,0,5,12],"texture":"#6","tintindex":0},"south":{"uv":[5,0,10,12],"texture":"#6","tintindex":0}}},{"from":[13.53823,-11.75,10.06033],"to":[16.53823,-5.75,10.07533],"rotation":{"angle":-45,"axis":"y","origin":[14.03823,-11.75,10.06033]},"faces":{"north":{"uv":[16,0,10,12],"texture":"#6","tintindex":0},"south":{"uv":[10,0,16,12],"texture":"#6","tintindex":0}}},{"from":[4.625,-6.375,8.235],"to":[7.125,-0.375,8.25],"rotation":{"angle":0,"axis":"y","origin":[6.625,-0.375,8.25]},"faces":{"north":{"uv":[0,12,5,0],"texture":"#6","tintindex":0},"south":{"uv":[5,12,0,0],"texture":"#6","tintindex":0}}},{"from":[2.16325,-6.375,8.0437],"to":[4.66325,-0.375,8.0587],"rotation":{"angle":-22.5,"axis":"y","origin":[4.16325,-0.375,8.0587]},"faces":{"north":{"uv":[5,12,10,0],"texture":"#6","tintindex":0},"south":{"uv":[10,12,5,0],"texture":"#6","tintindex":0}}},{"from":[-0.53823,-6.375,6.92467],"to":[2.46178,-0.375,6.93967],"rotation":{"angle":-45,"axis":"y","origin":[1.96177,-0.375,6.93967]},"faces":{"north":{"uv":[10,12,16,0],"texture":"#6","tintindex":0},"south":{"uv":[16,12,10,0],"texture":"#6","tintindex":0}}},{"from":[8.875,-6.375,8.235],"to":[11.375,-0.375,8.25],"rotation":{"angle":0,"axis":"y","origin":[9.375,-0.375,8.25]},"faces":{"north":{"uv":[5,12,0,0],"texture":"#6","tintindex":0},"south":{"uv":[0,12,5,0],"texture":"#6","tintindex":0}}},{"from":[11.33675,-6.375,8.0437],"to":[13.83675,-0.375,8.0587],"rotation":{"angle":22.5,"axis":"y","origin":[11.83675,-0.375,8.0587]},"faces":{"north":{"uv":[10,12,5,0],"texture":"#6","tintindex":0},"south":{"uv":[5,12,10,0],"texture":"#6","tintindex":0}}},{"from":[13.53823,-6.375,6.92467],"to":[16.53823,-0.375,6.93967],"rotation":{"angle":45,"axis":"y","origin":[14.03823,-0.375,6.93967]},"faces":{"north":{"uv":[16,12,10,0],"texture":"#6","tintindex":0},"south":{"uv":[10,12,16,0],"texture":"#6","tintindex":0}}}],"gui_light":"front","display":{"thirdperson_righthand":{"rotation":[-135.25,0,-180],"translation":[0,-1,-2.25],"scale":[0.6,0.6,0.6]},"thirdperson_lefthand":{"rotation":[67.25,0,0],"translation":[-5.5,-6.75,9.25]},"firstperson_righthand":{"rotation":[6.75,0,0],"translation":[2,1.25,0],"scale":[0.7,0.7,0.7]},"firstperson_lefthand":{"rotation":[6.75,0,0],"translation":[2,1.25,0],"scale":[0.7,0.7,0.7]},"ground":{"rotation":[-45,0,0],"translation":[0,3,0],"scale":[0.7,0.7,0.7]},"gui":{"rotation":[0,180,0],"translation":[0,20.5,0],"scale":[1.4,1.4,1.4]},"head":{"translation":[0,-54.5,7.5],"scale":[4,4,4]},"fixed":{"rotation":[0,180,0],"translation":[0,0,-9.5],"scale":[2,2,2]}}}