{"credit":"Pologony Creation Co.,Ltd.","textures":{"2":"darkwitherset:animations/soul_animation_sword_2","3":"darkwitherset:animations/cape_animation_1","5":"darkwitherset:cape","6":"darkwitherset:animations/cape_animation_2","particle":"darkwitherset:animations/cape_animation_1"},"elements":[{"from":[7,7.68198,8],"to":[9,9.68198,10],"rotation":{"angle":0,"axis":"y","origin":[8,9.15165,9]},"faces":{"north":{"uv":[12,4.8,13.6,6.4],"texture":"#5"},"south":{"uv":[0,12.8,1.6,14.4],"texture":"#5"},"down":{"uv":[14.4,0,12.8,1.6],"texture":"#5"}}},{"from":[8.67548,8.14788,7.875],"to":[10.17548,11.14788,10.125],"rotation":{"angle":-22.5,"axis":"z","origin":[8,9.15165,9]},"faces":{"north":{"uv":[5.6,9.6,6.8,12],"texture":"#5"},"east":{"uv":[3.2,6.4,5,8.8],"texture":"#5"},"south":{"uv":[8,9.6,9.2,12],"texture":"#5"},"west":{"uv":[6.4,3.2,8.2,5.6],"texture":"#5"},"up":{"uv":[6,14.6,4.8,12.8],"texture":"#5"},"down":{"uv":[8.4,12.8,7.2,14.6],"texture":"#5"}}},{"from":[6.66789,8.48376,7.75],"to":[8.66789,10.48376,10.25],"rotation":{"angle":-45,"axis":"z","origin":[8,9.15165,9]},"faces":{"north":{"uv":[2.4,12.8,4,14.4],"texture":"#5"},"east":{"uv":[9.6,0,11.6,1.6],"texture":"#5"},"south":{"uv":[12.8,2.4,14.4,4],"texture":"#5"},"west":{"uv":[9.6,2.4,11.6,4],"texture":"#5"},"up":{"uv":[4.8,11.6,3.2,9.6],"texture":"#5"},"down":{"uv":[11.2,4.8,9.6,6.8],"texture":"#5"}}},{"from":[5.82452,8.14788,7.875],"to":[7.32452,11.14788,10.125],"rotation":{"angle":22.5,"axis":"z","origin":[8,9.15165,9]},"faces":{"north":{"uv":[10.4,8,11.6,10.4],"texture":"#5"},"east":{"uv":[6.4,6.4,8.2,8.8],"texture":"#5"},"south":{"uv":[10.4,11.2,11.6,13.6],"texture":"#5"},"west":{"uv":[0,9.6,1.8,12],"texture":"#5"},"up":{"uv":[14,9,12.8,7.2],"texture":"#5"},"down":{"uv":[14,10.4,12.8,12.2],"texture":"#5"}}},{"from":[19.00351,0.75,13.43451],"to":[19.03351,18.75,16.43451],"rotation":{"angle":0,"axis":"y","origin":[15.74426,9.75,11.35881]},"faces":{"east":{"uv":[10.8,0,8.4,14.4],"texture":"#2"},"west":{"uv":[8.4,0,10.8,14.4],"texture":"#2"}}},{"from":[17.95879,0.75,12.03525],"to":[17.98879,18.75,14.53525],"rotation":{"angle":22.5,"axis":"y","origin":[15.74426,9.75,11.35881]},"faces":{"east":{"uv":[8.4,0,6.4,14.4],"texture":"#2"},"west":{"uv":[6.4,0,8.4,14.4],"texture":"#2"}}},{"from":[14.72815,0.75,9.54399],"to":[17.22815,18.75,9.57399],"rotation":{"angle":-45,"axis":"y","origin":[15.74426,9.75,11.35881]},"faces":{"north":{"uv":[6.4,0,4.4,14.4],"texture":"#2"},"south":{"uv":[4.4,0,6.4,14.4],"texture":"#2"}}},{"from":[12.5,0.75,9.29329],"to":[15.5,18.75,9.32329],"rotation":{"angle":-22.5,"axis":"y","origin":[15.74426,9.75,11.35881]},"faces":{"north":{"uv":[4.4,0,2,14.4],"texture":"#2"},"south":{"uv":[2,0,4.4,14.4],"texture":"#2"}}},{"from":[11.03739,0.75,8.209],"to":[13.53739,18.75,8.239],"rotation":{"angle":0,"axis":"y","origin":[15.74426,9.75,11.35881]},"faces":{"north":{"uv":[2,0,0,14.4],"texture":"#2"},"south":{"uv":[0,0,2,14.4],"texture":"#2"}}},{"from":[-3.03351,0.75,13.43451],"to":[-3.00351,18.75,16.43451],"rotation":{"angle":0,"axis":"y","origin":[0.25574,9.75,11.35881]},"faces":{"east":{"uv":[10.8,0,8.4,14.4],"texture":"#2"},"west":{"uv":[8.4,0,10.8,14.4],"texture":"#2"}}},{"from":[-1.98879,0.75,12.03525],"to":[-1.95879,18.75,14.53525],"rotation":{"angle":-22.5,"axis":"y","origin":[0.25574,9.75,11.35881]},"faces":{"east":{"uv":[8.4,0,6.4,14.4],"texture":"#2"},"west":{"uv":[6.4,0,8.4,14.4],"texture":"#2"}}},{"from":[-1.22815,0.75,9.54399],"to":[1.27185,18.75,9.57399],"rotation":{"angle":45,"axis":"y","origin":[0.25574,9.75,11.35881]},"faces":{"north":{"uv":[4.4,0,6.4,14.4],"texture":"#2"},"south":{"uv":[6.4,0,4.4,14.4],"texture":"#2"}}},{"from":[0.5,0.75,9.29329],"to":[3.5,18.75,9.32329],"rotation":{"angle":22.5,"axis":"y","origin":[0.25574,9.75,11.35881]},"faces":{"north":{"uv":[2,0,4.4,14.4],"texture":"#2"},"south":{"uv":[4.4,0,2,14.4],"texture":"#2"}}},{"from":[2.46261,0.75,8.209],"to":[4.96261,18.75,8.239],"rotation":{"angle":0,"axis":"y","origin":[0.25574,9.75,11.35881]},"faces":{"north":{"uv":[0,0,2,14.4],"texture":"#2"},"south":{"uv":[2,0,0,14.4],"texture":"#2"}}},{"from":[12.625,12.5,2.75],"to":[15.375,15.25,5.5],"rotation":{"angle":-22.5,"axis":"z","origin":[14,13.0625,3.5]},"faces":{"north":{"uv":[0,0,2.2,2.2],"texture":"#5"},"east":{"uv":[0,3.2,2.2,5.4],"texture":"#5"},"south":{"uv":[3.2,0,5.4,2.2],"texture":"#5"},"west":{"uv":[3.2,3.2,5.4,5.4],"texture":"#5"},"up":{"uv":[2.2,8.6,0,6.4],"texture":"#5"},"down":{"uv":[8.6,0,6.4,2.2],"texture":"#5"}}},{"from":[13.125,12,2.75],"to":[14.875,12.5,3],"rotation":{"angle":-22.5,"axis":"z","origin":[14,13.0625,3.5]},"faces":{"north":{"uv":[12.8,13.6,14.2,14],"texture":"#5"},"east":{"uv":[0,15.2,0.2,15.6],"texture":"#5"},"south":{"uv":[14.4,4.8,15.8,5.2],"texture":"#5"},"west":{"uv":[15.2,0,15.4,0.4],"texture":"#5"},"down":{"uv":[11,14.4,9.6,14.6],"texture":"#5"}}},{"from":[0.625,12.5,2.75],"to":[3.375,15.25,5.5],"rotation":{"angle":22.5,"axis":"z","origin":[2,13.0625,3.5]},"faces":{"north":{"uv":[2.2,0,0,2.2],"texture":"#5"},"east":{"uv":[5.4,3.2,3.2,5.4],"texture":"#5"},"south":{"uv":[5.4,0,3.2,2.2],"texture":"#5"},"west":{"uv":[2.2,3.2,0,5.4],"texture":"#5"},"up":{"uv":[0,8.6,2.2,6.4],"texture":"#5"},"down":{"uv":[6.4,0,8.6,2.2],"texture":"#5"}}},{"from":[1.125,12,2.75],"to":[2.875,12.5,3],"rotation":{"angle":22.5,"axis":"z","origin":[2,13.0625,3.5]},"faces":{"north":{"uv":[14.2,13.6,12.8,14],"texture":"#5"},"east":{"uv":[15.4,0,15.2,0.4],"texture":"#5"},"south":{"uv":[15.8,4.8,14.4,5.2],"texture":"#5"},"west":{"uv":[0.2,15.2,0,15.6],"texture":"#5"},"down":{"uv":[9.6,14.4,11,14.6],"texture":"#5"}}},{"from":[1,13,4.5],"to":[15,13.03,6],"rotation":{"angle":0,"axis":"y","origin":[3,13,4.5]},"faces":{"up":{"uv":[8,0,0,0.85714],"texture":"#3"},"down":{"uv":[8,0.85714,0,0],"texture":"#3"}}},{"from":[1,13.00879,5.97879],"to":[15,13.03879,6.97879],"rotation":{"angle":45,"axis":"x","origin":[3,13.00879,5.97879]},"faces":{"up":{"uv":[0,0.85714,8,1.42857],"texture":"#3"},"down":{"uv":[0,1.42857,8,0.85714],"texture":"#3"}}},{"from":[1,11.31141,6.67939],"to":[15,12.31141,6.70939],"rotation":{"angle":-22.5,"axis":"x","origin":[3,12.31141,6.67939]},"faces":{"north":{"uv":[8,1.42857,0,2],"texture":"#3"},"south":{"uv":[0,1.42857,8,2],"texture":"#3"}}},{"from":[1,-0.60099,7.05979],"to":[15,11.39901,7.08979],"rotation":{"angle":0,"axis":"x","origin":[3,11.39901,7.05979]},"faces":{"north":{"uv":[8,2,0,8.85714],"texture":"#3"},"south":{"uv":[0,2,8,8.85714],"texture":"#3"}}},{"from":[1,-2.60099,7.05979],"to":[15,-0.60099,7.08979],"rotation":{"angle":-22.5,"axis":"x","origin":[3,-0.60099,7.05979]},"faces":{"north":{"uv":[8,8.85714,0,10],"texture":"#3"},"south":{"uv":[0,8.85714,8,10],"texture":"#3"}}},{"from":[1,-4.44875,7.82516],"to":[15,-2.44875,7.85516],"rotation":{"angle":-45,"axis":"x","origin":[3,-2.44875,7.82516]},"faces":{"north":{"uv":[8,10,0,11.14286],"texture":"#3"},"south":{"uv":[0,10,8,11.14286],"texture":"#3"}}},{"from":[1,-3.86296,9.23937],"to":[15,-3.83296,11.23937],"rotation":{"angle":22.5,"axis":"x","origin":[3,-3.86296,9.23937]},"faces":{"up":{"uv":[0,11.14286,8,12.28571],"texture":"#3"},"down":{"uv":[0,12.28571,8,11.14286],"texture":"#3"}}},{"from":[1.25,-2.5,9.5],"to":[6.25,9.5,9.53],"rotation":{"angle":0,"axis":"y","origin":[5.25,-2.5,9.5]},"faces":{"north":{"uv":[0,0,5,12],"texture":"#6"},"south":{"uv":[5,0,0,12],"texture":"#6"}}},{"from":[-3.6735,-2.5,9.88261],"to":[1.3265,9.5,9.91261],"rotation":{"angle":22.5,"axis":"y","origin":[0.3265,-2.5,9.88261]},"faces":{"north":{"uv":[5,0,10,12],"texture":"#6"},"south":{"uv":[10,0,5,12],"texture":"#6"}}},{"from":[-9.07645,-2.5,12.12066],"to":[-3.07645,9.5,12.15066],"rotation":{"angle":45,"axis":"y","origin":[-4.07645,-2.5,12.12066]},"faces":{"north":{"uv":[10,0,16,12],"texture":"#6"},"south":{"uv":[16,0,10,12],"texture":"#6"}}},{"from":[9.75,-2.5,9.5],"to":[14.75,9.5,9.53],"rotation":{"angle":0,"axis":"y","origin":[10.75,-2.5,9.5]},"faces":{"north":{"uv":[5,0,0,12],"texture":"#6"},"south":{"uv":[0,0,5,12],"texture":"#6"}}},{"from":[14.6735,-2.5,9.88261],"to":[19.6735,9.5,9.91261],"rotation":{"angle":-22.5,"axis":"y","origin":[15.6735,-2.5,9.88261]},"faces":{"north":{"uv":[10,0,5,12],"texture":"#6"},"south":{"uv":[5,0,10,12],"texture":"#6"}}},{"from":[19.07645,-2.5,12.12066],"to":[25.07645,9.5,12.15066],"rotation":{"angle":-45,"axis":"y","origin":[20.07645,-2.5,12.12066]},"faces":{"north":{"uv":[16,0,10,12],"texture":"#6"},"south":{"uv":[10,0,16,12],"texture":"#6"}}},{"from":[1.25,8.25,8.47],"to":[6.25,20.25,8.5],"rotation":{"angle":0,"axis":"y","origin":[5.25,20.25,8.5]},"faces":{"north":{"uv":[0,12,5,0],"texture":"#6"},"south":{"uv":[5,12,0,0],"texture":"#6"}}},{"from":[-3.6735,8.25,8.08739],"to":[1.3265,20.25,8.11739],"rotation":{"angle":-22.5,"axis":"y","origin":[0.3265,20.25,8.11739]},"faces":{"north":{"uv":[5,12,10,0],"texture":"#6"},"south":{"uv":[10,12,5,0],"texture":"#6"}}},{"from":[-9.07645,8.25,5.84934],"to":[-3.07645,20.25,5.87934],"rotation":{"angle":-45,"axis":"y","origin":[-4.07645,20.25,5.87934]},"faces":{"north":{"uv":[10,12,16,0],"texture":"#6"},"south":{"uv":[16,12,10,0],"texture":"#6"}}},{"from":[9.75,8.25,8.47],"to":[14.75,20.25,8.5],"rotation":{"angle":0,"axis":"y","origin":[10.75,20.25,8.5]},"faces":{"north":{"uv":[5,12,0,0],"texture":"#6"},"south":{"uv":[0,12,5,0],"texture":"#6"}}},{"from":[14.6735,8.25,8.08739],"to":[19.6735,20.25,8.11739],"rotation":{"angle":22.5,"axis":"y","origin":[15.6735,20.25,8.11739]},"faces":{"north":{"uv":[10,12,5,0],"texture":"#6"},"south":{"uv":[5,12,10,0],"texture":"#6"}}},{"from":[19.07645,8.25,5.84934],"to":[25.07645,20.25,5.87934],"rotation":{"angle":45,"axis":"y","origin":[20.07645,20.25,5.87934]},"faces":{"north":{"uv":[16,12,10,0],"texture":"#6"},"south":{"uv":[10,12,16,0],"texture":"#6"}}}],"gui_light":"front","display":{"thirdperson_righthand":{"rotation":[-135.25,0,-180],"translation":[0,-1,-2.25],"scale":[0.6,0.6,0.6]},"thirdperson_lefthand":{"rotation":[67.25,0,0],"translation":[-5.5,-6.75,9.25]},"firstperson_righthand":{"rotation":[6.75,0,0],"translation":[2,1.25,0],"scale":[0.7,0.7,0.7]},"firstperson_lefthand":{"rotation":[6.75,0,0],"translation":[2,1.25,0],"scale":[0.7,0.7,0.7]},"ground":{"rotation":[-45,0,0],"translation":[0,3,0],"scale":[0.7,0.7,0.7]},"gui":{"rotation":[0,180,0],"translation":[0,1,0],"scale":[0.7,0.7,0.7]},"head":{"translation":[0,-13.5,7.25],"scale":[2,2,2]},"fixed":{"rotation":[0,180,0],"translation":[0,0,-9.5],"scale":[2,2,2]}}}