{
    "credit": "Pologony Creation Co.,Ltd.",
    "textures": {
        "1": "darkwitherset:fishing_rod",
        "2": "darkwitherset:animations/soul_animation_3",
        "particle": "darkwitherset:fishing_rod"
    },
    "elements": [
        {
            "from": [
                6.625,
                11,
                8.25
            ],
            "to": [
                9.375,
                13.75,
                11
            ],
            "rotation": {
                "angle": -22.5,
                "axis": "x",
                "origin": [
                    8,
                    11.5625,
                    10.25
                ]
            },
            "faces": {
                "north": {
                    "uv": [
                        3.63636,
                        2.18182,
                        4.63636,
                        3.18182
                    ],
                    "texture": "#1"
                },
                "east": {
                    "uv": [
                        3.63636,
                        3.63636,
                        4.63636,
                        4.63636
                    ],
                    "texture": "#1"
                },
                "south": {
                    "uv": [
                        0,
                        4.72727,
                        1,
                        5.72727
                    ],
                    "texture": "#1"
                },
                "west": {
                    "uv": [
                        4.72727,
                        0,
                        5.72727,
                        1
                    ],
                    "texture": "#1"
                },
                "up": {
                    "uv": [
                        2.45455,
                        5.72727,
                        1.45455,
                        4.72727
                    ],
                    "texture": "#1"
                },
                "down": {
                    "uv": [
                        6.09091,
                        1.45455,
                        5.09091,
                        2.45455
                    ],
                    "texture": "#1"
                }
            }
        },
        {
            "from": [
                7.125,
                10.5,
                10.75
            ],
            "to": [
                8.875,
                11,
                11
            ],
            "rotation": {
                "angle": -22.5,
                "axis": "x",
                "origin": [
                    8,
                    11.5625,
                    10.25
                ]
            },
            "faces": {
                "north": {
                    "uv": [
                        0.72727,
                        13.45455,
                        1.36364,
                        13.63636
                    ],
                    "texture": "#1"
                },
                "east": {
                    "uv": [
                        14.90909,
                        1.45455,
                        15,
                        1.63636
                    ],
                    "texture": "#1"
                },
                "south": {
                    "uv": [
                        1.81818,
                        13.45455,
                        2.45455,
                        13.63636
                    ],
                    "texture": "#1"
                },
                "west": {
                    "uv": [
                        2.18182,
                        14.90909,
                        2.27273,
                        15.09091
                    ],
                    "texture": "#1"
                },
                "down": {
                    "uv": [
                        14.81818,
                        10.18182,
                        14.18182,
                        10.27273
                    ],
                    "texture": "#1"
                }
            }
        },
        {
            "from": [
                7.575,
                13.75,
                10.25
            ],
            "to": [
                8.825,
                14.25,
                10.5
            ],
            "rotation": {
                "angle": 22.5,
                "axis": "z",
                "origin": [
                    8.2,
                    14.6875,
                    9.875
                ]
            },
            "faces": {
                "north": {
                    "uv": [
                        13.81818,
                        5.09091,
                        14.27273,
                        5.27273
                    ],
                    "texture": "#1"
                },
                "east": {
                    "uv": [
                        14.90909,
                        2.18182,
                        15,
                        2.36364
                    ],
                    "texture": "#1"
                },
                "south": {
                    "uv": [
                        13.81818,
                        10.90909,
                        14.27273,
                        11.09091
                    ],
                    "texture": "#1"
                },
                "west": {
                    "uv": [
                        14.90909,
                        2.90909,
                        15,
                        3.09091
                    ],
                    "texture": "#1"
                },
                "down": {
                    "uv": [
                        12.45455,
                        14.18182,
                        12,
                        14.27273
                    ],
                    "texture": "#1"
                }
            }
        },
        {
            "from": [
                7.725,
                16.55,
                9.95
            ],
            "to": [
                8.475,
                17.05,
                10.2
            ],
            "rotation": {
                "angle": -22.5,
                "axis": "x",
                "origin": [
                    8.1,
                    17.3625,
                    9.7
                ]
            },
            "faces": {
                "north": {
                    "uv": [
                        10.54545,
                        14.18182,
                        10.81818,
                        14.36364
                    ],
                    "texture": "#1"
                },
                "east": {
                    "uv": [
                        3.63636,
                        14.90909,
                        3.72727,
                        15.09091
                    ],
                    "texture": "#1"
                },
                "south": {
                    "uv": [
                        11.27273,
                        14.18182,
                        11.54545,
                        14.36364
                    ],
                    "texture": "#1"
                },
                "west": {
                    "uv": [
                        14.90909,
                        3.63636,
                        15,
                        3.81818
                    ],
                    "texture": "#1"
                },
                "down": {
                    "uv": [
                        1.72727,
                        14.90909,
                        1.45455,
                        15
                    ],
                    "texture": "#1"
                }
            }
        },
        {
            "from": [
                7.075,
                14.25,
                8.25
            ],
            "to": [
                9.325,
                16.5,
                10.5
            ],
            "rotation": {
                "angle": 22.5,
                "axis": "z",
                "origin": [
                    8.2,
                    14.6875,
                    9.875
                ]
            },
            "faces": {
                "north": {
                    "uv": [
                        6.54545,
                        1.81818,
                        7.36364,
                        2.63636
                    ],
                    "texture": "#1"
                },
                "east": {
                    "uv": [
                        2.18182,
                        6.54545,
                        3,
                        7.36364
                    ],
                    "texture": "#1"
                },
                "south": {
                    "uv": [
                        3.63636,
                        6.54545,
                        4.45455,
                        7.36364
                    ],
                    "texture": "#1"
                },
                "west": {
                    "uv": [
                        6.90909,
                        5.81818,
                        7.72727,
                        6.63636
                    ],
                    "texture": "#1"
                },
                "up": {
                    "uv": [
                        8.09091,
                        4.09091,
                        7.27273,
                        3.27273
                    ],
                    "texture": "#1"
                },
                "down": {
                    "uv": [
                        7.72727,
                        7.27273,
                        6.90909,
                        8.09091
                    ],
                    "texture": "#1"
                }
            }
        },
        {
            "from": [
                7.225,
                17.05,
                8.45
            ],
            "to": [
                8.975,
                18.8,
                10.2
            ],
            "rotation": {
                "angle": -22.5,
                "axis": "x",
                "origin": [
                    8.1,
                    17.3625,
                    9.7
                ]
            },
            "faces": {
                "north": {
                    "uv": [
                        9.45455,
                        5.81818,
                        10.09091,
                        6.45455
                    ],
                    "texture": "#1"
                },
                "east": {
                    "uv": [
                        9.45455,
                        6.90909,
                        10.09091,
                        7.54545
                    ],
                    "texture": "#1"
                },
                "south": {
                    "uv": [
                        9.45455,
                        8,
                        10.09091,
                        8.63636
                    ],
                    "texture": "#1"
                },
                "west": {
                    "uv": [
                        9.45455,
                        9.09091,
                        10.09091,
                        9.72727
                    ],
                    "texture": "#1"
                },
                "up": {
                    "uv": [
                        10.45455,
                        3.18182,
                        9.81818,
                        2.54545
                    ],
                    "texture": "#1"
                },
                "down": {
                    "uv": [
                        10.45455,
                        3.63636,
                        9.81818,
                        4.27273
                    ],
                    "texture": "#1"
                }
            }
        },
        {
            "from": [
                7.25,
                -1.25,
                7.75
            ],
            "to": [
                8.75,
                0.25,
                9.25
            ],
            "rotation": {
                "angle": -45,
                "axis": "x",
                "origin": [
                    7.5,
                    -1,
                    8
                ]
            },
            "faces": {
                "north": {
                    "uv": [
                        7.27273,
                        10.18182,
                        7.81818,
                        10.72727
                    ],
                    "texture": "#1"
                },
                "east": {
                    "uv": [
                        8.36364,
                        10.18182,
                        8.90909,
                        10.72727
                    ],
                    "texture": "#1"
                },
                "south": {
                    "uv": [
                        9.45455,
                        10.18182,
                        10,
                        10.72727
                    ],
                    "texture": "#1"
                },
                "west": {
                    "uv": [
                        0,
                        10.54545,
                        0.54545,
                        11.09091
                    ],
                    "texture": "#1"
                },
                "up": {
                    "uv": [
                        1.63636,
                        11.09091,
                        1.09091,
                        10.54545
                    ],
                    "texture": "#1"
                },
                "down": {
                    "uv": [
                        11.09091,
                        1.45455,
                        10.54545,
                        2
                    ],
                    "texture": "#1"
                }
            }
        },
        {
            "from": [
                7.475,
                -3.21287,
                7.825
            ],
            "to": [
                8.525,
                -2.16287,
                8.875
            ],
            "rotation": {
                "angle": -45,
                "axis": "x",
                "origin": [
                    7.65,
                    -3.03787,
                    8
                ]
            },
            "faces": {
                "north": {
                    "uv": [
                        5.09091,
                        4.36364,
                        5.45455,
                        4.72727
                    ],
                    "texture": "#1"
                },
                "east": {
                    "uv": [
                        8,
                        2.54545,
                        8.36364,
                        2.90909
                    ],
                    "texture": "#1"
                },
                "south": {
                    "uv": [
                        12,
                        4.36364,
                        12.36364,
                        4.72727
                    ],
                    "texture": "#1"
                },
                "west": {
                    "uv": [
                        12,
                        5.09091,
                        12.36364,
                        5.45455
                    ],
                    "texture": "#1"
                },
                "up": {
                    "uv": [
                        12,
                        12.36364,
                        11.63636,
                        12
                    ],
                    "texture": "#1"
                },
                "down": {
                    "uv": [
                        12.72727,
                        0.72727,
                        12.36364,
                        1.09091
                    ],
                    "texture": "#1"
                }
            }
        },
        {
            "from": [
                7.5,
                0.01777,
                8
            ],
            "to": [
                8.5,
                1.01777,
                9
            ],
            "rotation": {
                "angle": -45,
                "axis": "x",
                "origin": [
                    7.5,
                    0.01777,
                    8
                ]
            },
            "faces": {
                "north": {
                    "uv": [
                        12.36364,
                        1.45455,
                        12.72727,
                        1.81818
                    ],
                    "texture": "#1"
                },
                "east": {
                    "uv": [
                        12.36364,
                        5.81818,
                        12.72727,
                        6.18182
                    ],
                    "texture": "#1"
                },
                "south": {
                    "uv": [
                        12.36364,
                        6.54545,
                        12.72727,
                        6.90909
                    ],
                    "texture": "#1"
                },
                "west": {
                    "uv": [
                        12.36364,
                        7.27273,
                        12.72727,
                        7.63636
                    ],
                    "texture": "#1"
                },
                "up": {
                    "uv": [
                        12.72727,
                        8.36364,
                        12.36364,
                        8
                    ],
                    "texture": "#1"
                },
                "down": {
                    "uv": [
                        12.72727,
                        8.72727,
                        12.36364,
                        9.09091
                    ],
                    "texture": "#1"
                }
            }
        },
        {
            "from": [
                7.25,
                1.18198,
                7.25
            ],
            "to": [
                8.75,
                1.68198,
                8.75
            ],
            "rotation": {
                "angle": 0,
                "axis": "y",
                "origin": [
                    7.5,
                    1.18198,
                    7.5
                ]
            },
            "faces": {
                "north": {
                    "uv": [
                        7.27273,
                        13.45455,
                        7.81818,
                        13.63636
                    ],
                    "texture": "#1"
                },
                "east": {
                    "uv": [
                        8.36364,
                        13.45455,
                        8.90909,
                        13.63636
                    ],
                    "texture": "#1"
                },
                "south": {
                    "uv": [
                        9.45455,
                        13.45455,
                        10,
                        13.63636
                    ],
                    "texture": "#1"
                },
                "west": {
                    "uv": [
                        10.54545,
                        13.45455,
                        11.09091,
                        13.63636
                    ],
                    "texture": "#1"
                },
                "up": {
                    "uv": [
                        2.72727,
                        11.09091,
                        2.18182,
                        10.54545
                    ],
                    "texture": "#1"
                },
                "down": {
                    "uv": [
                        11.09091,
                        5.81818,
                        10.54545,
                        6.36364
                    ],
                    "texture": "#1"
                }
            }
        },
        {
            "from": [
                7.25,
                7.18198,
                7.25
            ],
            "to": [
                8.75,
                7.68198,
                8.75
            ],
            "rotation": {
                "angle": 0,
                "axis": "y",
                "origin": [
                    7.5,
                    2.18198,
                    7.5
                ]
            },
            "faces": {
                "north": {
                    "uv": [
                        11.63636,
                        13.45455,
                        12.18182,
                        13.63636
                    ],
                    "texture": "#1"
                },
                "east": {
                    "uv": [
                        13.45455,
                        11.63636,
                        14,
                        11.81818
                    ],
                    "texture": "#1"
                },
                "south": {
                    "uv": [
                        12.72727,
                        13.45455,
                        13.27273,
                        13.63636
                    ],
                    "texture": "#1"
                },
                "west": {
                    "uv": [
                        13.81818,
                        2.18182,
                        14.36364,
                        2.36364
                    ],
                    "texture": "#1"
                },
                "down": {
                    "uv": [
                        11.09091,
                        6.90909,
                        10.54545,
                        7.45455
                    ],
                    "texture": "#1"
                }
            }
        },
        {
            "from": [
                7.5,
                1.68198,
                7.5
            ],
            "to": [
                8.5,
                3.18198,
                8.5
            ],
            "rotation": {
                "angle": 0,
                "axis": "y",
                "origin": [
                    7.5,
                    1.68198,
                    7.5
                ]
            },
            "faces": {
                "north": {
                    "uv": [
                        11.63636,
                        1.09091,
                        12,
                        1.63636
                    ],
                    "texture": "#1"
                },
                "east": {
                    "uv": [
                        1.81818,
                        11.63636,
                        2.18182,
                        12.18182
                    ],
                    "texture": "#1"
                },
                "south": {
                    "uv": [
                        2.54545,
                        11.63636,
                        2.90909,
                        12.18182
                    ],
                    "texture": "#1"
                },
                "west": {
                    "uv": [
                        5.81818,
                        11.63636,
                        6.18182,
                        12.18182
                    ],
                    "texture": "#1"
                },
                "up": {
                    "uv": [
                        12.72727,
                        9.81818,
                        12.36364,
                        9.45455
                    ],
                    "texture": "#1"
                }
            }
        },
        {
            "from": [
                7.5,
                5.68198,
                7.5
            ],
            "to": [
                8.5,
                7.18198,
                8.5
            ],
            "rotation": {
                "angle": 0,
                "axis": "y",
                "origin": [
                    7.5,
                    5.68198,
                    7.5
                ]
            },
            "faces": {
                "north": {
                    "uv": [
                        11.63636,
                        5.81818,
                        12,
                        6.36364
                    ],
                    "texture": "#1"
                },
                "east": {
                    "uv": [
                        6.54545,
                        11.63636,
                        6.90909,
                        12.18182
                    ],
                    "texture": "#1"
                },
                "south": {
                    "uv": [
                        11.63636,
                        6.90909,
                        12,
                        7.45455
                    ],
                    "texture": "#1"
                },
                "west": {
                    "uv": [
                        11.63636,
                        8,
                        12,
                        8.54545
                    ],
                    "texture": "#1"
                },
                "down": {
                    "uv": [
                        12.72727,
                        10.18182,
                        12.36364,
                        10.54545
                    ],
                    "texture": "#1"
                }
            }
        },
        {
            "from": [
                7.625,
                3.18198,
                7.625
            ],
            "to": [
                8.375,
                5.68198,
                8.375
            ],
            "rotation": {
                "angle": 0,
                "axis": "y",
                "origin": [
                    7.625,
                    4.18198,
                    7.375
                ]
            },
            "faces": {
                "north": {
                    "uv": [
                        5.09091,
                        11.27273,
                        5.36364,
                        12.18182
                    ],
                    "texture": "#1"
                },
                "east": {
                    "uv": [
                        7.27273,
                        11.27273,
                        7.54545,
                        12.18182
                    ],
                    "texture": "#1"
                },
                "south": {
                    "uv": [
                        8,
                        11.27273,
                        8.27273,
                        12.18182
                    ],
                    "texture": "#1"
                },
                "west": {
                    "uv": [
                        8.72727,
                        11.27273,
                        9,
                        12.18182
                    ],
                    "texture": "#1"
                }
            }
        },
        {
            "from": [
                7,
                7.68198,
                7
            ],
            "to": [
                9,
                9.68198,
                9
            ],
            "rotation": {
                "angle": 0,
                "axis": "y",
                "origin": [
                    7,
                    7.68198,
                    7
                ]
            },
            "faces": {
                "east": {
                    "uv": [
                        8.36364,
                        5.81818,
                        9.09091,
                        6.54545
                    ],
                    "texture": "#1"
                },
                "west": {
                    "uv": [
                        8.36364,
                        6.90909,
                        9.09091,
                        7.63636
                    ],
                    "texture": "#1"
                },
                "down": {
                    "uv": [
                        9.09091,
                        8,
                        8.36364,
                        8.72727
                    ],
                    "texture": "#1"
                }
            }
        },
        {
            "from": [
                6.875,
                5,
                6.85
            ],
            "to": [
                9.125,
                8,
                8.35
            ],
            "rotation": {
                "angle": -22.5,
                "axis": "x",
                "origin": [
                    -0.125,
                    5,
                    0.6
                ]
            },
            "faces": {
                "north": {
                    "uv": [
                        2.90909,
                        5.09091,
                        3.72727,
                        6.18182
                    ],
                    "texture": "#1"
                },
                "east": {
                    "uv": [
                        8,
                        1.09091,
                        8.54545,
                        2.18182
                    ],
                    "texture": "#1"
                },
                "south": {
                    "uv": [
                        5.09091,
                        2.90909,
                        5.90909,
                        4
                    ],
                    "texture": "#1"
                },
                "west": {
                    "uv": [
                        1.45455,
                        8,
                        2,
                        9.09091
                    ],
                    "texture": "#1"
                },
                "up": {
                    "uv": [
                        9.90909,
                        2,
                        9.09091,
                        1.45455
                    ],
                    "texture": "#1"
                },
                "down": {
                    "uv": [
                        8.81818,
                        9.09091,
                        8,
                        9.63636
                    ],
                    "texture": "#1"
                }
            }
        },
        {
            "from": [
                6.75,
                8,
                8.5
            ],
            "to": [
                9.25,
                10,
                10.5
            ],
            "rotation": {
                "angle": -45,
                "axis": "x",
                "origin": [
                    7,
                    7.5,
                    8
                ]
            },
            "faces": {
                "north": {
                    "uv": [
                        7.27273,
                        4.72727,
                        8.18182,
                        5.45455
                    ],
                    "texture": "#1"
                },
                "east": {
                    "uv": [
                        8.72727,
                        2.54545,
                        9.45455,
                        3.27273
                    ],
                    "texture": "#1"
                },
                "south": {
                    "uv": [
                        7.63636,
                        0,
                        8.54545,
                        0.72727
                    ],
                    "texture": "#1"
                },
                "west": {
                    "uv": [
                        8.72727,
                        3.63636,
                        9.45455,
                        4.36364
                    ],
                    "texture": "#1"
                },
                "up": {
                    "uv": [
                        6,
                        8.36364,
                        5.09091,
                        7.63636
                    ],
                    "texture": "#1"
                },
                "down": {
                    "uv": [
                        0.90909,
                        8,
                        0,
                        8.72727
                    ],
                    "texture": "#1"
                }
            }
        },
        {
            "from": [
                7.375,
                -4,
                7.85
            ],
            "to": [
                8.625,
                -2.25,
                8.85
            ],
            "rotation": {
                "angle": -22.5,
                "axis": "x",
                "origin": [
                    -0.625,
                    -4,
                    1.1
                ]
            },
            "faces": {
                "north": {
                    "uv": [
                        10.90909,
                        0,
                        11.36364,
                        0.63636
                    ],
                    "texture": "#1"
                },
                "east": {
                    "uv": [
                        6.54545,
                        3.27273,
                        6.90909,
                        3.90909
                    ],
                    "texture": "#1"
                },
                "south": {
                    "uv": [
                        10.90909,
                        2.54545,
                        11.36364,
                        3.18182
                    ],
                    "texture": "#1"
                },
                "west": {
                    "uv": [
                        5.09091,
                        6.54545,
                        5.45455,
                        7.18182
                    ],
                    "texture": "#1"
                },
                "up": {
                    "uv": [
                        12.09091,
                        11.63636,
                        11.63636,
                        11.27273
                    ],
                    "texture": "#1"
                },
                "down": {
                    "uv": [
                        12.45455,
                        0,
                        12,
                        0.36364
                    ],
                    "texture": "#1"
                }
            }
        },
        {
            "from": [
                7.5,
                -1.72164,
                5.97332
            ],
            "to": [
                8.5,
                -0.47164,
                7.22332
            ],
            "rotation": {
                "angle": -45,
                "axis": "x",
                "origin": [
                    8,
                    -0.57273,
                    6.34526
                ]
            },
            "faces": {
                "north": {
                    "uv": [
                        12,
                        2.18182,
                        12.36364,
                        2.63636
                    ],
                    "texture": "#1"
                },
                "east": {
                    "uv": [
                        10.90909,
                        4.72727,
                        11.36364,
                        5.18182
                    ],
                    "texture": "#1"
                },
                "west": {
                    "uv": [
                        0.72727,
                        11.63636,
                        1.18182,
                        12.09091
                    ],
                    "texture": "#1"
                },
                "up": {
                    "uv": [
                        3.63636,
                        12.45455,
                        3.27273,
                        12
                    ],
                    "texture": "#1"
                },
                "down": {
                    "uv": [
                        12.36364,
                        3.27273,
                        12,
                        3.72727
                    ],
                    "texture": "#1"
                }
            }
        },
        {
            "from": [
                7.625,
                -1.24603,
                5.49816
            ],
            "to": [
                8.375,
                0.00397,
                7.24816
            ],
            "rotation": {
                "angle": 22.5,
                "axis": "x",
                "origin": [
                    8,
                    -0.55853,
                    6.06066
                ]
            },
            "faces": {
                "north": {
                    "uv": [
                        0,
                        13.09091,
                        0.27273,
                        13.54545
                    ],
                    "texture": "#1"
                },
                "east": {
                    "uv": [
                        3.27273,
                        10.90909,
                        3.90909,
                        11.36364
                    ],
                    "texture": "#1"
                },
                "west": {
                    "uv": [
                        10.90909,
                        3.63636,
                        11.54545,
                        4.09091
                    ],
                    "texture": "#1"
                },
                "up": {
                    "uv": [
                        11.90909,
                        9.72727,
                        11.63636,
                        9.09091
                    ],
                    "texture": "#1"
                },
                "down": {
                    "uv": [
                        11.90909,
                        10.18182,
                        11.63636,
                        10.81818
                    ],
                    "texture": "#1"
                }
            }
        },
        {
            "from": [
                6.875,
                5,
                7.65
            ],
            "to": [
                9.125,
                8,
                9.15
            ],
            "rotation": {
                "angle": 22.5,
                "axis": "x",
                "origin": [
                    -0.125,
                    5,
                    15.4
                ]
            },
            "faces": {
                "north": {
                    "uv": [
                        4.36364,
                        5.09091,
                        5.18182,
                        6.18182
                    ],
                    "texture": "#1"
                },
                "east": {
                    "uv": [
                        2.54545,
                        8,
                        3.09091,
                        9.09091
                    ],
                    "texture": "#1"
                },
                "south": {
                    "uv": [
                        5.81818,
                        4.36364,
                        6.63636,
                        5.45455
                    ],
                    "texture": "#1"
                },
                "west": {
                    "uv": [
                        3.63636,
                        8,
                        4.18182,
                        9.09091
                    ],
                    "texture": "#1"
                },
                "up": {
                    "uv": [
                        1.90909,
                        10,
                        1.09091,
                        9.45455
                    ],
                    "texture": "#1"
                },
                "down": {
                    "uv": [
                        3.36364,
                        9.45455,
                        2.54545,
                        10
                    ],
                    "texture": "#1"
                }
            }
        },
        {
            "from": [
                7.995,
                -3.49603,
                4.99816
            ],
            "to": [
                8.005,
                1.00397,
                6.99816
            ],
            "rotation": {
                "angle": 0,
                "axis": "y",
                "origin": [
                    8,
                    -0.80853,
                    6.06066
                ]
            },
            "faces": {
                "east": {
                    "uv": [
                        4.36364,
                        0,
                        3.63636,
                        1.63636
                    ],
                    "texture": "#1"
                },
                "west": {
                    "uv": [
                        3.63636,
                        0,
                        4.36364,
                        1.63636
                    ],
                    "texture": "#1"
                }
            }
        },
        {
            "from": [
                7.375,
                -4,
                7.15
            ],
            "to": [
                8.625,
                -2.25,
                8.15
            ],
            "rotation": {
                "angle": 22.5,
                "axis": "x",
                "origin": [
                    -0.625,
                    -4,
                    14.9
                ]
            },
            "faces": {
                "north": {
                    "uv": [
                        11.36364,
                        2.54545,
                        10.90909,
                        3.18182
                    ],
                    "texture": "#1"
                },
                "east": {
                    "uv": [
                        6.90909,
                        3.27273,
                        6.54545,
                        3.90909
                    ],
                    "texture": "#1"
                },
                "south": {
                    "uv": [
                        11.36364,
                        0,
                        10.90909,
                        0.63636
                    ],
                    "texture": "#1"
                },
                "west": {
                    "uv": [
                        5.45455,
                        6.54545,
                        5.09091,
                        7.18182
                    ],
                    "texture": "#1"
                },
                "up": {
                    "uv": [
                        12.09091,
                        11.27273,
                        11.63636,
                        11.63636
                    ],
                    "texture": "#1"
                },
                "down": {
                    "uv": [
                        12.45455,
                        0.36364,
                        12,
                        0
                    ],
                    "texture": "#1"
                }
            }
        },
        {
            "from": [
                7.5,
                -1.72164,
                8.77668
            ],
            "to": [
                8.5,
                -0.47164,
                10.02668
            ],
            "rotation": {
                "angle": 45,
                "axis": "x",
                "origin": [
                    8,
                    -0.57273,
                    9.65474
                ]
            },
            "faces": {
                "east": {
                    "uv": [
                        11.36364,
                        4.72727,
                        10.90909,
                        5.18182
                    ],
                    "texture": "#1"
                },
                "south": {
                    "uv": [
                        12.36364,
                        2.18182,
                        12,
                        2.63636
                    ],
                    "texture": "#1"
                },
                "west": {
                    "uv": [
                        1.18182,
                        11.63636,
                        0.72727,
                        12.09091
                    ],
                    "texture": "#1"
                },
                "up": {
                    "uv": [
                        3.63636,
                        12,
                        3.27273,
                        12.45455
                    ],
                    "texture": "#1"
                },
                "down": {
                    "uv": [
                        12.36364,
                        3.72727,
                        12,
                        3.27273
                    ],
                    "texture": "#1"
                }
            }
        },
        {
            "from": [
                7.625,
                -1.24603,
                8.75184
            ],
            "to": [
                8.375,
                0.00397,
                10.50184
            ],
            "rotation": {
                "angle": -22.5,
                "axis": "x",
                "origin": [
                    8,
                    -0.55853,
                    9.93934
                ]
            },
            "faces": {
                "east": {
                    "uv": [
                        3.90909,
                        10.90909,
                        3.27273,
                        11.36364
                    ],
                    "texture": "#1"
                },
                "south": {
                    "uv": [
                        0.27273,
                        13.09091,
                        0,
                        13.54545
                    ],
                    "texture": "#1"
                },
                "west": {
                    "uv": [
                        11.54545,
                        3.63636,
                        10.90909,
                        4.09091
                    ],
                    "texture": "#1"
                },
                "up": {
                    "uv": [
                        11.90909,
                        9.09091,
                        11.63636,
                        9.72727
                    ],
                    "texture": "#1"
                },
                "down": {
                    "uv": [
                        11.90909,
                        10.81818,
                        11.63636,
                        10.18182
                    ],
                    "texture": "#1"
                }
            }
        },
        {
            "from": [
                7.995,
                -3.49603,
                9.00184
            ],
            "to": [
                8.005,
                1.00397,
                11.00184
            ],
            "rotation": {
                "angle": 0,
                "axis": "y",
                "origin": [
                    8,
                    -0.80853,
                    9.93934
                ]
            },
            "faces": {
                "east": {
                    "uv": [
                        3.63636,
                        0,
                        4.36364,
                        1.63636
                    ],
                    "texture": "#1"
                },
                "west": {
                    "uv": [
                        4.36364,
                        0,
                        3.63636,
                        1.63636
                    ],
                    "texture": "#1"
                }
            }
        },
        {
            "from": [
                7.25,
                9.62132,
                7.25
            ],
            "to": [
                8.75,
                13.62132,
                8.75
            ],
            "rotation": {
                "angle": 0,
                "axis": "y",
                "origin": [
                    7.25,
                    9.62132,
                    7.25
                ]
            },
            "faces": {
                "north": {
                    "uv": [
                        5.81818,
                        5.81818,
                        6.36364,
                        7.27273
                    ],
                    "texture": "#1"
                },
                "east": {
                    "uv": [
                        0,
                        6.18182,
                        0.54545,
                        7.63636
                    ],
                    "texture": "#1"
                },
                "south": {
                    "uv": [
                        1.09091,
                        6.18182,
                        1.63636,
                        7.63636
                    ],
                    "texture": "#1"
                },
                "west": {
                    "uv": [
                        6.54545,
                        0,
                        7.09091,
                        1.45455
                    ],
                    "texture": "#1"
                }
            }
        },
        {
            "from": [
                7,
                13.62132,
                7
            ],
            "to": [
                9,
                14.12132,
                9
            ],
            "rotation": {
                "angle": 0,
                "axis": "y",
                "origin": [
                    7.25,
                    9.12132,
                    7.25
                ]
            },
            "faces": {
                "north": {
                    "uv": [
                        12.36364,
                        12,
                        13.09091,
                        12.18182
                    ],
                    "texture": "#1"
                },
                "east": {
                    "uv": [
                        0.72727,
                        12.72727,
                        1.45455,
                        12.90909
                    ],
                    "texture": "#1"
                },
                "south": {
                    "uv": [
                        1.81818,
                        12.72727,
                        2.54545,
                        12.90909
                    ],
                    "texture": "#1"
                },
                "west": {
                    "uv": [
                        12.72727,
                        2.18182,
                        13.45455,
                        2.36364
                    ],
                    "texture": "#1"
                },
                "up": {
                    "uv": [
                        5.45455,
                        9.45455,
                        4.72727,
                        8.72727
                    ],
                    "texture": "#1"
                },
                "down": {
                    "uv": [
                        9.45455,
                        4.72727,
                        8.72727,
                        5.45455
                    ],
                    "texture": "#1"
                }
            }
        },
        {
            "from": [
                7.125,
                17.12132,
                7.125
            ],
            "to": [
                8.875,
                17.62132,
                8.875
            ],
            "rotation": {
                "angle": 0,
                "axis": "y",
                "origin": [
                    7.125,
                    12.62132,
                    7.125
                ]
            },
            "faces": {
                "east": {
                    "uv": [
                        4,
                        13.45455,
                        4.63636,
                        13.63636
                    ],
                    "texture": "#1"
                },
                "south": {
                    "uv": [
                        5.09091,
                        13.45455,
                        5.72727,
                        13.63636
                    ],
                    "texture": "#1"
                },
                "west": {
                    "uv": [
                        6.18182,
                        13.45455,
                        6.81818,
                        13.63636
                    ],
                    "texture": "#1"
                },
                "up": {
                    "uv": [
                        4.63636,
                        10.45455,
                        4,
                        9.81818
                    ],
                    "texture": "#1"
                },
                "down": {
                    "uv": [
                        10.45455,
                        4.72727,
                        9.81818,
                        5.36364
                    ],
                    "texture": "#1"
                }
            }
        },
        {
            "from": [
                7.25,
                20.20878,
                6.08967
            ],
            "to": [
                8.75,
                20.70878,
                7.58967
            ],
            "rotation": {
                "angle": -22.5,
                "axis": "x",
                "origin": [
                    8.125,
                    20.45878,
                    7.21467
                ]
            },
            "faces": {
                "north": {
                    "uv": [
                        2.90909,
                        13.81818,
                        3.45455,
                        14
                    ],
                    "texture": "#1"
                },
                "east": {
                    "uv": [
                        13.81818,
                        2.90909,
                        14.36364,
                        3.09091
                    ],
                    "texture": "#1"
                },
                "south": {
                    "uv": [
                        13.81818,
                        3.63636,
                        14.36364,
                        3.81818
                    ],
                    "texture": "#1"
                },
                "west": {
                    "uv": [
                        13.81818,
                        4.36364,
                        14.36364,
                        4.54545
                    ],
                    "texture": "#1"
                },
                "up": {
                    "uv": [
                        11.09091,
                        8.54545,
                        10.54545,
                        8
                    ],
                    "texture": "#1"
                },
                "down": {
                    "uv": [
                        11.09091,
                        9.09091,
                        10.54545,
                        9.63636
                    ],
                    "texture": "#1"
                }
            }
        },
        {
            "from": [
                7.375,
                14.12132,
                7.375
            ],
            "to": [
                8.625,
                17.12132,
                8.625
            ],
            "rotation": {
                "angle": 0,
                "axis": "y",
                "origin": [
                    7.375,
                    14.12132,
                    7.375
                ]
            },
            "faces": {
                "north": {
                    "uv": [
                        5.81818,
                        8.72727,
                        6.27273,
                        9.81818
                    ],
                    "texture": "#1"
                },
                "east": {
                    "uv": [
                        6.90909,
                        8.72727,
                        7.36364,
                        9.81818
                    ],
                    "texture": "#1"
                },
                "south": {
                    "uv": [
                        0,
                        9.09091,
                        0.45455,
                        10.18182
                    ],
                    "texture": "#1"
                },
                "west": {
                    "uv": [
                        9.09091,
                        0,
                        9.54545,
                        1.09091
                    ],
                    "texture": "#1"
                }
            }
        },
        {
            "from": [
                7.5,
                17.12132,
                7.65
            ],
            "to": [
                8.5,
                20.12132,
                8.65
            ],
            "rotation": {
                "angle": -22.5,
                "axis": "x",
                "origin": [
                    7.5,
                    17.12132,
                    7.65
                ]
            },
            "faces": {
                "north": {
                    "uv": [
                        5.09091,
                        9.81818,
                        5.45455,
                        10.90909
                    ],
                    "texture": "#1"
                },
                "east": {
                    "uv": [
                        10.18182,
                        0,
                        10.54545,
                        1.09091
                    ],
                    "texture": "#1"
                },
                "south": {
                    "uv": [
                        5.81818,
                        10.18182,
                        6.18182,
                        11.27273
                    ],
                    "texture": "#1"
                },
                "west": {
                    "uv": [
                        6.54545,
                        10.18182,
                        6.90909,
                        11.27273
                    ],
                    "texture": "#1"
                }
            }
        },
        {
            "from": [
                7.625,
                20.11519,
                5.01237
            ],
            "to": [
                8.375,
                22.61519,
                5.76237
            ],
            "rotation": {
                "angle": -45,
                "axis": "x",
                "origin": [
                    8,
                    22.11519,
                    5.98737
                ]
            },
            "faces": {
                "north": {
                    "uv": [
                        9.45455,
                        11.27273,
                        9.72727,
                        12.18182
                    ],
                    "texture": "#1"
                },
                "east": {
                    "uv": [
                        10.18182,
                        11.27273,
                        10.45455,
                        12.18182
                    ],
                    "texture": "#1"
                },
                "south": {
                    "uv": [
                        10.90909,
                        11.27273,
                        11.18182,
                        12.18182
                    ],
                    "texture": "#1"
                },
                "west": {
                    "uv": [
                        0,
                        11.63636,
                        0.27273,
                        12.54545
                    ],
                    "texture": "#1"
                },
                "up": {
                    "uv": [
                        14.09091,
                        12.63636,
                        13.81818,
                        12.36364
                    ],
                    "texture": "#1"
                }
            }
        },
        {
            "from": [
                7.0035,
                13.25767,
                6.67179
            ],
            "to": [
                8.9965,
                13.75767,
                7.17179
            ],
            "rotation": {
                "angle": -22.5,
                "axis": "x",
                "origin": [
                    8.0035,
                    13.50767,
                    6.17179
                ]
            },
            "faces": {
                "north": {
                    "uv": [
                        12.72727,
                        2.90909,
                        13.45455,
                        3.09091
                    ],
                    "texture": "#1"
                },
                "east": {
                    "uv": [
                        13.09091,
                        14.18182,
                        13.27273,
                        14.36364
                    ],
                    "texture": "#1"
                },
                "west": {
                    "uv": [
                        2.90909,
                        14.54545,
                        3.09091,
                        14.72727
                    ],
                    "texture": "#1"
                },
                "up": {
                    "uv": [
                        13.45455,
                        3.81818,
                        12.72727,
                        3.63636
                    ],
                    "texture": "#1"
                },
                "down": {
                    "uv": [
                        4.72727,
                        12.72727,
                        4,
                        12.90909
                    ],
                    "texture": "#1"
                }
            }
        },
        {
            "from": [
                7.0035,
                13.25767,
                5.17179
            ],
            "to": [
                8.9965,
                13.75767,
                5.67179
            ],
            "rotation": {
                "angle": -22.5,
                "axis": "x",
                "origin": [
                    8.0035,
                    13.50767,
                    6.17179
                ]
            },
            "faces": {
                "north": {
                    "uv": [
                        12.72727,
                        4.36364,
                        13.45455,
                        4.54545
                    ],
                    "texture": "#1"
                },
                "east": {
                    "uv": [
                        14.54545,
                        11.63636,
                        14.72727,
                        11.81818
                    ],
                    "texture": "#1"
                },
                "south": {
                    "uv": [
                        5.09091,
                        12.72727,
                        5.81818,
                        12.90909
                    ],
                    "texture": "#1"
                },
                "west": {
                    "uv": [
                        14.54545,
                        12.36364,
                        14.72727,
                        12.54545
                    ],
                    "texture": "#1"
                },
                "up": {
                    "uv": [
                        13.45455,
                        5.27273,
                        12.72727,
                        5.09091
                    ],
                    "texture": "#1"
                },
                "down": {
                    "uv": [
                        6.90909,
                        12.72727,
                        6.18182,
                        12.90909
                    ],
                    "texture": "#1"
                }
            }
        },
        {
            "from": [
                7.0035,
                13.25767,
                5.67179
            ],
            "to": [
                7.5035,
                13.75767,
                6.67179
            ],
            "rotation": {
                "angle": -22.5,
                "axis": "x",
                "origin": [
                    8.0035,
                    13.50767,
                    6.17179
                ]
            },
            "faces": {
                "east": {
                    "uv": [
                        13.81818,
                        13.09091,
                        14.18182,
                        13.27273
                    ],
                    "texture": "#1"
                },
                "west": {
                    "uv": [
                        13.81818,
                        13.81818,
                        14.18182,
                        14
                    ],
                    "texture": "#1"
                },
                "up": {
                    "uv": [
                        0.18182,
                        14.54545,
                        0,
                        14.18182
                    ],
                    "texture": "#1"
                },
                "down": {
                    "uv": [
                        14.36364,
                        0,
                        14.18182,
                        0.36364
                    ],
                    "texture": "#1"
                }
            }
        },
        {
            "from": [
                8.4965,
                13.25767,
                5.67179
            ],
            "to": [
                8.9965,
                13.75767,
                6.67179
            ],
            "rotation": {
                "angle": -22.5,
                "axis": "x",
                "origin": [
                    7.9965,
                    13.50767,
                    6.17179
                ]
            },
            "faces": {
                "east": {
                    "uv": [
                        0.72727,
                        14.18182,
                        1.09091,
                        14.36364
                    ],
                    "texture": "#1"
                },
                "west": {
                    "uv": [
                        14.18182,
                        0.72727,
                        14.54545,
                        0.90909
                    ],
                    "texture": "#1"
                },
                "up": {
                    "uv": [
                        1.63636,
                        14.54545,
                        1.45455,
                        14.18182
                    ],
                    "texture": "#1"
                },
                "down": {
                    "uv": [
                        14.36364,
                        1.45455,
                        14.18182,
                        1.81818
                    ],
                    "texture": "#1"
                }
            }
        },
        {
            "from": [
                7.0035,
                16.75767,
                6.79679
            ],
            "to": [
                8.9965,
                17.25767,
                7.29679
            ],
            "rotation": {
                "angle": -22.5,
                "axis": "x",
                "origin": [
                    8.0035,
                    17.00767,
                    6.29679
                ]
            },
            "faces": {
                "north": {
                    "uv": [
                        13.09091,
                        0.72727,
                        13.81818,
                        0.90909
                    ],
                    "texture": "#1"
                },
                "east": {
                    "uv": [
                        14.54545,
                        13.81818,
                        14.72727,
                        14
                    ],
                    "texture": "#1"
                },
                "west": {
                    "uv": [
                        14.54545,
                        14.54545,
                        14.72727,
                        14.72727
                    ],
                    "texture": "#1"
                },
                "up": {
                    "uv": [
                        13.81818,
                        1.63636,
                        13.09091,
                        1.45455
                    ],
                    "texture": "#1"
                },
                "down": {
                    "uv": [
                        3.63636,
                        13.09091,
                        2.90909,
                        13.27273
                    ],
                    "texture": "#1"
                }
            }
        },
        {
            "from": [
                7.0035,
                16.75767,
                5.79679
            ],
            "to": [
                7.5035,
                17.25767,
                6.79679
            ],
            "rotation": {
                "angle": -22.5,
                "axis": "x",
                "origin": [
                    8.0035,
                    17.00767,
                    6.29679
                ]
            },
            "faces": {
                "east": {
                    "uv": [
                        14.18182,
                        5.81818,
                        14.54545,
                        6
                    ],
                    "texture": "#1"
                },
                "west": {
                    "uv": [
                        6.18182,
                        14.18182,
                        6.54545,
                        14.36364
                    ],
                    "texture": "#1"
                },
                "up": {
                    "uv": [
                        14.36364,
                        6.90909,
                        14.18182,
                        6.54545
                    ],
                    "texture": "#1"
                },
                "down": {
                    "uv": [
                        7.09091,
                        14.18182,
                        6.90909,
                        14.54545
                    ],
                    "texture": "#1"
                }
            }
        },
        {
            "from": [
                7.0035,
                16.75767,
                5.29679
            ],
            "to": [
                8.9965,
                17.25767,
                5.79679
            ],
            "rotation": {
                "angle": -22.5,
                "axis": "x",
                "origin": [
                    8.0035,
                    17.00767,
                    6.29679
                ]
            },
            "faces": {
                "north": {
                    "uv": [
                        12.72727,
                        10.90909,
                        13.45455,
                        11.09091
                    ],
                    "texture": "#1"
                },
                "east": {
                    "uv": [
                        14.54545,
                        13.09091,
                        14.72727,
                        13.27273
                    ],
                    "texture": "#1"
                },
                "south": {
                    "uv": [
                        11.63636,
                        12.72727,
                        12.36364,
                        12.90909
                    ],
                    "texture": "#1"
                },
                "west": {
                    "uv": [
                        13.81818,
                        14.54545,
                        14,
                        14.72727
                    ],
                    "texture": "#1"
                },
                "up": {
                    "uv": [
                        13.45455,
                        12.90909,
                        12.72727,
                        12.72727
                    ],
                    "texture": "#1"
                },
                "down": {
                    "uv": [
                        13.81818,
                        0,
                        13.09091,
                        0.18182
                    ],
                    "texture": "#1"
                }
            }
        },
        {
            "from": [
                8.4965,
                16.75767,
                5.79679
            ],
            "to": [
                8.9965,
                17.25767,
                6.79679
            ],
            "rotation": {
                "angle": -22.5,
                "axis": "x",
                "origin": [
                    7.9965,
                    17.00767,
                    6.29679
                ]
            },
            "faces": {
                "east": {
                    "uv": [
                        2.18182,
                        14.18182,
                        2.54545,
                        14.36364
                    ],
                    "texture": "#1"
                },
                "west": {
                    "uv": [
                        4,
                        14.18182,
                        4.36364,
                        14.36364
                    ],
                    "texture": "#1"
                },
                "up": {
                    "uv": [
                        4.90909,
                        14.54545,
                        4.72727,
                        14.18182
                    ],
                    "texture": "#1"
                },
                "down": {
                    "uv": [
                        5.63636,
                        14.18182,
                        5.45455,
                        14.54545
                    ],
                    "texture": "#1"
                }
            }
        },
        {
            "from": [
                7.0035,
                20.29188,
                5.26761
            ],
            "to": [
                8.9965,
                20.79188,
                5.76761
            ],
            "rotation": {
                "angle": -45,
                "axis": "x",
                "origin": [
                    8,
                    20.54188,
                    4.76761
                ]
            },
            "faces": {
                "north": {
                    "uv": [
                        13.09091,
                        8.72727,
                        13.81818,
                        8.90909
                    ],
                    "texture": "#1"
                },
                "east": {
                    "uv": [
                        0.72727,
                        14.90909,
                        0.90909,
                        15.09091
                    ],
                    "texture": "#1"
                },
                "west": {
                    "uv": [
                        14.90909,
                        0.72727,
                        15.09091,
                        0.90909
                    ],
                    "texture": "#1"
                },
                "up": {
                    "uv": [
                        13.81818,
                        9.63636,
                        13.09091,
                        9.45455
                    ],
                    "texture": "#1"
                },
                "down": {
                    "uv": [
                        13.81818,
                        10.18182,
                        13.09091,
                        10.36364
                    ],
                    "texture": "#1"
                }
            }
        },
        {
            "from": [
                8.4965,
                20.29188,
                4.26761
            ],
            "to": [
                8.9965,
                20.79188,
                5.26761
            ],
            "rotation": {
                "angle": -45,
                "axis": "x",
                "origin": [
                    8,
                    20.54188,
                    4.76761
                ]
            },
            "faces": {
                "east": {
                    "uv": [
                        14.18182,
                        8.72727,
                        14.54545,
                        8.90909
                    ],
                    "texture": "#1"
                },
                "west": {
                    "uv": [
                        9.09091,
                        14.18182,
                        9.45455,
                        14.36364
                    ],
                    "texture": "#1"
                },
                "up": {
                    "uv": [
                        14.36364,
                        9.81818,
                        14.18182,
                        9.45455
                    ],
                    "texture": "#1"
                },
                "down": {
                    "uv": [
                        10,
                        14.18182,
                        9.81818,
                        14.54545
                    ],
                    "texture": "#1"
                }
            }
        },
        {
            "from": [
                7.0035,
                20.29188,
                3.76761
            ],
            "to": [
                8.9965,
                20.79188,
                4.26761
            ],
            "rotation": {
                "angle": -45,
                "axis": "x",
                "origin": [
                    8,
                    20.54188,
                    4.76761
                ]
            },
            "faces": {
                "north": {
                    "uv": [
                        13.09091,
                        5.81818,
                        13.81818,
                        6
                    ],
                    "texture": "#1"
                },
                "east": {
                    "uv": [
                        0,
                        14.90909,
                        0.18182,
                        15.09091
                    ],
                    "texture": "#1"
                },
                "south": {
                    "uv": [
                        13.09091,
                        6.54545,
                        13.81818,
                        6.72727
                    ],
                    "texture": "#1"
                },
                "west": {
                    "uv": [
                        14.90909,
                        0,
                        15.09091,
                        0.18182
                    ],
                    "texture": "#1"
                },
                "up": {
                    "uv": [
                        13.81818,
                        7.45455,
                        13.09091,
                        7.27273
                    ],
                    "texture": "#1"
                },
                "down": {
                    "uv": [
                        13.81818,
                        8,
                        13.09091,
                        8.18182
                    ],
                    "texture": "#1"
                }
            }
        },
        {
            "from": [
                7.0035,
                20.29188,
                4.26761
            ],
            "to": [
                7.5035,
                20.79188,
                5.26761
            ],
            "rotation": {
                "angle": -45,
                "axis": "x",
                "origin": [
                    8,
                    20.54188,
                    4.76761
                ]
            },
            "faces": {
                "east": {
                    "uv": [
                        14.18182,
                        7.27273,
                        14.54545,
                        7.45455
                    ],
                    "texture": "#1"
                },
                "west": {
                    "uv": [
                        7.63636,
                        14.18182,
                        8,
                        14.36364
                    ],
                    "texture": "#1"
                },
                "up": {
                    "uv": [
                        14.36364,
                        8.36364,
                        14.18182,
                        8
                    ],
                    "texture": "#1"
                },
                "down": {
                    "uv": [
                        8.54545,
                        14.18182,
                        8.36364,
                        14.54545
                    ],
                    "texture": "#1"
                }
            }
        },
        {
            "from": [
                7.985,
                9.25,
                4.1
            ],
            "to": [
                8.015,
                21.25,
                7.35
            ],
            "rotation": {
                "angle": 0,
                "axis": "y",
                "origin": [
                    7.985,
                    9.25,
                    3.35
                ]
            },
            "faces": {
                "east": {
                    "uv": [
                        3,
                        0,
                        1.81818,
                        4.36364
                    ],
                    "texture": "#1"
                },
                "west": {
                    "uv": [
                        1.81818,
                        0,
                        3,
                        4.36364
                    ],
                    "texture": "#1"
                }
            }
        },
        {
            "from": [
                6.5,
                18,
                4.7505
            ],
            "to": [
                6.53,
                24,
                7.7505
            ],
            "rotation": {
                "angle": -22.5,
                "axis": "x",
                "origin": [
                    8,
                    21,
                    6.75
                ]
            },
            "faces": {
                "east": {
                    "uv": [
                        12,
                        0,
                        9,
                        6
                    ],
                    "texture": "#2"
                },
                "west": {
                    "uv": [
                        9,
                        0,
                        12,
                        6
                    ],
                    "texture": "#2"
                }
            }
        },
        {
            "from": [
                6.5,
                18,
                7.7205
            ],
            "to": [
                9.5,
                24,
                7.7505
            ],
            "rotation": {
                "angle": -22.5,
                "axis": "x",
                "origin": [
                    8,
                    21,
                    6.75
                ]
            },
            "faces": {
                "north": {
                    "uv": [
                        3,
                        0,
                        0,
                        6
                    ],
                    "texture": "#2"
                },
                "south": {
                    "uv": [
                        0,
                        0,
                        3,
                        6
                    ],
                    "texture": "#2"
                }
            }
        },
        {
            "from": [
                9.47,
                18,
                4.7495
            ],
            "to": [
                9.5,
                24,
                7.7495
            ],
            "rotation": {
                "angle": -22.5,
                "axis": "x",
                "origin": [
                    8,
                    21,
                    6.75
                ]
            },
            "faces": {
                "east": {
                    "uv": [
                        3,
                        0,
                        6,
                        6
                    ],
                    "texture": "#2"
                },
                "west": {
                    "uv": [
                        6,
                        0,
                        3,
                        6
                    ],
                    "texture": "#2"
                }
            }
        },
        {
            "from": [
                6.5,
                18,
                4.7495
            ],
            "to": [
                9.5,
                24,
                4.7795
            ],
            "rotation": {
                "angle": -22.5,
                "axis": "x",
                "origin": [
                    8,
                    21,
                    6.75
                ]
            },
            "faces": {
                "north": {
                    "uv": [
                        6,
                        0,
                        9,
                        6
                    ],
                    "texture": "#2"
                },
                "south": {
                    "uv": [
                        9,
                        0,
                        6,
                        6
                    ],
                    "texture": "#2"
                }
            }
        },
        {
            "from": [
                6.35405,
                11.26538,
                10.05416
            ],
            "to": [
                9.35405,
                17.26538,
                10.08416
            ],
            "rotation": {
                "angle": -45,
                "axis": "y",
                "origin": [
                    8.35355,
                    15.26538,
                    8.58416
                ]
            },
            "faces": {
                "north": {
                    "uv": [
                        12,
                        0,
                        9,
                        6
                    ],
                    "texture": "#2"
                },
                "south": {
                    "uv": [
                        9,
                        0,
                        12,
                        6
                    ],
                    "texture": "#2"
                }
            }
        },
        {
            "from": [
                9.32405,
                11.26538,
                7.08416
            ],
            "to": [
                9.35405,
                17.26538,
                10.08416
            ],
            "rotation": {
                "angle": -45,
                "axis": "y",
                "origin": [
                    8.35355,
                    15.26538,
                    8.58416
                ]
            },
            "faces": {
                "east": {
                    "uv": [
                        0,
                        0,
                        3,
                        6
                    ],
                    "texture": "#2"
                },
                "west": {
                    "uv": [
                        3,
                        0,
                        0,
                        6
                    ],
                    "texture": "#2"
                }
            }
        },
        {
            "from": [
                6.35305,
                11.26538,
                7.08416
            ],
            "to": [
                9.35305,
                17.26538,
                7.11416
            ],
            "rotation": {
                "angle": -45,
                "axis": "y",
                "origin": [
                    8.35355,
                    15.26538,
                    8.58416
                ]
            },
            "faces": {
                "north": {
                    "uv": [
                        3,
                        0,
                        6,
                        6
                    ],
                    "texture": "#2"
                },
                "south": {
                    "uv": [
                        6,
                        0,
                        3,
                        6
                    ],
                    "texture": "#2"
                }
            }
        },
        {
            "from": [
                6.35305,
                11.26538,
                7.08416
            ],
            "to": [
                6.38305,
                17.26538,
                10.08416
            ],
            "rotation": {
                "angle": -45,
                "axis": "y",
                "origin": [
                    8.35355,
                    15.26538,
                    8.58416
                ]
            },
            "faces": {
                "east": {
                    "uv": [
                        9,
                        0,
                        6,
                        6
                    ],
                    "texture": "#2"
                },
                "west": {
                    "uv": [
                        6,
                        0,
                        9,
                        6
                    ],
                    "texture": "#2"
                }
            }
        }
    ],
    "gui_light": "front",
    "display": {
        "thirdperson_righthand": {
            "rotation": [
                21.75,
                0,
                0
            ],
            "translation": [
                0,
                0.75,
                1
            ]
        },
        "thirdperson_lefthand": {
            "rotation": [
                21.75,
                0,
                0
            ],
            "translation": [
                0,
                0.75,
                1
            ]
        },
        "firstperson_righthand": {
            "rotation": [
                -37.25,
                0,
                0
            ],
            "translation": [
                2,
                1.25,
                0.75
            ],
            "scale": [
                0.7,
                0.7,
                0.7
            ]
        },
        "firstperson_lefthand": {
            "rotation": [
                -37.25,
                0,
                0
            ],
            "translation": [
                2,
                1.25,
                0.75
            ],
            "scale": [
                0.7,
                0.7,
                0.7
            ]
        },
        "ground": {
            "rotation": [
                -45,
                0,
                0
            ],
            "translation": [
                0,
                3,
                0
            ],
            "scale": [
                0.7,
                0.7,
                0.7
            ]
        },
        "gui": {
            "rotation": [
                -90,
                45,
                90
            ],
            "translation": [
                1,
                0.25,
                0
            ],
            "scale": [
                0.7,
                0.7,
                0.7
            ]
        },
        "head": {
            "rotation": [
                0,
                -90,
                0
            ]
        },
        "fixed": {
            "rotation": [
                0,
                -90,
                0
            ],
            "translation": [
                0,
                0,
                -1.75
            ],
            "scale": [
                2,
                2,
                2
            ]
        }
    }
}