{"credit":"Pologony Creation Co.,Ltd.","textures":{"0":"darkwitherset:helmet","1":"darkwitherset:animations/helmet_animation","particle":"darkwitherset:helmet"},"elements":[{"from":[12,3.75,4],"to":[13,5.75,9],"rotation":{"angle":0,"axis":"y","origin":[13,3.75,4]},"faces":{"north":{"uv":[2.4,11.6,2.8,12.4],"texture":"#0","tintindex":0},"east":{"uv":[8.8,2.8,10.8,3.6],"texture":"#0","tintindex":0},"south":{"uv":[6.4,11.6,6.8,12.4],"texture":"#0","tintindex":0},"west":{"uv":[8.8,4,10.8,4.8],"texture":"#0","tintindex":0},"down":{"uv":[11.6,2.8,11.2,4.8],"texture":"#0","tintindex":0}}},{"from":[12,5.75,4],"to":[13,11.75,13],"rotation":{"angle":0,"axis":"y","origin":[13,5.75,9]},"faces":{"east":{"uv":[4.4,6.4,8,8.8],"texture":"#0","tintindex":0},"south":{"uv":[1.6,11.6,2,14],"texture":"#0","tintindex":0},"west":{"uv":[8.4,6.4,12,8.8],"texture":"#0","tintindex":0},"down":{"uv":[4,10.8,3.6,14.4],"texture":"#0","tintindex":0}}},{"from":[3,5.75,4],"to":[4,11.75,13],"rotation":{"angle":0,"axis":"y","origin":[3,5.75,9]},"faces":{"east":{"uv":[12,6.4,8.4,8.8],"texture":"#0","tintindex":0},"south":{"uv":[2,11.6,1.6,14],"texture":"#0","tintindex":0},"west":{"uv":[8,6.4,4.4,8.8],"texture":"#0","tintindex":0},"down":{"uv":[3.6,10.8,4,14.4],"texture":"#0","tintindex":0}}},{"from":[3,3.75,4],"to":[4,5.75,9],"rotation":{"angle":0,"axis":"y","origin":[3,3.75,4]},"faces":{"north":{"uv":[2.8,11.6,2.4,12.4],"texture":"#0","tintindex":0},"east":{"uv":[10.8,4,8.8,4.8],"texture":"#0","tintindex":0},"south":{"uv":[6.8,11.6,6.4,12.4],"texture":"#0","tintindex":0},"west":{"uv":[10.8,2.8,8.8,3.6],"texture":"#0","tintindex":0},"down":{"uv":[11.2,2.8,11.6,4.8],"texture":"#0","tintindex":0}}},{"from":[3,4.75,3],"to":[13,11.75,4],"rotation":{"angle":0,"axis":"y","origin":[13,9.75,3]},"faces":{"north":{"uv":[4.4,0,8.4,2.8],"texture":"#0","tintindex":0},"east":{"uv":[0,11.6,0.4,14.4],"texture":"#0","tintindex":0},"south":{"uv":[4.4,3.2,8.4,6],"texture":"#0","tintindex":0},"west":{"uv":[0.8,11.6,1.2,14.4],"texture":"#0","tintindex":0},"down":{"uv":[12.8,5.2,8.8,5.6],"texture":"#0","tintindex":0}}},{"from":[6,2.75,3],"to":[10,4.75,4],"rotation":{"angle":0,"axis":"y","origin":[9,9.75,3]},"faces":{"north":{"uv":[8,10.8,9.6,11.6],"texture":"#0","tintindex":0},"east":{"uv":[7.2,11.6,7.6,12.4],"texture":"#0","tintindex":0},"south":{"uv":[10,10.8,11.6,11.6],"texture":"#0","tintindex":0},"west":{"uv":[12,2.8,12.4,3.6],"texture":"#0","tintindex":0},"down":{"uv":[6,11.6,4.4,12],"texture":"#0","tintindex":0}}},{"from":[3,11.75,3],"to":[13,12.75,13],"rotation":{"angle":0,"axis":"y","origin":[13,12.75,3]},"faces":{"north":{"uv":[3.6,9.2,7.6,9.6],"texture":"#0","tintindex":0},"east":{"uv":[8,9.2,12,9.6],"texture":"#0","tintindex":0},"south":{"uv":[3.6,10,7.6,10.4],"texture":"#0","tintindex":0},"west":{"uv":[8,10,12,10.4],"texture":"#0","tintindex":0},"up":{"uv":[4,4,0,0],"texture":"#0","tintindex":0},"down":{"uv":[4,4.4,0,8.4],"texture":"#0","tintindex":0}}},{"from":[4,5.75,12],"to":[12,11.75,13],"rotation":{"angle":0,"axis":"y","origin":[12,5.75,12]},"faces":{"north":{"uv":[0,8.8,3.2,11.2],"texture":"#0","tintindex":0},"south":{"uv":[8.8,0,12,2.4],"texture":"#0","tintindex":0},"down":{"uv":[7.6,10.8,4.4,11.2],"texture":"#0","tintindex":0}}},{"from":[4.25,5.25,2.25],"to":[7.25,13.75,2.28],"rotation":{"angle":0,"axis":"y","origin":[6.25,5.75,2.25]},"faces":{"north":{"uv":[0,0,3,8.5],"texture":"#1","tintindex":0},"south":{"uv":[3,0,0,8.5],"texture":"#1","tintindex":0}}},{"from":[2.90224,5.25,3.01537],"to":[4.40224,13.75,3.04537],"rotation":{"angle":22.5,"axis":"y","origin":[2.40224,5.75,3.01537]},"faces":{"north":{"uv":[3,0,4.5,8.5],"texture":"#1","tintindex":0},"south":{"uv":[4.5,0,3,8.5],"texture":"#1","tintindex":0}}},{"from":[2.09881,5.25,2.67178],"to":[2.12881,13.75,3.67178],"rotation":{"angle":-22.5,"axis":"y","origin":[2.09881,5.75,4.67178]},"faces":{"east":{"uv":[5.5,0,4.5,8.5],"texture":"#1","tintindex":0},"west":{"uv":[4.5,0,5.5,8.5],"texture":"#1","tintindex":0}}},{"from":[2.4815,5.25,3.7479],"to":[2.5115,13.75,6.2479],"rotation":{"angle":0,"axis":"y","origin":[2.4815,5.75,5.7479]},"faces":{"east":{"uv":[8,0,5.5,8.5],"texture":"#1","tintindex":0},"west":{"uv":[5.5,0,8,8.5],"texture":"#1","tintindex":0}}},{"from":[8.75,5.25,2.25],"to":[11.75,13.75,2.28],"rotation":{"angle":0,"axis":"y","origin":[9.75,5.75,2.25]},"faces":{"north":{"uv":[3,0,0,8.5],"texture":"#1","tintindex":0},"south":{"uv":[0,0,3,8.5],"texture":"#1","tintindex":0}}},{"from":[11.59776,5.25,3.01537],"to":[13.09776,13.75,3.04537],"rotation":{"angle":-22.5,"axis":"y","origin":[13.59776,5.75,3.01537]},"faces":{"north":{"uv":[4.5,0,3,8.5],"texture":"#1","tintindex":0},"south":{"uv":[3,0,4.5,8.5],"texture":"#1","tintindex":0}}},{"from":[13.87119,5.25,2.67178],"to":[13.90119,13.75,3.67178],"rotation":{"angle":22.5,"axis":"y","origin":[13.90119,5.75,4.67178]},"faces":{"east":{"uv":[5.5,0,4.5,8.5],"texture":"#1","tintindex":0},"west":{"uv":[4.5,0,5.5,8.5],"texture":"#1","tintindex":0}}},{"from":[13.4885,5.25,3.7479],"to":[13.5185,13.75,6.2479],"rotation":{"angle":0,"axis":"y","origin":[13.5185,5.75,5.7479]},"faces":{"east":{"uv":[8,0,5.5,8.5],"texture":"#1","tintindex":0},"west":{"uv":[5.5,0,8,8.5],"texture":"#1","tintindex":0}}}],"gui_light":"front","display":{"thirdperson_righthand":{"rotation":[56,0,0],"translation":[0,3.25,0],"scale":[0.7,0.7,0.7]},"thirdperson_lefthand":{"rotation":[56,0,0],"translation":[0,3.25,0],"scale":[0.7,0.7,0.7]},"firstperson_righthand":{"rotation":[152.25,0,180],"translation":[0,3,0],"scale":[0.7,0.7,0.7]},"firstperson_lefthand":{"rotation":[152.25,0,180],"translation":[0,3,0],"scale":[0.7,0.7,0.7]},"ground":{"translation":[0,3,0],"scale":[0.7,0.7,0.7]},"gui":{"rotation":[0,180,0],"scale":[1.4,1.4,1.4]},"head":{"translation":[0,0.75,0],"scale":[1.6,1.6,1.6]},"fixed":{"rotation":[-90,0,0],"translation":[0,0,-10.75],"scale":[2,2,2]}}}