{"credit":"Pologony Creation Co.,Ltd.","texture_size":[40,40],"textures":{"2":"darkwitherset:animations/animation_1","3":"darkwitherset:animations/animation_2","4":"darkwitherset:animations/soul_animation_3","5":"darkwitherset:scythe","particle":"darkwitherset:animations/soul_animation_3"},"elements":[{"from":[7,17.18198,7],"to":[9,19.18198,9],"rotation":{"angle":0,"axis":"y","origin":[7,17.18198,7]},"faces":{"east":{"uv":[5.2,8.8,6,9.6],"texture":"#5"},"west":{"uv":[8.8,7.2,9.6,8],"texture":"#5"},"down":{"uv":[9.6,8.4,8.8,9.2],"texture":"#5"}}},{"from":[6.875,14.5,6.85],"to":[9.125,17.5,8.35],"rotation":{"angle":-22.5,"axis":"x","origin":[-0.125,14.5,0.6]},"faces":{"north":{"uv":[6,2.4,6.9,3.6],"texture":"#5"},"east":{"uv":[8,4,8.6,5.2],"texture":"#5"},"south":{"uv":[0,6.4,0.9,7.6],"texture":"#5"},"west":{"uv":[8,5.6,8.6,6.8],"texture":"#5"},"up":{"uv":[10.9,1.8,10,1.2],"texture":"#5"},"down":{"uv":[4.1,10,3.2,10.6],"texture":"#5"}}},{"from":[6.75,17.5,8.5],"to":[9.25,19.5,10.5],"rotation":{"angle":-45,"axis":"x","origin":[7,17,8]},"faces":{"north":{"uv":[7.6,2.8,8.6,3.6],"texture":"#5"},"east":{"uv":[0,9.2,0.8,10],"texture":"#5"},"south":{"uv":[3.2,7.6,4.2,8.4],"texture":"#5"},"west":{"uv":[9.2,2.8,10,3.6],"texture":"#5"},"up":{"uv":[5.8,8.4,4.8,7.6],"texture":"#5"},"down":{"uv":[1,8,0,8.8],"texture":"#5"}}},{"from":[7.5,15,5],"to":[8.5,18,8],"rotation":{"angle":-45,"axis":"x","origin":[7.5,15,4]},"faces":{"north":{"uv":[10,6.4,10.4,7.6],"texture":"#5"},"east":{"uv":[4.4,2,5.6,3.2],"texture":"#5"},"south":{"uv":[8,10,8.4,11.2],"texture":"#5"},"west":{"uv":[4.4,3.6,5.6,4.8],"texture":"#5"},"up":{"uv":[10.4,9.2,10,8],"texture":"#5"},"down":{"uv":[0.4,10.4,0,11.6],"texture":"#5"}}},{"from":[6.875,14.5,7.65],"to":[9.125,17.5,9.15],"rotation":{"angle":22.5,"axis":"x","origin":[-0.125,14.5,15.4]},"faces":{"north":{"uv":[6.4,4,7.3,5.2],"texture":"#5"},"east":{"uv":[6.4,8.4,7,9.6],"texture":"#5"},"south":{"uv":[6.4,5.6,7.3,6.8],"texture":"#5"},"west":{"uv":[7.6,8.4,8.2,9.6],"texture":"#5"},"up":{"uv":[5.7,10.6,4.8,10],"texture":"#5"},"down":{"uv":[7.3,10,6.4,10.6],"texture":"#5"}}},{"from":[7.5,15,8],"to":[8.5,17.5,10.5],"rotation":{"angle":45,"axis":"x","origin":[7.5,15,12]},"faces":{"north":{"uv":[10.8,4,11.2,5],"texture":"#5"},"east":{"uv":[7.2,0,8.2,1],"texture":"#5"},"south":{"uv":[10.8,5.6,11.2,6.6],"texture":"#5"},"west":{"uv":[1.6,7.2,2.6,8.2],"texture":"#5"},"up":{"uv":[11.2,8.2,10.8,7.2],"texture":"#5"},"down":{"uv":[10.8,10.8,10.4,11.8],"texture":"#5"}}},{"from":[7.475,15,5],"to":[7.475,18,8],"rotation":{"angle":-45,"axis":"x","origin":[7.475,15,4]},"faces":{"west":{"uv":[0,0,6,6],"texture":"#2"}}},{"from":[7.475,15,8],"to":[7.475,17.5,10.5],"rotation":{"angle":45,"axis":"x","origin":[7.475,15,12]},"faces":{"west":{"uv":[5,8.5,0,13.5],"texture":"#2"}}},{"from":[8.525,15,5],"to":[8.525,18,8],"rotation":{"angle":-45,"axis":"x","origin":[8.525,15,4]},"faces":{"east":{"uv":[6,0,0,6],"texture":"#2"}}},{"from":[8.525,15,8],"to":[8.525,17.5,10.5],"rotation":{"angle":45,"axis":"x","origin":[8.525,15,12]},"faces":{"east":{"uv":[0,8.5,5,13.5],"texture":"#2"}}},{"from":[7.5035,16.57282,2.403],"to":[8.4965,17.82282,5.903],"rotation":{"angle":-22.5,"axis":"x","origin":[7.0035,17.07282,1.028]},"faces":{"east":{"uv":[8.8,0,10.2,0.5],"texture":"#5"},"west":{"uv":[3.2,8.8,4.6,9.3],"texture":"#5"},"up":{"uv":[9.2,11,8.8,9.6],"texture":"#5"},"down":{"uv":[10,9.6,9.6,11],"texture":"#5"}}},{"from":[7.5085,16.4825,-2.25967],"to":[8.4915,17.7325,2.24033],"rotation":{"angle":-45,"axis":"x","origin":[7.0085,17.1825,1.36533]},"faces":{"north":{"uv":[13.6,4.8,14,5.3],"texture":"#5"},"east":{"uv":[6.4,7.2,8.2,7.7],"texture":"#5"},"west":{"uv":[7.6,1.6,9.4,2.1],"texture":"#5"},"up":{"uv":[2,10.6,1.6,8.8],"texture":"#5"},"down":{"uv":[2.8,8.8,2.4,10.6],"texture":"#5"}}},{"from":[7.2535,16.32282,1.903],"to":[8.7465,18.07282,2.403],"rotation":{"angle":-22.5,"axis":"x","origin":[7.0035,17.07282,1.028]},"faces":{"north":{"uv":[10.4,9.6,11,10.3],"texture":"#5"},"east":{"uv":[14,10.8,14.2,11.5],"texture":"#5"},"south":{"uv":[10.8,0,11.4,0.7],"texture":"#5"},"west":{"uv":[14,12,14.2,12.7],"texture":"#5"},"up":{"uv":[14.6,13.4,14,13.2],"texture":"#5"},"down":{"uv":[14.6,14,14,14.2],"texture":"#5"}}},{"from":[7.5035,17.28777,10.51932],"to":[8.4965,18.53777,13.49432],"rotation":{"angle":-22.5,"axis":"x","origin":[8,17.73,13.81389]},"faces":{"east":{"uv":[9.2,4,10.4,4.5],"texture":"#5"},"south":{"uv":[13.6,6,14,6.5],"texture":"#5"},"west":{"uv":[9.2,5.2,10.4,5.7],"texture":"#5"},"up":{"uv":[1.2,11.6,0.8,10.4],"texture":"#5"},"down":{"uv":[10.8,2.4,10.4,3.6],"texture":"#5"}}},{"from":[7.985,13.04821,3.00192],"to":[8.015,16.79821,7.00192],"rotation":{"angle":-22.5,"axis":"x","origin":[7.985,13.79821,-0.99808]},"faces":{"east":{"uv":[5.6,0,4,1.5],"texture":"#5"},"west":{"uv":[4,0,5.6,1.5],"texture":"#5"}}},{"from":[7.99,13.16148,-0.45415],"to":[8.01,16.85648,4.54585],"rotation":{"angle":-45,"axis":"x","origin":[7.99,13.86148,1.54585]},"faces":{"east":{"uv":[4,2.8,2,4.4],"texture":"#5"},"west":{"uv":[2,2.8,4,4.4],"texture":"#5"}}},{"from":[7.985,13.26453,10.95124],"to":[8.015,20.01453,14.95124],"rotation":{"angle":0,"axis":"y","origin":[8,17.92388,14.28539]},"faces":{"east":{"uv":[1.6,0,0,2.7],"texture":"#5"},"west":{"uv":[0,0,1.6,2.7],"texture":"#5"}}},{"from":[7.995,8.36252,-0.68378],"to":[8.005,13.11252,2.72622],"rotation":{"angle":22.5,"axis":"x","origin":[7.995,17.11252,2.31622]},"faces":{"east":{"uv":[3.6,0,2,2.1],"texture":"#5"},"west":{"uv":[2,0,3.6,2.1],"texture":"#5"}}},{"from":[6.4995,8.84311,1.24723],"to":[9.4995,14.84311,1.27723],"rotation":{"angle":22.5,"axis":"x","origin":[8,15.09311,0.52723]},"faces":{"north":{"uv":[12,0,9,6],"rotation":180,"texture":"#4"},"south":{"uv":[9,0,12,6],"rotation":180,"texture":"#4"}}},{"from":[9.4705,8.84311,-1.72277],"to":[9.5005,14.84311,1.27723],"rotation":{"angle":22.5,"axis":"x","origin":[8,15.09311,0.52723]},"faces":{"east":{"uv":[6,0,9,6],"rotation":180,"texture":"#4"},"west":{"uv":[9,0,6,6],"rotation":180,"texture":"#4"}}},{"from":[6.4995,8.84311,-1.72277],"to":[6.5295,14.84311,1.27723],"rotation":{"angle":22.5,"axis":"x","origin":[8,15.09311,0.52723]},"faces":{"east":{"uv":[3,0,0,6],"rotation":180,"texture":"#4"},"west":{"uv":[0,0,3,6],"rotation":180,"texture":"#4"}}},{"from":[6.5005,8.84311,-1.72277],"to":[9.5005,14.84311,-1.69277],"rotation":{"angle":22.5,"axis":"x","origin":[8,15.09311,0.52723]},"faces":{"north":{"uv":[3,0,6,6],"rotation":180,"texture":"#4"},"south":{"uv":[6,0,3,6],"rotation":180,"texture":"#4"}}},{"from":[6.25,12.84311,14.99773],"to":[9.25,18.84311,15.02773],"rotation":{"angle":-45,"axis":"y","origin":[8,15.09311,13.52723]},"faces":{"north":{"uv":[3,0,0,6],"texture":"#4"},"south":{"uv":[0,0,3,6],"texture":"#4"}}},{"from":[6.25,12.84311,12.02773],"to":[6.28,18.84311,15.02773],"rotation":{"angle":-45,"axis":"y","origin":[8,15.09311,13.52723]},"faces":{"east":{"uv":[12,0,9,6],"texture":"#4"},"west":{"uv":[9,0,12,6],"texture":"#4"}}},{"from":[9.22,12.84311,12.02673],"to":[9.25,18.84311,15.02673],"rotation":{"angle":-45,"axis":"y","origin":[8,15.09311,13.52723]},"faces":{"east":{"uv":[3,0,6,6],"texture":"#4"},"west":{"uv":[6,0,3,6],"texture":"#4"}}},{"from":[6.25,12.84311,12.02673],"to":[9.25,18.84311,12.05673],"rotation":{"angle":-45,"axis":"y","origin":[8,15.09311,13.52723]},"faces":{"north":{"uv":[6,0,9,6],"texture":"#4"},"south":{"uv":[9,0,6,6],"texture":"#4"}}},{"from":[7.25,-3.5,7.75],"to":[8.75,-2,9.25],"rotation":{"angle":-45,"axis":"x","origin":[7.5,-3.25,8]},"faces":{"north":{"uv":[1.6,11.2,2.2,11.8],"texture":"#5"},"east":{"uv":[11.2,2.4,11.8,3],"texture":"#5"},"south":{"uv":[2.8,11.2,3.4,11.8],"texture":"#5"},"west":{"uv":[4,11.2,4.6,11.8],"texture":"#5"},"up":{"uv":[5.8,11.8,5.2,11.2],"texture":"#5"},"down":{"uv":[7,11.2,6.4,11.8],"texture":"#5"}}},{"from":[7.475,-5.46287,7.825],"to":[8.525,-4.41287,8.875],"rotation":{"angle":-45,"axis":"x","origin":[7.65,-5.28787,8]},"faces":{"north":{"uv":[9.2,6.4,9.6,6.8],"texture":"#5"},"east":{"uv":[10.8,8.8,11.2,9.2],"texture":"#5"},"south":{"uv":[13.6,10,14,10.4],"texture":"#5"},"west":{"uv":[14,1.2,14.4,1.6],"texture":"#5"},"up":{"uv":[14.4,2.4,14,2],"texture":"#5"},"down":{"uv":[2.8,14,2.4,14.4],"texture":"#5"}}},{"from":[7.5,-2.23223,8],"to":[8.5,-1.23223,9],"rotation":{"angle":-45,"axis":"x","origin":[7.5,-2.23223,8]},"faces":{"north":{"uv":[14,2.8,14.4,3.2],"texture":"#5"},"east":{"uv":[3.2,14,3.6,14.4],"texture":"#5"},"south":{"uv":[14,3.6,14.4,4],"texture":"#5"},"west":{"uv":[4,14,4.4,14.4],"texture":"#5"},"up":{"uv":[5.2,14.4,4.8,14],"texture":"#5"},"down":{"uv":[6,14,5.6,14.4],"texture":"#5"}}},{"from":[7.25,5.75,7.25],"to":[8.75,6.25,8.75],"rotation":{"angle":0,"axis":"y","origin":[7.5,5.75,7.5]},"faces":{"north":{"uv":[14.4,4.4,15,4.6],"texture":"#5"},"east":{"uv":[14.4,5.2,15,5.4],"texture":"#5"},"south":{"uv":[14.4,6,15,6.2],"texture":"#5"},"west":{"uv":[14.4,8.8,15,9],"texture":"#5"},"up":{"uv":[11.8,11.4,11.2,10.8],"texture":"#5"},"down":{"uv":[12.2,1.2,11.6,1.8],"texture":"#5"}}},{"from":[7.5,5.25,7.5],"to":[8.5,5.75,8.5],"rotation":{"angle":0,"axis":"y","origin":[7.5,5.25,7.5]},"faces":{"north":{"uv":[11.6,14.4,12,14.6],"texture":"#5"},"east":{"uv":[13.2,14.4,13.6,14.6],"texture":"#5"},"south":{"uv":[6,14.8,6.4,15],"texture":"#5"},"west":{"uv":[6.8,14.8,7.2,15],"texture":"#5"}}},{"from":[7.25,11.75,7.25],"to":[8.75,12.25,8.75],"rotation":{"angle":0,"axis":"y","origin":[7.5,6.75,7.5]},"faces":{"north":{"uv":[14.4,9.6,15,9.8],"texture":"#5"},"east":{"uv":[10.4,14.4,11,14.6],"texture":"#5"},"south":{"uv":[0,14.8,0.6,15],"texture":"#5"},"west":{"uv":[14.8,0,15.4,0.2],"texture":"#5"},"up":{"uv":[12.2,4.2,11.6,3.6],"texture":"#5"},"down":{"uv":[12.2,4.8,11.6,5.4],"texture":"#5"}}},{"from":[7.5,6.25,7.5],"to":[8.5,7.75,8.5],"rotation":{"angle":0,"axis":"y","origin":[7.5,6.25,7.5]},"faces":{"north":{"uv":[12.8,4.8,13.2,5.4],"texture":"#5"},"east":{"uv":[12.8,6,13.2,6.6],"texture":"#5"},"south":{"uv":[7.2,12.8,7.6,13.4],"texture":"#5"},"west":{"uv":[12.8,7.2,13.2,7.8],"texture":"#5"},"up":{"uv":[6.8,14.4,6.4,14],"texture":"#5"}}},{"from":[7.5,10.25,7.5],"to":[8.5,11.75,8.5],"rotation":{"angle":0,"axis":"y","origin":[7.5,10.25,7.5]},"faces":{"north":{"uv":[8,12.8,8.4,13.4],"texture":"#5"},"east":{"uv":[12.8,8.4,13.2,9],"texture":"#5"},"south":{"uv":[8.8,12.8,9.2,13.4],"texture":"#5"},"west":{"uv":[12.8,9.6,13.2,10.2],"texture":"#5"},"down":{"uv":[7.6,14,7.2,14.4],"texture":"#5"}}},{"from":[7.625,7.75,7.625],"to":[8.375,10.25,8.375],"rotation":{"angle":0,"axis":"y","origin":[7.625,8.75,7.375]},"faces":{"north":{"uv":[2.4,12.4,2.7,13.4],"texture":"#5"},"east":{"uv":[3.2,12.4,3.5,13.4],"texture":"#5"},"south":{"uv":[4,12.4,4.3,13.4],"texture":"#5"},"west":{"uv":[4.8,12.4,5.1,13.4],"texture":"#5"}}},{"from":[7.25,-1.25,7.25],"to":[8.75,-0.75,8.75],"rotation":{"angle":0,"axis":"y","origin":[7.5,-1.25,7.5]},"faces":{"north":{"uv":[14.8,2.4,15.4,2.6],"texture":"#5"},"east":{"uv":[14.8,3.2,15.4,3.4],"texture":"#5"},"south":{"uv":[3.6,14.8,4.2,15],"texture":"#5"},"west":{"uv":[4.8,14.8,5.4,15],"texture":"#5"},"up":{"uv":[9.4,12.2,8.8,11.6],"texture":"#5"},"down":{"uv":[12.2,9.6,11.6,10.2],"texture":"#5"}}},{"from":[7.25,4.75,7.25],"to":[8.75,5.25,8.75],"rotation":{"angle":0,"axis":"y","origin":[7.5,-0.25,7.5]},"faces":{"north":{"uv":[14.8,0.8,15.4,1],"texture":"#5"},"east":{"uv":[1.2,14.8,1.8,15],"texture":"#5"},"south":{"uv":[14.8,1.6,15.4,1.8],"texture":"#5"},"west":{"uv":[2.4,14.8,3,15],"texture":"#5"},"up":{"uv":[8.2,12.2,7.6,11.6],"texture":"#5"},"down":{"uv":[12.2,8.4,11.6,9],"texture":"#5"}}},{"from":[7.5,-0.75,7.5],"to":[8.5,0.75,8.5],"rotation":{"angle":0,"axis":"y","origin":[7.5,-0.75,7.5]},"faces":{"north":{"uv":[13.2,10.8,13.6,11.4],"texture":"#5"},"east":{"uv":[11.6,13.2,12,13.8],"texture":"#5"},"south":{"uv":[13.2,12,13.6,12.6],"texture":"#5"},"west":{"uv":[13.2,13.2,13.6,13.8],"texture":"#5"},"up":{"uv":[9.2,14.4,8.8,14],"texture":"#5"}}},{"from":[7.5,3.25,7.5],"to":[8.5,4.75,8.5],"rotation":{"angle":0,"axis":"y","origin":[7.5,3.25,7.5]},"faces":{"north":{"uv":[0,13.2,0.4,13.8],"texture":"#5"},"east":{"uv":[13.2,0,13.6,0.6],"texture":"#5"},"south":{"uv":[13.2,2.4,13.6,3],"texture":"#5"},"west":{"uv":[10.8,13.2,11.2,13.8],"texture":"#5"},"down":{"uv":[8.4,14,8,14.4],"texture":"#5"}}},{"from":[7.625,0.75,7.625],"to":[8.375,3.25,8.375],"rotation":{"angle":0,"axis":"y","origin":[7.625,1.75,7.375]},"faces":{"north":{"uv":[5.6,12.4,5.9,13.4],"texture":"#5"},"east":{"uv":[6.4,12.4,6.7,13.4],"texture":"#5"},"south":{"uv":[10,12.4,10.3,13.4],"texture":"#5"},"west":{"uv":[12.4,10.8,12.7,11.8],"texture":"#5"}}},{"from":[7.375,-6.25,7.85],"to":[8.625,-4.5,8.85],"rotation":{"angle":-22.5,"axis":"x","origin":[-0.625,-6.25,1.1]},"faces":{"north":{"uv":[0,12,0.5,12.7],"texture":"#5"},"east":{"uv":[12.4,2.4,12.8,3.1],"texture":"#5"},"south":{"uv":[12,0,12.5,0.7],"texture":"#5"},"west":{"uv":[12.4,12.4,12.8,13.1],"texture":"#5"},"up":{"uv":[14.1,7.6,13.6,7.2],"texture":"#5"},"down":{"uv":[14.1,8,13.6,8.4],"texture":"#5"}}},{"from":[7.5,-3.97164,5.97332],"to":[8.5,-2.72164,7.22332],"rotation":{"angle":-45,"axis":"x","origin":[8,-2.82273,6.34526]},"faces":{"north":{"uv":[13.6,8.8,14,9.3],"texture":"#5"},"east":{"uv":[12.8,1.2,13.3,1.7],"texture":"#5"},"west":{"uv":[12.8,3.6,13.3,4.1],"texture":"#5"},"up":{"uv":[12.8,14.1,12.4,13.6],"texture":"#5"},"down":{"uv":[14.4,0,14,0.5],"texture":"#5"}}},{"from":[7.625,-3.49603,5.49816],"to":[8.375,-2.24603,7.24816],"rotation":{"angle":22.5,"axis":"x","origin":[8,-2.80853,6.06066]},"faces":{"north":{"uv":[9.6,14,9.9,14.5],"texture":"#5"},"east":{"uv":[11.2,12,11.9,12.5],"texture":"#5"},"west":{"uv":[1.2,12.4,1.9,12.9],"texture":"#5"},"up":{"uv":[1.1,14.3,0.8,13.6],"texture":"#5"},"down":{"uv":[1.9,13.6,1.6,14.3],"texture":"#5"}}},{"from":[7.995,-5.74603,4.99816],"to":[8.005,-1.24603,6.99816],"rotation":{"angle":0,"axis":"y","origin":[8,-3.05853,6.06066]},"faces":{"east":{"uv":[2.4,4.8,1.6,6.6],"texture":"#5"},"west":{"uv":[1.6,4.8,2.4,6.6],"texture":"#5"}}},{"from":[7.375,-6.25,7.15],"to":[8.625,-4.5,8.15],"rotation":{"angle":22.5,"axis":"x","origin":[-0.625,-6.25,14.9]},"faces":{"north":{"uv":[12.5,0,12,0.7],"texture":"#5"},"east":{"uv":[12.8,2.4,12.4,3.1],"texture":"#5"},"south":{"uv":[0.5,12,0,12.7],"texture":"#5"},"west":{"uv":[12.8,12.4,12.4,13.1],"texture":"#5"},"up":{"uv":[14.1,7.2,13.6,7.6],"texture":"#5"},"down":{"uv":[14.1,8.4,13.6,8],"texture":"#5"}}},{"from":[7.5,-3.97164,8.77668],"to":[8.5,-2.72164,10.02668],"rotation":{"angle":45,"axis":"x","origin":[8,-2.82273,9.65474]},"faces":{"east":{"uv":[13.3,1.2,12.8,1.7],"texture":"#5"},"south":{"uv":[14,8.8,13.6,9.3],"texture":"#5"},"west":{"uv":[13.3,3.6,12.8,4.1],"texture":"#5"},"up":{"uv":[12.8,13.6,12.4,14.1],"texture":"#5"},"down":{"uv":[14.4,0.5,14,0],"texture":"#5"}}},{"from":[7.625,-3.49603,8.75184],"to":[8.375,-2.24603,10.50184],"rotation":{"angle":-22.5,"axis":"x","origin":[8,-2.80853,9.93934]},"faces":{"east":{"uv":[11.9,12,11.2,12.5],"texture":"#5"},"south":{"uv":[9.9,14,9.6,14.5],"texture":"#5"},"west":{"uv":[1.9,12.4,1.2,12.9],"texture":"#5"},"up":{"uv":[1.1,13.6,0.8,14.3],"texture":"#5"},"down":{"uv":[1.9,14.3,1.6,13.6],"texture":"#5"}}},{"from":[7.995,-5.74603,9.00184],"to":[8.005,-1.24603,11.00184],"rotation":{"angle":0,"axis":"y","origin":[8,-3.05853,9.93934]},"faces":{"east":{"uv":[1.6,4.8,2.4,6.6],"texture":"#5"},"west":{"uv":[2.4,4.8,1.6,6.6],"texture":"#5"}}},{"from":[7.25,12.23198,7.25],"to":[8.75,17.23198,8.75],"rotation":{"angle":45,"axis":"y","origin":[8,12.98198,8]},"faces":{"north":{"uv":[2.8,4.8,3.4,6.8],"texture":"#5"},"east":{"uv":[4,5.2,4.6,7.2],"texture":"#5"},"south":{"uv":[5.2,5.2,5.8,7.2],"texture":"#5"},"west":{"uv":[6,0,6.6,2],"texture":"#5"},"up":{"uv":[12.2,6.6,11.6,6],"texture":"#5"},"down":{"uv":[12.2,7.2,11.6,7.8],"texture":"#5"}}},{"from":[7.225,12.23198,7.225],"to":[8.775,17.23198,8.775],"rotation":{"angle":45,"axis":"y","origin":[8,14.73198,8]},"faces":{"north":{"uv":[0,0,2,6.66667],"texture":"#3"},"east":{"uv":[2.66667,0,4.66667,6.66667],"texture":"#3"},"south":{"uv":[5.33333,0,7.33333,6.66667],"texture":"#3"},"west":{"uv":[8,0,10,6.66667],"texture":"#3"}}},{"from":[7.985,19.3,6.625],"to":[8.015,25.55,9.375],"rotation":{"angle":0,"axis":"y","origin":[8,22.425,8]},"faces":{"east":{"uv":[1.1,3.2,0,5.7],"texture":"#5"},"west":{"uv":[0,3.2,1.1,5.7],"texture":"#5"}}},{"from":[6.625,19.3,7.985],"to":[9.375,25.55,8.015],"rotation":{"angle":0,"axis":"y","origin":[8,22.425,8]},"faces":{"north":{"uv":[0,3.2,1.1,5.7],"texture":"#5"},"south":{"uv":[1.1,3.2,0,5.7],"texture":"#5"}}}],"gui_light":"front","display":{"thirdperson_righthand":{"translation":[0,0.5,1]},"thirdperson_lefthand":{"translation":[0,0.5,1]},"firstperson_righthand":{"rotation":[6.75,0,0],"translation":[2,0,0],"scale":[0.7,0.7,0.7]},"firstperson_lefthand":{"rotation":[6.75,0,0],"translation":[2,0,0],"scale":[0.7,0.7,0.7]},"ground":{"rotation":[-45,0,0],"translation":[0,3,0],"scale":[0.7,0.7,0.7]},"gui":{"rotation":[-90,45,90],"translation":[0.5,-0.5,0],"scale":[0.6,0.6,0.6]},"head":{"rotation":[0,-90,0]},"fixed":{"rotation":[0,-90,0],"translation":[0,0,-1.75],"scale":[2,2,2]}}}