{"credit":"Pologony Creation Co.,Ltd.","texture_size":[40,40],"textures":{"2":"darkwitherset:animations/soul_animation_3","3":"darkwitherset:animations/animation_2","6":"darkwitherset:spear","particle":"darkwitherset:animations/soul_animation_3"},"elements":[{"from":[7.25,-6.25,7.75],"to":[8.75,-4.75,9.25],"rotation":{"angle":-45,"axis":"x","origin":[7.5,-6,8]},"faces":{"north":{"uv":[6.4,10.8,7,11.4],"texture":"#6"},"east":{"uv":[10.8,7.6,11.4,8.2],"texture":"#6"},"south":{"uv":[10.8,8.8,11.4,9.4],"texture":"#6"},"west":{"uv":[10.8,10,11.4,10.6],"texture":"#6"},"up":{"uv":[11.8,0.6,11.2,0],"texture":"#6"},"down":{"uv":[11.8,1.2,11.2,1.8],"texture":"#6"}}},{"from":[7.475,-8.21287,7.825],"to":[8.525,-7.16287,8.875],"rotation":{"angle":-45,"axis":"x","origin":[7.65,-8.03787,8]},"faces":{"north":{"uv":[5.6,11.2,6,11.6],"texture":"#6"},"east":{"uv":[8.4,13.6,8.8,14],"texture":"#6"},"south":{"uv":[9.2,13.6,9.6,14],"texture":"#6"},"west":{"uv":[10,13.6,10.4,14],"texture":"#6"},"up":{"uv":[14,10.8,13.6,10.4],"texture":"#6"},"down":{"uv":[11.2,13.6,10.8,14],"texture":"#6"}}},{"from":[7.5,-4.98223,8],"to":[8.5,-3.98223,9],"rotation":{"angle":-45,"axis":"x","origin":[7.5,-4.98223,8]},"faces":{"north":{"uv":[13.6,11.2,14,11.6],"texture":"#6"},"east":{"uv":[11.6,13.6,12,14],"texture":"#6"},"south":{"uv":[12.4,13.6,12.8,14],"texture":"#6"},"west":{"uv":[0,14,0.4,14.4],"texture":"#6"},"up":{"uv":[14.4,0.4,14,0],"texture":"#6"},"down":{"uv":[1.2,14,0.8,14.4],"texture":"#6"}}},{"from":[7.25,5.75,7.25],"to":[8.75,6.25,8.75],"rotation":{"angle":0,"axis":"y","origin":[7.5,5.75,7.5]},"faces":{"north":{"uv":[13.2,14,13.8,14.2],"texture":"#6"},"east":{"uv":[2.4,14.4,3,14.6],"texture":"#6"},"south":{"uv":[3.6,14.4,4.2,14.6],"texture":"#6"},"west":{"uv":[4.8,14.4,5.4,14.6],"texture":"#6"},"up":{"uv":[11.8,3,11.2,2.4],"texture":"#6"},"down":{"uv":[11.8,3.6,11.2,4.2],"texture":"#6"}}},{"from":[7.5,5.25,7.5],"to":[8.5,5.75,8.5],"rotation":{"angle":0,"axis":"y","origin":[7.5,5.25,7.5]},"faces":{"north":{"uv":[6,14.4,6.4,14.6],"texture":"#6"},"east":{"uv":[14.8,1.6,15.2,1.8],"texture":"#6"},"south":{"uv":[14.8,2.4,15.2,2.6],"texture":"#6"},"west":{"uv":[14.8,3.2,15.2,3.4],"texture":"#6"},"up":{"uv":[14.4,3.6,14,3.2],"texture":"#6"},"down":{"uv":[14.4,4,14,4.4],"texture":"#6"}}},{"from":[7.25,11.75,7.25],"to":[8.75,12.25,8.75],"rotation":{"angle":0,"axis":"y","origin":[7.5,6.75,7.5]},"faces":{"north":{"uv":[8.4,14.4,9,14.6],"texture":"#6"},"east":{"uv":[14.4,9.2,15,9.4],"texture":"#6"},"south":{"uv":[9.6,14.4,10.2,14.6],"texture":"#6"},"west":{"uv":[14.4,10,15,10.2],"texture":"#6"},"up":{"uv":[11.8,5.4,11.2,4.8],"texture":"#6"},"down":{"uv":[11.8,6,11.2,6.6],"texture":"#6"}}},{"from":[7.5,6.25,7.5],"to":[8.5,7.75,8.5],"rotation":{"angle":0,"axis":"y","origin":[7.5,6.25,7.5]},"faces":{"north":{"uv":[10.8,12.4,11.2,13],"texture":"#6"},"east":{"uv":[11.6,12.4,12,13],"texture":"#6"},"south":{"uv":[12.4,12.4,12.8,13],"texture":"#6"},"west":{"uv":[0,12.8,0.4,13.4],"texture":"#6"},"up":{"uv":[14.4,1.2,14,0.8],"texture":"#6"}}},{"from":[7.5,10.25,7.5],"to":[8.5,11.75,8.5],"rotation":{"angle":0,"axis":"y","origin":[7.5,10.25,7.5]},"faces":{"north":{"uv":[12.8,10.8,13.2,11.4],"texture":"#6"},"east":{"uv":[13.2,0,13.6,0.6],"texture":"#6"},"south":{"uv":[13.2,1.2,13.6,1.8],"texture":"#6"},"west":{"uv":[13.2,2.4,13.6,3],"texture":"#6"},"down":{"uv":[2,14,1.6,14.4],"texture":"#6"}}},{"from":[7.625,7.75,7.625],"to":[8.375,10.25,8.375],"rotation":{"angle":0,"axis":"y","origin":[7.625,8.75,7.375]},"faces":{"north":{"uv":[6.8,12,7.1,13],"texture":"#6"},"east":{"uv":[10,12,10.3,13],"texture":"#6"},"south":{"uv":[12,10.8,12.3,11.8],"texture":"#6"},"west":{"uv":[12.4,0,12.7,1],"texture":"#6"}}},{"from":[7.25,-1.25,7.25],"to":[8.75,-0.75,8.75],"rotation":{"angle":0,"axis":"y","origin":[7.5,-1.25,7.5]},"faces":{"north":{"uv":[14.4,13.6,15,13.8],"texture":"#6"},"east":{"uv":[14.4,14.4,15,14.6],"texture":"#6"},"south":{"uv":[0,14.8,0.6,15],"texture":"#6"},"west":{"uv":[14.8,0,15.4,0.2],"texture":"#6"},"up":{"uv":[3.8,12.6,3.2,12],"texture":"#6"},"down":{"uv":[5,12,4.4,12.6],"texture":"#6"}}},{"from":[7.25,4.75,7.25],"to":[8.75,5.25,8.75],"rotation":{"angle":0,"axis":"y","origin":[7.5,-0.25,7.5]},"faces":{"north":{"uv":[10.8,14.4,11.4,14.6],"texture":"#6"},"east":{"uv":[14.4,10.8,15,11],"texture":"#6"},"south":{"uv":[14.4,11.6,15,11.8],"texture":"#6"},"west":{"uv":[12,14.4,12.6,14.6],"texture":"#6"},"up":{"uv":[11.4,11.8,10.8,11.2],"texture":"#6"},"down":{"uv":[0.6,11.6,0,12.2],"texture":"#6"}}},{"from":[7.5,-0.75,7.5],"to":[8.5,0.75,8.5],"rotation":{"angle":0,"axis":"y","origin":[7.5,-0.75,7.5]},"faces":{"north":{"uv":[13.2,4.8,13.6,5.4],"texture":"#6"},"east":{"uv":[5.2,13.2,5.6,13.8],"texture":"#6"},"south":{"uv":[6,13.2,6.4,13.8],"texture":"#6"},"west":{"uv":[13.2,6,13.6,6.6],"texture":"#6"},"up":{"uv":[14.4,2.8,14,2.4],"texture":"#6"}}},{"from":[7.5,3.25,7.5],"to":[8.5,4.75,8.5],"rotation":{"angle":0,"axis":"y","origin":[7.5,3.25,7.5]},"faces":{"north":{"uv":[2.8,13.2,3.2,13.8],"texture":"#6"},"east":{"uv":[3.6,13.2,4,13.8],"texture":"#6"},"south":{"uv":[13.2,3.6,13.6,4.2],"texture":"#6"},"west":{"uv":[4.4,13.2,4.8,13.8],"texture":"#6"},"down":{"uv":[14.4,1.6,14,2],"texture":"#6"}}},{"from":[7.625,0.75,7.625],"to":[8.375,3.25,8.375],"rotation":{"angle":0,"axis":"y","origin":[7.625,1.75,7.375]},"faces":{"north":{"uv":[1.2,12.4,1.5,13.4],"texture":"#6"},"east":{"uv":[12.4,1.6,12.7,2.6],"texture":"#6"},"south":{"uv":[2,12.4,2.3,13.4],"texture":"#6"},"west":{"uv":[12.4,3.2,12.7,4.2],"texture":"#6"}}},{"from":[7,20.68198,7],"to":[9,22.68198,9],"rotation":{"angle":0,"axis":"y","origin":[7,20.68198,7]},"faces":{"east":{"uv":[7.6,8.8,8.4,9.6],"texture":"#6"},"west":{"uv":[8.8,8.8,9.6,9.6],"texture":"#6"},"down":{"uv":[10,1.6,9.2,2.4],"texture":"#6"}}},{"from":[6.875,18,6.85],"to":[9.125,21,8.35],"rotation":{"angle":-22.5,"axis":"x","origin":[-0.125,18,0.6]},"faces":{"north":{"uv":[5.6,0,6.5,1.2],"texture":"#6"},"east":{"uv":[8,5.6,8.6,6.8],"texture":"#6"},"south":{"uv":[6,1.6,6.9,2.8],"texture":"#6"},"west":{"uv":[6.4,8,7,9.2],"texture":"#6"},"up":{"uv":[10.1,8.2,9.2,7.6],"texture":"#6"},"down":{"uv":[2.5,9.6,1.6,10.2],"texture":"#6"}}},{"from":[6.75,21,8.5],"to":[9.25,23,10.5],"rotation":{"angle":-45,"axis":"x","origin":[7,20.5,8]},"faces":{"north":{"uv":[3.2,8,4.2,8.8],"texture":"#6"},"east":{"uv":[3.2,9.2,4,10],"texture":"#6"},"south":{"uv":[8,3.2,9,4],"texture":"#6"},"west":{"uv":[4.4,9.2,5.2,10],"texture":"#6"},"up":{"uv":[9,5.2,8,4.4],"texture":"#6"},"down":{"uv":[5.8,8,4.8,8.8],"texture":"#6"}}},{"from":[7.375,-9,7.85],"to":[8.625,-7.25,8.85],"rotation":{"angle":-22.5,"axis":"x","origin":[-0.625,-9,1.1]},"faces":{"north":{"uv":[5.6,12,6.1,12.7],"texture":"#6"},"east":{"uv":[12.4,4.8,12.8,5.5],"texture":"#6"},"south":{"uv":[12,7.2,12.5,7.9],"texture":"#6"},"west":{"uv":[12.4,6,12.8,6.7],"texture":"#6"},"up":{"uv":[13.7,10,13.2,9.6],"texture":"#6"},"down":{"uv":[13.7,12,13.2,12.4],"texture":"#6"}}},{"from":[7.5,-6.72164,5.97332],"to":[8.5,-5.47164,7.22332],"rotation":{"angle":-45,"axis":"x","origin":[8,-5.57273,6.34526]},"faces":{"north":{"uv":[13.2,12.8,13.6,13.3],"texture":"#6"},"east":{"uv":[7.6,12.4,8.1,12.9],"texture":"#6"},"west":{"uv":[8.8,12.4,9.3,12.9],"texture":"#6"},"up":{"uv":[7.2,14.1,6.8,13.6],"texture":"#6"},"down":{"uv":[8,13.6,7.6,14.1],"texture":"#6"}}},{"from":[7.625,-6.24603,5.49816],"to":[8.375,-4.99603,7.24816],"rotation":{"angle":22.5,"axis":"x","origin":[8,-5.55853,6.06066]},"faces":{"north":{"uv":[14,7.2,14.3,7.7],"texture":"#6"},"east":{"uv":[12,8.4,12.7,8.9],"texture":"#6"},"west":{"uv":[12,9.6,12.7,10.1],"texture":"#6"},"up":{"uv":[13.5,7.9,13.2,7.2],"texture":"#6"},"down":{"uv":[13.5,8.4,13.2,9.1],"texture":"#6"}}},{"from":[7.995,-8.49603,4.99816],"to":[8.005,-3.99603,6.99816],"rotation":{"angle":0,"axis":"y","origin":[8,-5.80853,6.06066]},"faces":{"east":{"uv":[3.6,0,2.8,1.8],"texture":"#6"},"west":{"uv":[2.8,0,3.6,1.8],"texture":"#6"}}},{"from":[7.375,-9,7.15],"to":[8.625,-7.25,8.15],"rotation":{"angle":22.5,"axis":"x","origin":[-0.625,-9,14.9]},"faces":{"north":{"uv":[12.5,7.2,12,7.9],"texture":"#6"},"east":{"uv":[12.8,4.8,12.4,5.5],"texture":"#6"},"south":{"uv":[6.1,12,5.6,12.7],"texture":"#6"},"west":{"uv":[12.8,6,12.4,6.7],"texture":"#6"},"up":{"uv":[13.7,9.6,13.2,10],"texture":"#6"},"down":{"uv":[13.7,12.4,13.2,12],"texture":"#6"}}},{"from":[7.5,-6.72164,8.77668],"to":[8.5,-5.47164,10.02668],"rotation":{"angle":45,"axis":"x","origin":[8,-5.57273,9.65474]},"faces":{"east":{"uv":[8.1,12.4,7.6,12.9],"texture":"#6"},"south":{"uv":[13.6,12.8,13.2,13.3],"texture":"#6"},"west":{"uv":[9.3,12.4,8.8,12.9],"texture":"#6"},"up":{"uv":[7.2,13.6,6.8,14.1],"texture":"#6"},"down":{"uv":[8,14.1,7.6,13.6],"texture":"#6"}}},{"from":[7.625,-6.24603,8.75184],"to":[8.375,-4.99603,10.50184],"rotation":{"angle":-22.5,"axis":"x","origin":[8,-5.55853,9.93934]},"faces":{"east":{"uv":[12.7,8.4,12,8.9],"texture":"#6"},"south":{"uv":[14.3,7.2,14,7.7],"texture":"#6"},"west":{"uv":[12.7,9.6,12,10.1],"texture":"#6"},"up":{"uv":[13.5,7.2,13.2,7.9],"texture":"#6"},"down":{"uv":[13.5,9.1,13.2,8.4],"texture":"#6"}}},{"from":[7.995,-8.49603,9.00184],"to":[8.005,-3.99603,11.00184],"rotation":{"angle":0,"axis":"y","origin":[8,-5.80853,9.93934]},"faces":{"east":{"uv":[2.8,0,3.6,1.8],"texture":"#6"},"west":{"uv":[3.6,0,2.8,1.8],"texture":"#6"}}},{"from":[7.25,15.68198,7.25],"to":[8.75,20.68198,8.75],"rotation":{"angle":45,"axis":"y","origin":[8,16.43198,8]},"faces":{"north":{"uv":[0,5.6,0.6,7.6],"texture":"#6"},"east":{"uv":[1.2,5.6,1.8,7.6],"texture":"#6"},"south":{"uv":[2.4,5.6,3,7.6],"texture":"#6"},"west":{"uv":[3.6,5.6,4.2,7.6],"texture":"#6"},"up":{"uv":[8.2,11.8,7.6,11.2],"texture":"#6"},"down":{"uv":[9.4,11.2,8.8,11.8],"texture":"#6"}}},{"from":[7.225,15.68198,7.225],"to":[8.775,20.68198,8.775],"rotation":{"angle":45,"axis":"y","origin":[8,18.18198,8]},"faces":{"north":{"uv":[0,0,2,6.66667],"texture":"#3"},"east":{"uv":[2.66667,0,4.66667,6.66667],"texture":"#3"},"south":{"uv":[5.33333,0,7.33333,6.66667],"texture":"#3"},"west":{"uv":[8,0,10,6.66667],"texture":"#3"}}},{"from":[6.875,18,7.65],"to":[9.125,21,9.15],"rotation":{"angle":22.5,"axis":"x","origin":[-0.125,18,15.4]},"faces":{"north":{"uv":[6.4,3.2,7.3,4.4],"texture":"#6"},"east":{"uv":[8,7.2,8.6,8.4],"texture":"#6"},"south":{"uv":[4.8,6.4,5.7,7.6],"texture":"#6"},"west":{"uv":[8.8,0,9.4,1.2],"texture":"#6"},"up":{"uv":[10.5,3.4,9.6,2.8],"texture":"#6"},"down":{"uv":[10.5,4,9.6,4.6],"texture":"#6"}}},{"from":[7.20146,24.769,7.20173],"to":[7.23626,31.729,10.68173],"rotation":{"angle":22.5,"axis":"y","origin":[8.94146,28.249,8.94115]},"faces":{"east":{"uv":[12,0,9,6],"texture":"#2"},"west":{"uv":[9,0,12,6],"texture":"#2"}}},{"from":[8.76374,24.769,5.31827],"to":[8.79854,31.729,8.79827],"rotation":{"angle":22.5,"axis":"y","origin":[7.05854,28.249,7.05885]},"faces":{"east":{"uv":[3,0,6,6],"texture":"#2"},"west":{"uv":[6,0,3,6],"texture":"#2"}}},{"from":[8.76356,24.769,7.20146],"to":[8.79836,31.729,10.68146],"rotation":{"angle":-22.5,"axis":"y","origin":[7.05778,28.249,8.94146]},"faces":{"east":{"uv":[0,0,3,6],"texture":"#2"},"west":{"uv":[3,0,0,6],"texture":"#2"}}},{"from":[7.20164,24.769,5.31854],"to":[7.23644,31.729,8.79854],"rotation":{"angle":-22.5,"axis":"y","origin":[8.94222,28.249,7.05854]},"faces":{"east":{"uv":[9,0,6,6],"texture":"#2"},"west":{"uv":[6,0,9,6],"texture":"#2"}}},{"from":[7.4875,20.41875,11.6825],"to":[8.5125,20.82875,11.8875],"rotation":{"angle":-22.5,"axis":"x","origin":[8,21.1875,11.375]},"faces":{"north":{"uv":[14.8,0.8,15.3,1],"texture":"#6"},"east":{"uv":[13.2,14.8,13.3,15],"texture":"#6"},"south":{"uv":[1.2,14.8,1.7,15],"texture":"#6"},"west":{"uv":[2.4,15.2,2.5,15.4],"texture":"#6"},"down":{"uv":[15.3,6.4,14.8,6.5],"texture":"#6"}}},{"from":[7.0775,20.82875,10.0425],"to":[8.9225,22.67375,11.8875],"rotation":{"angle":-22.5,"axis":"x","origin":[8,21.1875,11.375]},"faces":{"north":{"uv":[6.4,4.8,7.3,5.7],"texture":"#6"},"east":{"uv":[6.4,6.4,7.3,7.3],"texture":"#6"},"south":{"uv":[7.2,0,8.1,0.9],"texture":"#6"},"west":{"uv":[7.6,1.6,8.5,2.5],"texture":"#6"},"up":{"uv":[0.9,8.9,0,8],"texture":"#6"},"down":{"uv":[2.5,8,1.6,8.9],"texture":"#6"}}},{"from":[7.4875,20.41875,4.1125],"to":[8.5125,20.82875,4.3175],"rotation":{"angle":22.5,"axis":"x","origin":[8,21.1875,4.625]},"faces":{"north":{"uv":[1.7,14.8,1.2,15],"texture":"#6"},"east":{"uv":[13.3,14.8,13.2,15],"texture":"#6"},"south":{"uv":[15.3,0.8,14.8,1],"texture":"#6"},"west":{"uv":[2.5,15.2,2.4,15.4],"texture":"#6"},"down":{"uv":[15.3,6.5,14.8,6.4],"texture":"#6"}}},{"from":[7.0775,20.82875,4.1125],"to":[8.9225,22.67375,5.9575],"rotation":{"angle":22.5,"axis":"x","origin":[8,21.1875,4.625]},"faces":{"north":{"uv":[8.1,0,7.2,0.9],"texture":"#6"},"east":{"uv":[7.3,6.4,6.4,7.3],"texture":"#6"},"south":{"uv":[7.3,4.8,6.4,5.7],"texture":"#6"},"west":{"uv":[8.5,1.6,7.6,2.5],"texture":"#6"},"up":{"uv":[0.9,8,0,8.9],"texture":"#6"},"down":{"uv":[2.5,8.9,1.6,8],"texture":"#6"}}},{"from":[7.29289,-4,8],"to":[8.29289,-1,9],"rotation":{"angle":45,"axis":"y","origin":[7.29289,-2,8]},"faces":{"north":{"uv":[10,8.8,10.4,10],"texture":"#6"},"east":{"uv":[10.4,1.2,10.8,2.4],"texture":"#6"},"south":{"uv":[3.2,10.4,3.6,11.6],"texture":"#6"},"west":{"uv":[4,10.4,4.4,11.6],"texture":"#6"},"up":{"uv":[14.4,5.2,14,4.8],"texture":"#6"},"down":{"uv":[14.4,5.6,14,6],"texture":"#6"}}},{"from":[7.29289,12.25,8],"to":[8.29289,15.75,9],"rotation":{"angle":45,"axis":"y","origin":[7.29289,14.25,8]},"faces":{"north":{"uv":[5.6,9.2,6,10.6],"texture":"#6"},"east":{"uv":[9.2,5.6,9.6,7],"texture":"#6"},"south":{"uv":[0,9.6,0.4,11],"texture":"#6"},"west":{"uv":[0.8,9.6,1.2,11],"texture":"#6"},"down":{"uv":[14.4,6.4,14,6.8],"texture":"#6"}}},{"from":[7.5,21.75,8],"to":[8.5,24.75,11],"rotation":{"angle":-45,"axis":"x","origin":[7.5,21.75,8]},"faces":{"north":{"uv":[4.8,10.4,5.2,11.6],"texture":"#6"},"east":{"uv":[2.8,2.4,4,3.6],"texture":"#6"},"south":{"uv":[10,10.4,10.4,11.6],"texture":"#6"},"west":{"uv":[0,4,1.2,5.2],"texture":"#6"},"up":{"uv":[2,12,1.6,10.8],"texture":"#6"},"down":{"uv":[2.8,10.8,2.4,12],"texture":"#6"}}},{"from":[7.985,23.75,5.125],"to":[8.015,32,10.875],"rotation":{"angle":0,"axis":"y","origin":[7.985,24.5,6.375]},"faces":{"east":{"uv":[2.3,0,0,3.3],"texture":"#6"},"west":{"uv":[0,0,2.3,3.3],"texture":"#6"}}}],"gui_light":"front","display":{"thirdperson_righthand":{"translation":[0,-3.25,1]},"thirdperson_lefthand":{"translation":[0,-3.25,1]},"firstperson_righthand":{"rotation":[6.75,0,0],"translation":[2,-2.75,0],"scale":[0.7,0.7,0.7]},"firstperson_lefthand":{"rotation":[6.75,0,0],"translation":[2,-2.75,0],"scale":[0.7,0.7,0.7]},"ground":{"rotation":[-45,0,0],"translation":[0,3,0],"scale":[0.7,0.7,0.7]},"gui":{"rotation":[-90,45,90],"translation":[1.25,-1.25,0],"scale":[0.6,0.6,0.6]},"head":{"rotation":[0,-90,0]},"fixed":{"rotation":[0,-90,0],"translation":[0,0,-1.75],"scale":[2,2,2]}}}