{"parent":"minecraft:item/handheld","textures":{"layer0":"minecraft:item/iron_sword"},"overrides":[{"predicate":{"custom_model_data":10011},"model":"cosmo_pack:battle_axe"},{"predicate":{"custom_model_data":10012},"model":"cosmo_pack:blade"},{"predicate":{"custom_model_data":10013},"model":"cosmo_pack:dagger"},{"predicate":{"custom_model_data":10014},"model":"cosmo_pack:halberd"},{"predicate":{"custom_model_data":10015},"model":"cosmo_pack:sickle"},{"predicate":{"custom_model_data":10016},"model":"cosmo_pack:spear"},{"predicate":{"custom_model_data":10017},"model":"cosmo_pack:staff"},{"predicate":{"custom_model_data":10018},"model":"cosmo_pack:sword"},{"predicate":{"custom_model_data":10019},"model":"item/iron_sword"}]}