{"parent":"item/generated","textures":{"layer0":"item/potion_overlay","layer1":"item/potion"},"overrides":[{"predicate":{"custom_model_data":8410000},"model":"cosmo_pack:wings_cosmetic"},{"predicate":{"custom_model_data":8410001},"model":"cosmo_pack:wings_cosmetic_self"},{"predicate":{"custom_model_data":8410002},"model":"cosmo_pack:wings_cosmetic_self_2"},{"predicate":{"custom_model_data":8410003},"model":"cosmo_pack:wings_cosmetic_normal_2"},{"predicate":{"custom_model_data":8410004},"model":"item/potion"}]}