{"model":{"type":"range_dispatch","property":"custom_model_data","index":0,"fallback":{"type":"model","model":"item/iron_sword"},"entries":[{"threshold":10011,"model":{"type":"model","model":"cosmo_pack:battle_axe"}},{"threshold":10012,"model":{"type":"model","model":"cosmo_pack:blade"}},{"threshold":10013,"model":{"type":"model","model":"cosmo_pack:dagger"}},{"threshold":10014,"model":{"type":"model","model":"cosmo_pack:halberd"}},{"threshold":10015,"model":{"type":"model","model":"cosmo_pack:sickle"}},{"threshold":10016,"model":{"type":"model","model":"cosmo_pack:spear"}},{"threshold":10017,"model":{"type":"model","model":"cosmo_pack:staff"}},{"threshold":10018,"model":{"type":"model","model":"cosmo_pack:sword"}},{"threshold":10019,"model":{"type":"model","model":"item/iron_sword"}}]}}