{"model":{"type":"range_dispatch","property":"custom_model_data","index":0,"fallback":{"type":"model","model":"item/paper"},"entries":[{"threshold":10000,"model":{"type":"model","model":"_iainternal:ia_auto_gen/icon_left_blue"}},{"threshold":10001,"model":{"type":"model","model":"_iainternal:ia_auto_gen/icon_right_blue"}},{"threshold":10002,"model":{"type":"model","model":"_iainternal:ia_auto_gen/icon_search"}},{"threshold":10003,"model":{"type":"model","model":"_iainternal:ia_auto_gen/icon_cancel"}},{"threshold":10004,"model":{"type":"model","model":"_iainternal:ia_auto_gen/icon_arrow_chest"}},{"threshold":10005,"model":{"type":"model","model":"_iainternal:ia_auto_gen/icon_back_orange"}},{"threshold":10006,"model":{"type":"model","model":"_iainternal:ia_auto_gen/icon_next_orange"}},{"threshold":10011,"model":{"type":"model","model":"cosmo_pack:key"}},{"threshold":10012,"model":{"type":"model","model":"cosmo_pack:wings"}},{"threshold":10013,"model":{"type":"model","model":"item/paper"}}]}}