{"model":{"type":"range_dispatch","property":"custom_model_data","index":0,"fallback":{"tints":[{"type":"potion","default":-13083194}],"model":"item/potion","type":"model"},"entries":[{"threshold":8410000,"model":{"tints":[{"type":"potion","default":-13083194}],"model":"cosmo_pack:wings_cosmetic","type":"model"}},{"threshold":8410001,"model":{"tints":[{"type":"potion","default":-13083194}],"model":"cosmo_pack:wings_cosmetic_self","type":"model"}},{"threshold":8410002,"model":{"tints":[{"type":"potion","default":-13083194}],"model":"cosmo_pack:wings_cosmetic_self_2","type":"model"}},{"threshold":8410003,"model":{"tints":[{"type":"potion","default":-13083194}],"model":"cosmo_pack:wings_cosmetic_normal_2","type":"model"}},{"threshold":8410004,"model":{"tints":[{"type":"potion","default":-13083194}],"model":"item/potion","type":"model"}}]}}