{"model":{"type":"range_dispatch","property":"custom_model_data","index":0,"fallback":{"property":"using_item","on_true":{"base":"item/shield_blocking","type":"special","model":{"type":"shield"}},"type":"condition","on_false":{"model":{"type":"shield"},"base":"item/shield","type":"special"}},"entries":[{"threshold":10002,"model":{"property":"using_item","on_true":{"base":"item/shield_blocking","type":"model","model":"cosmo_pack:shield_blocking"},"type":"condition","on_false":{"model":"cosmo_pack:shield","base":"item/shield","type":"model"}}},{"threshold":10003,"model":{"property":"using_item","on_true":{"base":"item/shield_blocking","type":"special","model":{"type":"shield"}},"type":"condition","on_false":{"model":"item/shield","base":"item/shield","type":"model"}}}]}}