{"parent":"item/generated","textures":{"layer0":"item/bow"},"display":{"thirdperson_righthand":{"rotation":[-80,260,-40],"translation":[-1,-2,2.5],"scale":[0.9,0.9,0.9]},"thirdperson_lefthand":{"rotation":[-80,-280,40],"translation":[-1,-2,2.5],"scale":[0.9,0.9,0.9]},"firstperson_righthand":{"rotation":[0,-90,25],"translation":[1.13,3.2,1.13],"scale":[0.68,0.68,0.68]},"firstperson_lefthand":{"rotation":[0,90,-25],"translation":[1.13,3.2,1.13],"scale":[0.68,0.68,0.68]}},"overrides":[{"predicate":{"pulling":1},"model":"item/bow_pulling_0"},{"predicate":{"pulling":1,"pull":0.65},"model":"item/bow_pulling_1"},{"predicate":{"pulling":1,"pull":0.9},"model":"item/bow_pulling_2"},{"predicate":{"custom_model_data":10000},"model":"darkwitherset:bow"},{"predicate":{"pulling":1,"custom_model_data":10000},"model":"darkwitherset:bow_0"},{"predicate":{"pulling":1,"pull":0.65,"custom_model_data":10000},"model":"darkwitherset:bow_1"},{"predicate":{"pulling":1,"pull":0.9,"custom_model_data":10000},"model":"darkwitherset:bow_2"},{"predicate":{"custom_model_data":10001},"model":"furnace_gearworks:bow"},{"predicate":{"pulling":1,"custom_model_data":10001},"model":"furnace_gearworks:bow_0"},{"predicate":{"pulling":1,"pull":0.65,"custom_model_data":10001},"model":"furnace_gearworks:bow_1"},{"predicate":{"pulling":1,"pull":0.9,"custom_model_data":10001},"model":"furnace_gearworks:bow_2"},{"predicate":{"custom_model_data":10002},"model":"blueflame:bow"},{"predicate":{"pulling":1,"custom_model_data":10002},"model":"blueflame:bow_0"},{"predicate":{"pulling":1,"pull":0.65,"custom_model_data":10002},"model":"blueflame:bow_1"},{"predicate":{"pulling":1,"pull":0.9,"custom_model_data":10002},"model":"blueflame:bow_2"},{"predicate":{"custom_model_data":10003},"model":"elitecreatures:molten_magma_animated_weapon_set/bow"},{"predicate":{"pulling":1,"custom_model_data":10003},"model":"elitecreatures:molten_magma_animated_weapon_set/bow_0"},{"predicate":{"pulling":1,"pull":0.65,"custom_model_data":10003},"model":"elitecreatures:molten_magma_animated_weapon_set/bow_1"},{"predicate":{"pulling":1,"pull":0.9,"custom_model_data":10003},"model":"elitecreatures:molten_magma_animated_weapon_set/bow_2"},{"predicate":{"custom_model_data":10004},"model":"elitecreatures:witchcaster_animated/bow"},{"predicate":{"pulling":1,"custom_model_data":10004},"model":"elitecreatures:witchcaster_animated/bow_0"},{"predicate":{"pulling":1,"pull":0.65,"custom_model_data":10004},"model":"elitecreatures:witchcaster_animated/bow_1"},{"predicate":{"pulling":1,"pull":0.9,"custom_model_data":10004},"model":"elitecreatures:witchcaster_animated/bow_2"},{"predicate":{"custom_model_data":10005},"model":"elitecreatures:cat_sage_animated_weapon_set/bow"},{"predicate":{"pulling":1,"custom_model_data":10005},"model":"elitecreatures:cat_sage_animated_weapon_set/bow_0"},{"predicate":{"pulling":1,"pull":0.65,"custom_model_data":10005},"model":"elitecreatures:cat_sage_animated_weapon_set/bow_1"},{"predicate":{"pulling":1,"pull":0.9,"custom_model_data":10005},"model":"elitecreatures:cat_sage_animated_weapon_set/bow_2"},{"predicate":{"custom_model_data":10006},"model":"elitecreatures:halloween_phantom_animated/bow"},{"predicate":{"pulling":1,"custom_model_data":10006},"model":"elitecreatures:halloween_phantom_animated/bow_0"},{"predicate":{"pulling":1,"pull":0.65,"custom_model_data":10006},"model":"elitecreatures:halloween_phantom_animated/bow_1"},{"predicate":{"pulling":1,"pull":0.9,"custom_model_data":10006},"model":"elitecreatures:halloween_phantom_animated/bow_2"},{"predicate":{"custom_model_data":10007},"model":"item/bow"}]}