{"parent":"minecraft:item/handheld","textures":{"layer0":"minecraft:item/diamond_pickaxe"},"overrides":[{"predicate":{"custom_model_data":10000},"model":"elitecreatures:molten_magma_animated_weapon_set/pickaxe"},{"predicate":{"custom_model_data":10001},"model":"elitecreatures:witchcaster_animated/pickaxe"},{"predicate":{"custom_model_data":10002},"model":"elitecreatures:cat_sage_animated_weapon_set/pickaxe"},{"predicate":{"custom_model_data":10003},"model":"elitecreatures:halloween_phantom_animated/pickaxe"},{"predicate":{"custom_model_data":10004},"model":"item/diamond_pickaxe"}]}