{"parent":"minecraft:item/handheld","textures":{"layer0":"minecraft:item/diamond_axe"},"overrides":[{"predicate":{"custom_model_data":10000},"model":"elitecreatures:molten_magma_animated_weapon_set/axe"},{"predicate":{"custom_model_data":10001},"model":"elitecreatures:molten_magma_animated_weapon_set/hammer"},{"predicate":{"custom_model_data":10002},"model":"elitecreatures:molten_magma_animated_weapon_set/mace"},{"predicate":{"custom_model_data":10003},"model":"elitecreatures:witchcaster_animated/axe"},{"predicate":{"custom_model_data":10004},"model":"elitecreatures:cat_sage_animated_weapon_set/axe"},{"predicate":{"custom_model_data":10005},"model":"elitecreatures:cat_sage_animated_weapon_set/hammer"},{"predicate":{"custom_model_data":10006},"model":"elitecreatures:cat_sage_animated_weapon_set/mace"},{"predicate":{"custom_model_data":10007},"model":"elitecreatures:halloween_phantom_animated/axe"},{"predicate":{"custom_model_data":10008},"model":"item/diamond_axe"}]}