{"parent":"minecraft:item/handheld","textures":{"layer0":"minecraft:item/diamond_sword"},"overrides":[{"predicate":{"custom_model_data":10000},"model":"elitecreatures:molten_magma_animated_weapon_set/dagger"},{"predicate":{"custom_model_data":10001},"model":"elitecreatures:molten_magma_animated_weapon_set/greatsword"},{"predicate":{"custom_model_data":10002},"model":"elitecreatures:molten_magma_animated_weapon_set/spear"},{"predicate":{"custom_model_data":10003},"model":"elitecreatures:molten_magma_animated_weapon_set/staff"},{"predicate":{"custom_model_data":10004},"model":"elitecreatures:molten_magma_animated_weapon_set/sword"},{"predicate":{"custom_model_data":10005},"model":"elitecreatures:witchcaster_animated/sword"},{"predicate":{"custom_model_data":10006},"model":"elitecreatures:witchcaster_animated/dagger"},{"predicate":{"custom_model_data":10007},"model":"elitecreatures:witchcaster_animated/greatsword"},{"predicate":{"custom_model_data":10008},"model":"elitecreatures:witchcaster_animated/hammer"},{"predicate":{"custom_model_data":10009},"model":"elitecreatures:witchcaster_animated/mace"},{"predicate":{"custom_model_data":10010},"model":"elitecreatures:witchcaster_animated/spear"},{"predicate":{"custom_model_data":10011},"model":"elitecreatures:witchcaster_animated/staff"},{"predicate":{"custom_model_data":10012},"model":"elitecreatures:cat_sage_animated_weapon_set/dagger"},{"predicate":{"custom_model_data":10013},"model":"elitecreatures:cat_sage_animated_weapon_set/greatsword"},{"predicate":{"custom_model_data":10014},"model":"elitecreatures:cat_sage_animated_weapon_set/spear"},{"predicate":{"custom_model_data":10015},"model":"elitecreatures:cat_sage_animated_weapon_set/staff"},{"predicate":{"custom_model_data":10016},"model":"elitecreatures:cat_sage_animated_weapon_set/sword"},{"predicate":{"custom_model_data":10017},"model":"elitecreatures:halloween_phantom_animated/sword"},{"predicate":{"custom_model_data":10018},"model":"elitecreatures:halloween_phantom_animated/dagger"},{"predicate":{"custom_model_data":10019},"model":"elitecreatures:halloween_phantom_animated/greatsword"},{"predicate":{"custom_model_data":10020},"model":"elitecreatures:halloween_phantom_animated/hammer"},{"predicate":{"custom_model_data":10021},"model":"elitecreatures:halloween_phantom_animated/mace"},{"predicate":{"custom_model_data":10022},"model":"elitecreatures:halloween_phantom_animated/spear"},{"predicate":{"custom_model_data":10023},"model":"elitecreatures:halloween_phantom_animated/staff"},{"predicate":{"custom_model_data":10024},"model":"item/diamond_sword"}]}