{"parent":"item/handheld_rod","textures":{"layer0":"item/fishing_rod"},"overrides":[{"predicate":{"cast":1},"model":"item/fishing_rod_cast"},{"predicate":{"custom_model_data":10000},"model":"darkwitherset:fishing_rod"},{"predicate":{"cast":1,"custom_model_data":10000},"model":"darkwitherset:fishing_rod_cast"},{"predicate":{"custom_model_data":10001},"model":"furnace_gearworks:fishing_rod"},{"predicate":{"cast":1,"custom_model_data":10001},"model":"furnace_gearworks:fishing_rod_cast"},{"predicate":{"custom_model_data":10002},"model":"blueflame:fishing_rod"},{"predicate":{"cast":1,"custom_model_data":10002},"model":"blueflame:fishing_rod_cast"},{"predicate":{"custom_model_data":10003},"model":"elitecreatures:molten_magma_animated_weapon_set/fishing_rod"},{"predicate":{"cast":1,"custom_model_data":10003},"model":"elitecreatures:molten_magma_animated_weapon_set/fishing_rod_cast"},{"predicate":{"custom_model_data":10004},"model":"elitecreatures:witchcaster_animated/fishing_rod"},{"predicate":{"cast":1,"custom_model_data":10004},"model":"elitecreatures:witchcaster_animated/fishing_rod_cast"},{"predicate":{"custom_model_data":10005},"model":"elitecreatures:cat_sage_animated_weapon_set/fishing_rod"},{"predicate":{"cast":1,"custom_model_data":10005},"model":"elitecreatures:cat_sage_animated_weapon_set/fishing_rod_cast"},{"predicate":{"custom_model_data":10006},"model":"elitecreatures:halloween_phantom_animated/fishing_rod"},{"predicate":{"cast":1,"custom_model_data":10006},"model":"elitecreatures:halloween_phantom_animated/fishing_rod_cast"},{"predicate":{"custom_model_data":10007},"model":"item/fishing_rod"}]}