{"parent":"minecraft:item/handheld","textures":{"layer0":"minecraft:item/iron_sword"},"overrides":[{"predicate":{"custom_model_data":10000},"model":"darkwitherset:greatsword"},{"predicate":{"custom_model_data":10001},"model":"darkwitherset:hammer"},{"predicate":{"custom_model_data":10002},"model":"darkwitherset:scythe"},{"predicate":{"custom_model_data":10003},"model":"darkwitherset:spear"},{"predicate":{"custom_model_data":10004},"model":"darkwitherset:staff"},{"predicate":{"custom_model_data":10005},"model":"darkwitherset:sword"},{"predicate":{"custom_model_data":10006},"model":"darkwitherset:trident"},{"predicate":{"custom_model_data":10007},"model":"furnace_gearworks:battle_axe"},{"predicate":{"custom_model_data":10008},"model":"furnace_gearworks:hammer"},{"predicate":{"custom_model_data":10009},"model":"furnace_gearworks:sickle"},{"predicate":{"custom_model_data":10010},"model":"furnace_gearworks:spear"},{"predicate":{"custom_model_data":10011},"model":"furnace_gearworks:sword"},{"predicate":{"custom_model_data":10012},"model":"blueflame:battle_axe"},{"predicate":{"custom_model_data":10013},"model":"blueflame:blade"},{"predicate":{"custom_model_data":10014},"model":"blueflame:sickle"},{"predicate":{"custom_model_data":10015},"model":"blueflame:spear"},{"predicate":{"custom_model_data":10016},"model":"blueflame:staff"},{"predicate":{"custom_model_data":10017},"model":"blueflame:sword"},{"predicate":{"custom_model_data":10018},"model":"item/iron_sword"}]}