{"parent":"minecraft:item/generated","overrides":[{"model":"minecraft:item/leather_chestplate_quartz_trim","predicate":{"trim_type":0.1}},{"model":"minecraft:item/leather_chestplate_iron_trim","predicate":{"trim_type":0.2}},{"model":"minecraft:item/leather_chestplate_netherite_trim","predicate":{"trim_type":0.3}},{"model":"minecraft:item/leather_chestplate_redstone_trim","predicate":{"trim_type":0.4}},{"model":"minecraft:item/leather_chestplate_copper_trim","predicate":{"trim_type":0.5}},{"model":"minecraft:item/leather_chestplate_gold_trim","predicate":{"trim_type":0.6}},{"model":"minecraft:item/leather_chestplate_emerald_trim","predicate":{"trim_type":0.7}},{"model":"minecraft:item/leather_chestplate_diamond_trim","predicate":{"trim_type":0.8}},{"model":"minecraft:item/leather_chestplate_lapis_trim","predicate":{"trim_type":0.9}},{"model":"minecraft:item/leather_chestplate_amethyst_trim","predicate":{"trim_type":1.0}},{"predicate":{"custom_model_data":10000},"model":"darkwitherset:ia_auto_gen/dark_witherchestplate"},{"predicate":{"trim_type":0.1,"custom_model_data":10000},"model":"darkwitherset:ia_auto_gen/dark_witherchestplate"},{"predicate":{"trim_type":0.2,"custom_model_data":10000},"model":"darkwitherset:ia_auto_gen/dark_witherchestplate"},{"predicate":{"trim_type":0.3,"custom_model_data":10000},"model":"darkwitherset:ia_auto_gen/dark_witherchestplate"},{"predicate":{"trim_type":0.4,"custom_model_data":10000},"model":"darkwitherset:ia_auto_gen/dark_witherchestplate"},{"predicate":{"trim_type":0.5,"custom_model_data":10000},"model":"darkwitherset:ia_auto_gen/dark_witherchestplate"},{"predicate":{"trim_type":0.6,"custom_model_data":10000},"model":"darkwitherset:ia_auto_gen/dark_witherchestplate"},{"predicate":{"trim_type":0.7,"custom_model_data":10000},"model":"darkwitherset:ia_auto_gen/dark_witherchestplate"},{"predicate":{"trim_type":0.8,"custom_model_data":10000},"model":"darkwitherset:ia_auto_gen/dark_witherchestplate"},{"predicate":{"trim_type":0.9,"custom_model_data":10000},"model":"darkwitherset:ia_auto_gen/dark_witherchestplate"},{"predicate":{"trim_type":1.0,"custom_model_data":10000},"model":"darkwitherset:ia_auto_gen/dark_witherchestplate"},{"predicate":{"custom_model_data":10001},"model":"furnace_gearworks:ia_auto_gen/furnace_chestplate"},{"predicate":{"trim_type":0.1,"custom_model_data":10001},"model":"furnace_gearworks:ia_auto_gen/furnace_chestplate"},{"predicate":{"trim_type":0.2,"custom_model_data":10001},"model":"furnace_gearworks:ia_auto_gen/furnace_chestplate"},{"predicate":{"trim_type":0.3,"custom_model_data":10001},"model":"furnace_gearworks:ia_auto_gen/furnace_chestplate"},{"predicate":{"trim_type":0.4,"custom_model_data":10001},"model":"furnace_gearworks:ia_auto_gen/furnace_chestplate"},{"predicate":{"trim_type":0.5,"custom_model_data":10001},"model":"furnace_gearworks:ia_auto_gen/furnace_chestplate"},{"predicate":{"trim_type":0.6,"custom_model_data":10001},"model":"furnace_gearworks:ia_auto_gen/furnace_chestplate"},{"predicate":{"trim_type":0.7,"custom_model_data":10001},"model":"furnace_gearworks:ia_auto_gen/furnace_chestplate"},{"predicate":{"trim_type":0.8,"custom_model_data":10001},"model":"furnace_gearworks:ia_auto_gen/furnace_chestplate"},{"predicate":{"trim_type":0.9,"custom_model_data":10001},"model":"furnace_gearworks:ia_auto_gen/furnace_chestplate"},{"predicate":{"trim_type":1.0,"custom_model_data":10001},"model":"furnace_gearworks:ia_auto_gen/furnace_chestplate"},{"predicate":{"custom_model_data":10002},"model":"blueflame:ia_auto_gen/blueflamechestplate"},{"predicate":{"trim_type":0.1,"custom_model_data":10002},"model":"blueflame:ia_auto_gen/blueflamechestplate"},{"predicate":{"trim_type":0.2,"custom_model_data":10002},"model":"blueflame:ia_auto_gen/blueflamechestplate"},{"predicate":{"trim_type":0.3,"custom_model_data":10002},"model":"blueflame:ia_auto_gen/blueflamechestplate"},{"predicate":{"trim_type":0.4,"custom_model_data":10002},"model":"blueflame:ia_auto_gen/blueflamechestplate"},{"predicate":{"trim_type":0.5,"custom_model_data":10002},"model":"blueflame:ia_auto_gen/blueflamechestplate"},{"predicate":{"trim_type":0.6,"custom_model_data":10002},"model":"blueflame:ia_auto_gen/blueflamechestplate"},{"predicate":{"trim_type":0.7,"custom_model_data":10002},"model":"blueflame:ia_auto_gen/blueflamechestplate"},{"predicate":{"trim_type":0.8,"custom_model_data":10002},"model":"blueflame:ia_auto_gen/blueflamechestplate"},{"predicate":{"trim_type":0.9,"custom_model_data":10002},"model":"blueflame:ia_auto_gen/blueflamechestplate"},{"predicate":{"trim_type":1.0,"custom_model_data":10002},"model":"blueflame:ia_auto_gen/blueflamechestplate"},{"predicate":{"custom_model_data":10003},"model":"elitecreatures:ia_auto_gen/halloween_phantom_animated-chestplate"},{"predicate":{"trim_type":0.1,"custom_model_data":10003},"model":"elitecreatures:ia_auto_gen/halloween_phantom_animated-chestplate"},{"predicate":{"trim_type":0.2,"custom_model_data":10003},"model":"elitecreatures:ia_auto_gen/halloween_phantom_animated-chestplate"},{"predicate":{"trim_type":0.3,"custom_model_data":10003},"model":"elitecreatures:ia_auto_gen/halloween_phantom_animated-chestplate"},{"predicate":{"trim_type":0.4,"custom_model_data":10003},"model":"elitecreatures:ia_auto_gen/halloween_phantom_animated-chestplate"},{"predicate":{"trim_type":0.5,"custom_model_data":10003},"model":"elitecreatures:ia_auto_gen/halloween_phantom_animated-chestplate"},{"predicate":{"trim_type":0.6,"custom_model_data":10003},"model":"elitecreatures:ia_auto_gen/halloween_phantom_animated-chestplate"},{"predicate":{"trim_type":0.7,"custom_model_data":10003},"model":"elitecreatures:ia_auto_gen/halloween_phantom_animated-chestplate"},{"predicate":{"trim_type":0.8,"custom_model_data":10003},"model":"elitecreatures:ia_auto_gen/halloween_phantom_animated-chestplate"},{"predicate":{"trim_type":0.9,"custom_model_data":10003},"model":"elitecreatures:ia_auto_gen/halloween_phantom_animated-chestplate"},{"predicate":{"trim_type":1.0,"custom_model_data":10003},"model":"elitecreatures:ia_auto_gen/halloween_phantom_animated-chestplate"},{"predicate":{"custom_model_data":10004},"model":"elitecreatures:ia_auto_gen/molten_magma_animated_weapon_set_chestplate"},{"predicate":{"trim_type":0.1,"custom_model_data":10004},"model":"elitecreatures:ia_auto_gen/molten_magma_animated_weapon_set_chestplate"},{"predicate":{"trim_type":0.2,"custom_model_data":10004},"model":"elitecreatures:ia_auto_gen/molten_magma_animated_weapon_set_chestplate"},{"predicate":{"trim_type":0.3,"custom_model_data":10004},"model":"elitecreatures:ia_auto_gen/molten_magma_animated_weapon_set_chestplate"},{"predicate":{"trim_type":0.4,"custom_model_data":10004},"model":"elitecreatures:ia_auto_gen/molten_magma_animated_weapon_set_chestplate"},{"predicate":{"trim_type":0.5,"custom_model_data":10004},"model":"elitecreatures:ia_auto_gen/molten_magma_animated_weapon_set_chestplate"},{"predicate":{"trim_type":0.6,"custom_model_data":10004},"model":"elitecreatures:ia_auto_gen/molten_magma_animated_weapon_set_chestplate"},{"predicate":{"trim_type":0.7,"custom_model_data":10004},"model":"elitecreatures:ia_auto_gen/molten_magma_animated_weapon_set_chestplate"},{"predicate":{"trim_type":0.8,"custom_model_data":10004},"model":"elitecreatures:ia_auto_gen/molten_magma_animated_weapon_set_chestplate"},{"predicate":{"trim_type":0.9,"custom_model_data":10004},"model":"elitecreatures:ia_auto_gen/molten_magma_animated_weapon_set_chestplate"},{"predicate":{"trim_type":1.0,"custom_model_data":10004},"model":"elitecreatures:ia_auto_gen/molten_magma_animated_weapon_set_chestplate"},{"predicate":{"custom_model_data":10005},"model":"elitecreatures:ia_auto_gen/cat_sage_animated_weapon_set_chestplate"},{"predicate":{"trim_type":0.1,"custom_model_data":10005},"model":"elitecreatures:ia_auto_gen/cat_sage_animated_weapon_set_chestplate"},{"predicate":{"trim_type":0.2,"custom_model_data":10005},"model":"elitecreatures:ia_auto_gen/cat_sage_animated_weapon_set_chestplate"},{"predicate":{"trim_type":0.3,"custom_model_data":10005},"model":"elitecreatures:ia_auto_gen/cat_sage_animated_weapon_set_chestplate"},{"predicate":{"trim_type":0.4,"custom_model_data":10005},"model":"elitecreatures:ia_auto_gen/cat_sage_animated_weapon_set_chestplate"},{"predicate":{"trim_type":0.5,"custom_model_data":10005},"model":"elitecreatures:ia_auto_gen/cat_sage_animated_weapon_set_chestplate"},{"predicate":{"trim_type":0.6,"custom_model_data":10005},"model":"elitecreatures:ia_auto_gen/cat_sage_animated_weapon_set_chestplate"},{"predicate":{"trim_type":0.7,"custom_model_data":10005},"model":"elitecreatures:ia_auto_gen/cat_sage_animated_weapon_set_chestplate"},{"predicate":{"trim_type":0.8,"custom_model_data":10005},"model":"elitecreatures:ia_auto_gen/cat_sage_animated_weapon_set_chestplate"},{"predicate":{"trim_type":0.9,"custom_model_data":10005},"model":"elitecreatures:ia_auto_gen/cat_sage_animated_weapon_set_chestplate"},{"predicate":{"trim_type":1.0,"custom_model_data":10005},"model":"elitecreatures:ia_auto_gen/cat_sage_animated_weapon_set_chestplate"},{"predicate":{"custom_model_data":10006},"model":"elitecreatures:ia_auto_gen/witchcaster_animated-chestplate"},{"predicate":{"trim_type":0.1,"custom_model_data":10006},"model":"elitecreatures:ia_auto_gen/witchcaster_animated-chestplate"},{"predicate":{"trim_type":0.2,"custom_model_data":10006},"model":"elitecreatures:ia_auto_gen/witchcaster_animated-chestplate"},{"predicate":{"trim_type":0.3,"custom_model_data":10006},"model":"elitecreatures:ia_auto_gen/witchcaster_animated-chestplate"},{"predicate":{"trim_type":0.4,"custom_model_data":10006},"model":"elitecreatures:ia_auto_gen/witchcaster_animated-chestplate"},{"predicate":{"trim_type":0.5,"custom_model_data":10006},"model":"elitecreatures:ia_auto_gen/witchcaster_animated-chestplate"},{"predicate":{"trim_type":0.6,"custom_model_data":10006},"model":"elitecreatures:ia_auto_gen/witchcaster_animated-chestplate"},{"predicate":{"trim_type":0.7,"custom_model_data":10006},"model":"elitecreatures:ia_auto_gen/witchcaster_animated-chestplate"},{"predicate":{"trim_type":0.8,"custom_model_data":10006},"model":"elitecreatures:ia_auto_gen/witchcaster_animated-chestplate"},{"predicate":{"trim_type":0.9,"custom_model_data":10006},"model":"elitecreatures:ia_auto_gen/witchcaster_animated-chestplate"},{"predicate":{"trim_type":1.0,"custom_model_data":10006},"model":"elitecreatures:ia_auto_gen/witchcaster_animated-chestplate"},{"predicate":{"custom_model_data":10007},"model":"item/leather_chestplate"}],"textures":{"layer0":"minecraft:item/leather_chestplate","layer1":"minecraft:item/leather_chestplate_overlay"}}