{"parent":"minecraft:item/generated","overrides":[{"model":"minecraft:item/leather_boots_quartz_trim","predicate":{"trim_type":0.1}},{"model":"minecraft:item/leather_boots_iron_trim","predicate":{"trim_type":0.2}},{"model":"minecraft:item/leather_boots_netherite_trim","predicate":{"trim_type":0.3}},{"model":"minecraft:item/leather_boots_redstone_trim","predicate":{"trim_type":0.4}},{"model":"minecraft:item/leather_boots_copper_trim","predicate":{"trim_type":0.5}},{"model":"minecraft:item/leather_boots_gold_trim","predicate":{"trim_type":0.6}},{"model":"minecraft:item/leather_boots_emerald_trim","predicate":{"trim_type":0.7}},{"model":"minecraft:item/leather_boots_diamond_trim","predicate":{"trim_type":0.8}},{"model":"minecraft:item/leather_boots_lapis_trim","predicate":{"trim_type":0.9}},{"model":"minecraft:item/leather_boots_amethyst_trim","predicate":{"trim_type":1.0}},{"predicate":{"custom_model_data":10000},"model":"darkwitherset:ia_auto_gen/dark_witherboots"},{"predicate":{"trim_type":0.1,"custom_model_data":10000},"model":"darkwitherset:ia_auto_gen/dark_witherboots"},{"predicate":{"trim_type":0.2,"custom_model_data":10000},"model":"darkwitherset:ia_auto_gen/dark_witherboots"},{"predicate":{"trim_type":0.3,"custom_model_data":10000},"model":"darkwitherset:ia_auto_gen/dark_witherboots"},{"predicate":{"trim_type":0.4,"custom_model_data":10000},"model":"darkwitherset:ia_auto_gen/dark_witherboots"},{"predicate":{"trim_type":0.5,"custom_model_data":10000},"model":"darkwitherset:ia_auto_gen/dark_witherboots"},{"predicate":{"trim_type":0.6,"custom_model_data":10000},"model":"darkwitherset:ia_auto_gen/dark_witherboots"},{"predicate":{"trim_type":0.7,"custom_model_data":10000},"model":"darkwitherset:ia_auto_gen/dark_witherboots"},{"predicate":{"trim_type":0.8,"custom_model_data":10000},"model":"darkwitherset:ia_auto_gen/dark_witherboots"},{"predicate":{"trim_type":0.9,"custom_model_data":10000},"model":"darkwitherset:ia_auto_gen/dark_witherboots"},{"predicate":{"trim_type":1.0,"custom_model_data":10000},"model":"darkwitherset:ia_auto_gen/dark_witherboots"},{"predicate":{"custom_model_data":10001},"model":"furnace_gearworks:ia_auto_gen/furnace_boots"},{"predicate":{"trim_type":0.1,"custom_model_data":10001},"model":"furnace_gearworks:ia_auto_gen/furnace_boots"},{"predicate":{"trim_type":0.2,"custom_model_data":10001},"model":"furnace_gearworks:ia_auto_gen/furnace_boots"},{"predicate":{"trim_type":0.3,"custom_model_data":10001},"model":"furnace_gearworks:ia_auto_gen/furnace_boots"},{"predicate":{"trim_type":0.4,"custom_model_data":10001},"model":"furnace_gearworks:ia_auto_gen/furnace_boots"},{"predicate":{"trim_type":0.5,"custom_model_data":10001},"model":"furnace_gearworks:ia_auto_gen/furnace_boots"},{"predicate":{"trim_type":0.6,"custom_model_data":10001},"model":"furnace_gearworks:ia_auto_gen/furnace_boots"},{"predicate":{"trim_type":0.7,"custom_model_data":10001},"model":"furnace_gearworks:ia_auto_gen/furnace_boots"},{"predicate":{"trim_type":0.8,"custom_model_data":10001},"model":"furnace_gearworks:ia_auto_gen/furnace_boots"},{"predicate":{"trim_type":0.9,"custom_model_data":10001},"model":"furnace_gearworks:ia_auto_gen/furnace_boots"},{"predicate":{"trim_type":1.0,"custom_model_data":10001},"model":"furnace_gearworks:ia_auto_gen/furnace_boots"},{"predicate":{"custom_model_data":10002},"model":"blueflame:ia_auto_gen/blueflameboots"},{"predicate":{"trim_type":0.1,"custom_model_data":10002},"model":"blueflame:ia_auto_gen/blueflameboots"},{"predicate":{"trim_type":0.2,"custom_model_data":10002},"model":"blueflame:ia_auto_gen/blueflameboots"},{"predicate":{"trim_type":0.3,"custom_model_data":10002},"model":"blueflame:ia_auto_gen/blueflameboots"},{"predicate":{"trim_type":0.4,"custom_model_data":10002},"model":"blueflame:ia_auto_gen/blueflameboots"},{"predicate":{"trim_type":0.5,"custom_model_data":10002},"model":"blueflame:ia_auto_gen/blueflameboots"},{"predicate":{"trim_type":0.6,"custom_model_data":10002},"model":"blueflame:ia_auto_gen/blueflameboots"},{"predicate":{"trim_type":0.7,"custom_model_data":10002},"model":"blueflame:ia_auto_gen/blueflameboots"},{"predicate":{"trim_type":0.8,"custom_model_data":10002},"model":"blueflame:ia_auto_gen/blueflameboots"},{"predicate":{"trim_type":0.9,"custom_model_data":10002},"model":"blueflame:ia_auto_gen/blueflameboots"},{"predicate":{"trim_type":1.0,"custom_model_data":10002},"model":"blueflame:ia_auto_gen/blueflameboots"},{"predicate":{"custom_model_data":10003},"model":"elitecreatures:ia_auto_gen/halloween_phantom_animated-boots"},{"predicate":{"trim_type":0.1,"custom_model_data":10003},"model":"elitecreatures:ia_auto_gen/halloween_phantom_animated-boots"},{"predicate":{"trim_type":0.2,"custom_model_data":10003},"model":"elitecreatures:ia_auto_gen/halloween_phantom_animated-boots"},{"predicate":{"trim_type":0.3,"custom_model_data":10003},"model":"elitecreatures:ia_auto_gen/halloween_phantom_animated-boots"},{"predicate":{"trim_type":0.4,"custom_model_data":10003},"model":"elitecreatures:ia_auto_gen/halloween_phantom_animated-boots"},{"predicate":{"trim_type":0.5,"custom_model_data":10003},"model":"elitecreatures:ia_auto_gen/halloween_phantom_animated-boots"},{"predicate":{"trim_type":0.6,"custom_model_data":10003},"model":"elitecreatures:ia_auto_gen/halloween_phantom_animated-boots"},{"predicate":{"trim_type":0.7,"custom_model_data":10003},"model":"elitecreatures:ia_auto_gen/halloween_phantom_animated-boots"},{"predicate":{"trim_type":0.8,"custom_model_data":10003},"model":"elitecreatures:ia_auto_gen/halloween_phantom_animated-boots"},{"predicate":{"trim_type":0.9,"custom_model_data":10003},"model":"elitecreatures:ia_auto_gen/halloween_phantom_animated-boots"},{"predicate":{"trim_type":1.0,"custom_model_data":10003},"model":"elitecreatures:ia_auto_gen/halloween_phantom_animated-boots"},{"predicate":{"custom_model_data":10004},"model":"elitecreatures:ia_auto_gen/molten_magma_animated_weapon_set_boots"},{"predicate":{"trim_type":0.1,"custom_model_data":10004},"model":"elitecreatures:ia_auto_gen/molten_magma_animated_weapon_set_boots"},{"predicate":{"trim_type":0.2,"custom_model_data":10004},"model":"elitecreatures:ia_auto_gen/molten_magma_animated_weapon_set_boots"},{"predicate":{"trim_type":0.3,"custom_model_data":10004},"model":"elitecreatures:ia_auto_gen/molten_magma_animated_weapon_set_boots"},{"predicate":{"trim_type":0.4,"custom_model_data":10004},"model":"elitecreatures:ia_auto_gen/molten_magma_animated_weapon_set_boots"},{"predicate":{"trim_type":0.5,"custom_model_data":10004},"model":"elitecreatures:ia_auto_gen/molten_magma_animated_weapon_set_boots"},{"predicate":{"trim_type":0.6,"custom_model_data":10004},"model":"elitecreatures:ia_auto_gen/molten_magma_animated_weapon_set_boots"},{"predicate":{"trim_type":0.7,"custom_model_data":10004},"model":"elitecreatures:ia_auto_gen/molten_magma_animated_weapon_set_boots"},{"predicate":{"trim_type":0.8,"custom_model_data":10004},"model":"elitecreatures:ia_auto_gen/molten_magma_animated_weapon_set_boots"},{"predicate":{"trim_type":0.9,"custom_model_data":10004},"model":"elitecreatures:ia_auto_gen/molten_magma_animated_weapon_set_boots"},{"predicate":{"trim_type":1.0,"custom_model_data":10004},"model":"elitecreatures:ia_auto_gen/molten_magma_animated_weapon_set_boots"},{"predicate":{"custom_model_data":10005},"model":"elitecreatures:ia_auto_gen/cat_sage_animated_weapon_set_boots"},{"predicate":{"trim_type":0.1,"custom_model_data":10005},"model":"elitecreatures:ia_auto_gen/cat_sage_animated_weapon_set_boots"},{"predicate":{"trim_type":0.2,"custom_model_data":10005},"model":"elitecreatures:ia_auto_gen/cat_sage_animated_weapon_set_boots"},{"predicate":{"trim_type":0.3,"custom_model_data":10005},"model":"elitecreatures:ia_auto_gen/cat_sage_animated_weapon_set_boots"},{"predicate":{"trim_type":0.4,"custom_model_data":10005},"model":"elitecreatures:ia_auto_gen/cat_sage_animated_weapon_set_boots"},{"predicate":{"trim_type":0.5,"custom_model_data":10005},"model":"elitecreatures:ia_auto_gen/cat_sage_animated_weapon_set_boots"},{"predicate":{"trim_type":0.6,"custom_model_data":10005},"model":"elitecreatures:ia_auto_gen/cat_sage_animated_weapon_set_boots"},{"predicate":{"trim_type":0.7,"custom_model_data":10005},"model":"elitecreatures:ia_auto_gen/cat_sage_animated_weapon_set_boots"},{"predicate":{"trim_type":0.8,"custom_model_data":10005},"model":"elitecreatures:ia_auto_gen/cat_sage_animated_weapon_set_boots"},{"predicate":{"trim_type":0.9,"custom_model_data":10005},"model":"elitecreatures:ia_auto_gen/cat_sage_animated_weapon_set_boots"},{"predicate":{"trim_type":1.0,"custom_model_data":10005},"model":"elitecreatures:ia_auto_gen/cat_sage_animated_weapon_set_boots"},{"predicate":{"custom_model_data":10006},"model":"elitecreatures:ia_auto_gen/witchcaster_animated-boots"},{"predicate":{"trim_type":0.1,"custom_model_data":10006},"model":"elitecreatures:ia_auto_gen/witchcaster_animated-boots"},{"predicate":{"trim_type":0.2,"custom_model_data":10006},"model":"elitecreatures:ia_auto_gen/witchcaster_animated-boots"},{"predicate":{"trim_type":0.3,"custom_model_data":10006},"model":"elitecreatures:ia_auto_gen/witchcaster_animated-boots"},{"predicate":{"trim_type":0.4,"custom_model_data":10006},"model":"elitecreatures:ia_auto_gen/witchcaster_animated-boots"},{"predicate":{"trim_type":0.5,"custom_model_data":10006},"model":"elitecreatures:ia_auto_gen/witchcaster_animated-boots"},{"predicate":{"trim_type":0.6,"custom_model_data":10006},"model":"elitecreatures:ia_auto_gen/witchcaster_animated-boots"},{"predicate":{"trim_type":0.7,"custom_model_data":10006},"model":"elitecreatures:ia_auto_gen/witchcaster_animated-boots"},{"predicate":{"trim_type":0.8,"custom_model_data":10006},"model":"elitecreatures:ia_auto_gen/witchcaster_animated-boots"},{"predicate":{"trim_type":0.9,"custom_model_data":10006},"model":"elitecreatures:ia_auto_gen/witchcaster_animated-boots"},{"predicate":{"trim_type":1.0,"custom_model_data":10006},"model":"elitecreatures:ia_auto_gen/witchcaster_animated-boots"},{"predicate":{"custom_model_data":10007},"model":"item/leather_boots"}],"textures":{"layer0":"minecraft:item/leather_boots","layer1":"minecraft:item/leather_boots_overlay"}}