{"parent":"minecraft:item/generated","textures":{"layer0":"minecraft:item/paper"},"overrides":[{"predicate":{"custom_model_data":10000},"model":"_iainternal:ia_auto_gen/icon_left_blue"},{"predicate":{"custom_model_data":10001},"model":"_iainternal:ia_auto_gen/icon_right_blue"},{"predicate":{"custom_model_data":10002},"model":"_iainternal:ia_auto_gen/icon_search"},{"predicate":{"custom_model_data":10003},"model":"_iainternal:ia_auto_gen/icon_cancel"},{"predicate":{"custom_model_data":10004},"model":"_iainternal:ia_auto_gen/icon_arrow_chest"},{"predicate":{"custom_model_data":10005},"model":"_iainternal:ia_auto_gen/icon_back_orange"},{"predicate":{"custom_model_data":10006},"model":"_iainternal:ia_auto_gen/icon_next_orange"},{"predicate":{"custom_model_data":10007},"model":"darkwitherset:cape"},{"predicate":{"custom_model_data":10008},"model":"darkwitherset:chest"},{"predicate":{"custom_model_data":10009},"model":"darkwitherset:helmet"},{"predicate":{"custom_model_data":10010},"model":"darkwitherset:key"},{"predicate":{"custom_model_data":10011},"model":"furnace_gearworks:wings"},{"predicate":{"custom_model_data":10012},"model":"blueflame:chest"},{"predicate":{"custom_model_data":10013},"model":"blueflame:key"},{"predicate":{"custom_model_data":10014},"model":"blueflame:wings"},{"predicate":{"custom_model_data":10015},"model":"elitecreatures:halloween_phantom_animated/armor/hat"},{"predicate":{"custom_model_data":10016},"model":"elitecreatures:molten_magma_animated_weapon_set/backpack"},{"predicate":{"custom_model_data":10017},"model":"elitecreatures:molten_magma_animated_weapon_set/chest"},{"predicate":{"custom_model_data":10018},"model":"elitecreatures:molten_magma_animated_weapon_set/hat"},{"predicate":{"custom_model_data":10019},"model":"elitecreatures:molten_magma_animated_weapon_set/key"},{"predicate":{"custom_model_data":10020},"model":"elitecreatures:molten_magma_animated_weapon_set/wing"},{"predicate":{"custom_model_data":10021},"model":"elitecreatures:witchcaster_animated/back"},{"predicate":{"custom_model_data":10022},"model":"elitecreatures:witchcaster_animated/back_normal"},{"predicate":{"custom_model_data":10023},"model":"elitecreatures:witchcaster_animated/back_normal_2"},{"predicate":{"custom_model_data":10024},"model":"elitecreatures:witchcaster_animated/back_self"},{"predicate":{"custom_model_data":10025},"model":"elitecreatures:witchcaster_animated/back_self_2"},{"predicate":{"custom_model_data":10026},"model":"elitecreatures:witchcaster_animated/backpack"},{"predicate":{"custom_model_data":10027},"model":"elitecreatures:witchcaster_animated/backpack_normal"},{"predicate":{"custom_model_data":10028},"model":"elitecreatures:witchcaster_animated/backpack_normal_2"},{"predicate":{"custom_model_data":10029},"model":"elitecreatures:witchcaster_animated/backpack_self"},{"predicate":{"custom_model_data":10030},"model":"elitecreatures:witchcaster_animated/backpack_self_2"},{"predicate":{"custom_model_data":10031},"model":"elitecreatures:witchcaster_animated/key"},{"predicate":{"custom_model_data":10032},"model":"elitecreatures:witchcaster_animated/chest"},{"predicate":{"custom_model_data":10033},"model":"elitecreatures:cat_sage_animated_weapon_set/backpack"},{"predicate":{"custom_model_data":10034},"model":"elitecreatures:cat_sage_animated_weapon_set/chest"},{"predicate":{"custom_model_data":10035},"model":"elitecreatures:cat_sage_animated_weapon_set/hat"},{"predicate":{"custom_model_data":10036},"model":"elitecreatures:cat_sage_animated_weapon_set/key"},{"predicate":{"custom_model_data":10037},"model":"elitecreatures:cat_sage_animated_weapon_set/wing"},{"predicate":{"custom_model_data":10038},"model":"elitecreatures:halloween_phantom_animated/back"},{"predicate":{"custom_model_data":10039},"model":"elitecreatures:halloween_phantom_animated/back_normal"},{"predicate":{"custom_model_data":10040},"model":"elitecreatures:halloween_phantom_animated/back_normal_2"},{"predicate":{"custom_model_data":10041},"model":"elitecreatures:halloween_phantom_animated/back_self"},{"predicate":{"custom_model_data":10042},"model":"elitecreatures:halloween_phantom_animated/back_self_2"},{"predicate":{"custom_model_data":10043},"model":"elitecreatures:halloween_phantom_animated/backpack"},{"predicate":{"custom_model_data":10044},"model":"elitecreatures:halloween_phantom_animated/backpack_normal"},{"predicate":{"custom_model_data":10045},"model":"elitecreatures:halloween_phantom_animated/backpack_normal_2"},{"predicate":{"custom_model_data":10046},"model":"elitecreatures:halloween_phantom_animated/backpack_self"},{"predicate":{"custom_model_data":10047},"model":"elitecreatures:halloween_phantom_animated/backpack_self_2"},{"predicate":{"custom_model_data":10048},"model":"elitecreatures:halloween_phantom_animated/key"},{"predicate":{"custom_model_data":10049},"model":"elitecreatures:halloween_phantom_animated/chest"},{"predicate":{"custom_model_data":10050},"model":"elitecreatures:witchcaster_animated/armor/hat"},{"predicate":{"custom_model_data":10051},"model":"item/paper"}]}