{"parent":"item/generated","textures":{"layer0":"item/potion_overlay","layer1":"item/potion"},"overrides":[{"predicate":{"custom_model_data":9523000},"model":"furnace_gearworks:wings_cosmetic"},{"predicate":{"custom_model_data":9523001},"model":"furnace_gearworks:wings_cosmetic_self"},{"predicate":{"custom_model_data":9523002},"model":"furnace_gearworks:wings_cosmetic_self_2"},{"predicate":{"custom_model_data":9523003},"model":"furnace_gearworks:wings_cosmetic_normal_2"},{"predicate":{"custom_model_data":9923146},"model":"darkwitherset:cape_cosmetic"},{"predicate":{"custom_model_data":9923147},"model":"darkwitherset:cape_cosmetic_self"},{"predicate":{"custom_model_data":9923148},"model":"darkwitherset:cape_cosmetic_self_2"},{"predicate":{"custom_model_data":9923149},"model":"darkwitherset:cape_cosmetic_normal_2"},{"predicate":{"custom_model_data":9923150},"model":"darkwitherset:helmet"},{"predicate":{"custom_model_data":9924667},"model":"blueflame:wings_cosmetic"},{"predicate":{"custom_model_data":9924668},"model":"blueflame:wings_cosmetic_self"},{"predicate":{"custom_model_data":9924669},"model":"blueflame:wings_cosmetic_self_2"},{"predicate":{"custom_model_data":9924670},"model":"blueflame:wings_cosmetic_normal_2"},{"predicate":{"custom_model_data":9924671},"model":"item/potion"}]}