{
    "credit": "Made with Blockbench",
    "textures": {
        "1": "cosmo_pack:sword",
        "5": "cosmo_pack:gravity_2",
        "6": "cosmo_pack:lighting_small",
        "particle": "cosmo_pack:lighting"
    },
    "elements": [
        {
            "from": [
                13.39323,
                18.8244,
                7.65
            ],
            "to": [
                15.39323,
                20.8244,
                8.35
            ],
            "rotation": {
                "angle": 22.5,
                "axis": "z",
                "origin": [
                    14.19005,
                    19.40094,
                    8
                ]
            },
            "faces": {
                "north": {
                    "uv": [
                        6,
                        6.25,
                        6.5,
                        5.75
                    ],
                    "texture": "#1"
                },
                "east": {
                    "uv": [
                        7.25,
                        4.5,
                        7.4375,
                        4
                    ],
                    "texture": "#1"
                },
                "south": {
                    "uv": [
                        6.5,
                        6.25,
                        6,
                        5.75
                    ],
                    "texture": "#1"
                },
                "west": {
                    "uv": [
                        4.25,
                        7.75,
                        4.4375,
                        7.25
                    ],
                    "texture": "#1"
                },
                "up": {
                    "uv": [
                        6,
                        3.9375,
                        5.5,
                        3.75
                    ],
                    "texture": "#1"
                },
                "down": {
                    "uv": [
                        5.25,
                        4.5,
                        4.75,
                        4.6875
                    ],
                    "texture": "#1"
                }
            }
        },
        {
            "from": [
                4.86447,
                11.16007,
                7.7
            ],
            "to": [
                6.36447,
                12.66007,
                8.3
            ],
            "rotation": {
                "angle": 45,
                "axis": "z",
                "origin": [
                    5.61447,
                    11.91007,
                    8
                ]
            },
            "faces": {
                "north": {
                    "uv": [
                        6.75,
                        4,
                        7.125,
                        4.375
                    ],
                    "rotation": 90,
                    "texture": "#1"
                },
                "east": {
                    "uv": [
                        4.625,
                        7.75,
                        4.25,
                        7.875
                    ],
                    "rotation": 270,
                    "texture": "#1"
                },
                "south": {
                    "uv": [
                        6.75,
                        4,
                        7.125,
                        4.375
                    ],
                    "texture": "#1"
                },
                "west": {
                    "uv": [
                        7.875,
                        6.625,
                        7.5,
                        6.5
                    ],
                    "rotation": 270,
                    "texture": "#1"
                },
                "up": {
                    "uv": [
                        7.75,
                        2.25,
                        7.875,
                        2.625
                    ],
                    "rotation": 270,
                    "texture": "#1"
                },
                "down": {
                    "uv": [
                        7.75,
                        3.75,
                        7.875,
                        4.125
                    ],
                    "rotation": 270,
                    "texture": "#1"
                }
            }
        },
        {
            "from": [
                14.15175,
                18.89952,
                7.7
            ],
            "to": [
                16.25175,
                20.39952,
                8.3
            ],
            "rotation": {
                "angle": -22.5,
                "axis": "z",
                "origin": [
                    15.20175,
                    19.64952,
                    8
                ]
            },
            "faces": {
                "north": {
                    "uv": [
                        6.5,
                        6.25,
                        6.875,
                        5.75
                    ],
                    "rotation": 90,
                    "texture": "#1"
                },
                "east": {
                    "uv": [
                        8.125,
                        4.25,
                        7.75,
                        4.375
                    ],
                    "rotation": 270,
                    "texture": "#1"
                },
                "south": {
                    "uv": [
                        6.875,
                        6.25,
                        6.5,
                        5.75
                    ],
                    "rotation": 270,
                    "texture": "#1"
                },
                "west": {
                    "uv": [
                        8.125,
                        4.625,
                        7.75,
                        4.5
                    ],
                    "rotation": 270,
                    "texture": "#1"
                },
                "up": {
                    "uv": [
                        7.5,
                        4.25,
                        7.625,
                        3.75
                    ],
                    "rotation": 270,
                    "texture": "#1"
                },
                "down": {
                    "uv": [
                        7.5,
                        4.75,
                        7.625,
                        4.25
                    ],
                    "rotation": 270,
                    "texture": "#1"
                }
            }
        },
        {
            "from": [
                10.2429,
                15.47811,
                7.75
            ],
            "to": [
                11.7429,
                17.57811,
                8.25
            ],
            "rotation": {
                "angle": -22.5,
                "axis": "z",
                "origin": [
                    10.8,
                    17.06847,
                    8
                ]
            },
            "faces": {
                "north": {
                    "uv": [
                        6.875,
                        5.75,
                        6.5,
                        6.25
                    ],
                    "rotation": 180,
                    "texture": "#1"
                },
                "east": {
                    "uv": [
                        7.625,
                        3.75,
                        7.5,
                        4.25
                    ],
                    "rotation": 180,
                    "texture": "#1"
                },
                "south": {
                    "uv": [
                        6.5,
                        5.75,
                        6.875,
                        6.25
                    ],
                    "rotation": 180,
                    "texture": "#1"
                },
                "west": {
                    "uv": [
                        7.625,
                        4.25,
                        7.5,
                        4.75
                    ],
                    "rotation": 180,
                    "texture": "#1"
                },
                "up": {
                    "uv": [
                        7.75,
                        4.5,
                        8.125,
                        4.625
                    ],
                    "rotation": 180,
                    "texture": "#1"
                },
                "down": {
                    "uv": [
                        7.75,
                        4.375,
                        8.125,
                        4.25
                    ],
                    "rotation": 180,
                    "texture": "#1"
                }
            }
        },
        {
            "from": [
                10.3399,
                18.64132,
                7.75
            ],
            "to": [
                12.1899,
                19.39132,
                8.25
            ],
            "rotation": {
                "angle": 0,
                "axis": "z",
                "origin": [
                    10.8,
                    17.06847,
                    8
                ]
            },
            "faces": {
                "north": {
                    "uv": [
                        7.5,
                        1.75,
                        7.6875,
                        2.1875
                    ],
                    "rotation": 90,
                    "texture": "#1"
                },
                "east": {
                    "uv": [
                        8.1875,
                        0.5,
                        8,
                        0.625
                    ],
                    "rotation": 270,
                    "texture": "#1"
                },
                "south": {
                    "uv": [
                        7.6875,
                        1.75,
                        7.5,
                        2.1875
                    ],
                    "rotation": 270,
                    "texture": "#1"
                },
                "west": {
                    "uv": [
                        8.1875,
                        0.375,
                        8,
                        0.25
                    ],
                    "rotation": 270,
                    "texture": "#1"
                },
                "up": {
                    "uv": [
                        5.25,
                        7.5,
                        5.375,
                        7.9375
                    ],
                    "rotation": 270,
                    "texture": "#1"
                },
                "down": {
                    "uv": [
                        7.5,
                        5.25,
                        7.625,
                        5.6875
                    ],
                    "rotation": 270,
                    "texture": "#1"
                }
            }
        },
        {
            "from": [
                9.68809,
                17.13972,
                7.7
            ],
            "to": [
                10.68809,
                18.78972,
                8.3
            ],
            "rotation": {
                "angle": -22.5,
                "axis": "z",
                "origin": [
                    10.8,
                    17.06847,
                    8
                ]
            },
            "faces": {
                "north": {
                    "uv": [
                        5.75,
                        1.5,
                        6,
                        1.9375
                    ],
                    "rotation": 180,
                    "texture": "#1"
                },
                "east": {
                    "uv": [
                        7.5,
                        5.75,
                        7.625,
                        6.1875
                    ],
                    "rotation": 180,
                    "texture": "#1"
                },
                "south": {
                    "uv": [
                        6,
                        1.5,
                        5.75,
                        1.9375
                    ],
                    "rotation": 180,
                    "texture": "#1"
                },
                "west": {
                    "uv": [
                        5.5,
                        7.5,
                        5.625,
                        7.9375
                    ],
                    "rotation": 180,
                    "texture": "#1"
                },
                "up": {
                    "uv": [
                        8.25,
                        0,
                        8,
                        0.125
                    ],
                    "rotation": 180,
                    "texture": "#1"
                },
                "down": {
                    "uv": [
                        8,
                        7.875,
                        7.75,
                        7.75
                    ],
                    "rotation": 180,
                    "texture": "#1"
                }
            }
        },
        {
            "from": [
                12.37285,
                16.60837,
                7.75
            ],
            "to": [
                13.12285,
                18.45837,
                8.25
            ],
            "rotation": {
                "angle": 0,
                "axis": "z",
                "origin": [
                    10.8,
                    17.06847,
                    8
                ]
            },
            "faces": {
                "north": {
                    "uv": [
                        7.6875,
                        1.75,
                        7.5,
                        2.1875
                    ],
                    "rotation": 180,
                    "texture": "#1"
                },
                "east": {
                    "uv": [
                        5.375,
                        7.5,
                        5.25,
                        7.9375
                    ],
                    "rotation": 180,
                    "texture": "#1"
                },
                "south": {
                    "uv": [
                        7.5,
                        1.75,
                        7.6875,
                        2.1875
                    ],
                    "rotation": 180,
                    "texture": "#1"
                },
                "west": {
                    "uv": [
                        7.625,
                        5.25,
                        7.5,
                        5.6875
                    ],
                    "rotation": 180,
                    "texture": "#1"
                },
                "up": {
                    "uv": [
                        8,
                        0.5,
                        8.1875,
                        0.625
                    ],
                    "rotation": 180,
                    "texture": "#1"
                },
                "down": {
                    "uv": [
                        8,
                        0.375,
                        8.1875,
                        0.25
                    ],
                    "rotation": 180,
                    "texture": "#1"
                }
            }
        },
        {
            "from": [
                10.87125,
                15.95656,
                7.7
            ],
            "to": [
                12.52125,
                16.95656,
                8.3
            ],
            "rotation": {
                "angle": 22.5,
                "axis": "z",
                "origin": [
                    10.8,
                    17.06847,
                    8
                ]
            },
            "faces": {
                "north": {
                    "uv": [
                        6,
                        1.5,
                        5.75,
                        1.9375
                    ],
                    "rotation": 90,
                    "texture": "#1"
                },
                "east": {
                    "uv": [
                        8,
                        0,
                        8.25,
                        0.125
                    ],
                    "rotation": 270,
                    "texture": "#1"
                },
                "south": {
                    "uv": [
                        5.75,
                        1.5,
                        6,
                        1.9375
                    ],
                    "rotation": 270,
                    "texture": "#1"
                },
                "west": {
                    "uv": [
                        7.75,
                        7.875,
                        8,
                        7.75
                    ],
                    "rotation": 270,
                    "texture": "#1"
                },
                "up": {
                    "uv": [
                        7.625,
                        5.75,
                        7.5,
                        6.1875
                    ],
                    "rotation": 270,
                    "texture": "#1"
                },
                "down": {
                    "uv": [
                        5.625,
                        7.5,
                        5.5,
                        7.9375
                    ],
                    "rotation": 270,
                    "texture": "#1"
                }
            }
        },
        {
            "from": [
                12.23568,
                17.45784,
                7.6
            ],
            "to": [
                14.23568,
                20.45784,
                8.4
            ],
            "rotation": {
                "angle": -22.5,
                "axis": "z",
                "origin": [
                    14.19005,
                    19.40094,
                    8
                ]
            },
            "faces": {
                "north": {
                    "uv": [
                        5,
                        6,
                        5.5,
                        5.25
                    ],
                    "texture": "#1"
                },
                "east": {
                    "uv": [
                        6,
                        7.5,
                        6.1875,
                        6.75
                    ],
                    "texture": "#1"
                },
                "south": {
                    "uv": [
                        7.125,
                        0.5,
                        6.75,
                        0
                    ],
                    "texture": "#1"
                },
                "west": {
                    "uv": [
                        6.25,
                        7.5,
                        6.4375,
                        6.75
                    ],
                    "texture": "#1"
                },
                "up": {
                    "uv": [
                        7,
                        7.4375,
                        6.5,
                        7.25
                    ],
                    "texture": "#1"
                },
                "down": {
                    "uv": [
                        7.75,
                        5,
                        7.25,
                        5.1875
                    ],
                    "texture": "#1"
                }
            }
        },
        {
            "from": [
                8.12011,
                12.2725,
                7.7
            ],
            "to": [
                10.22011,
                13.7725,
                8.3
            ],
            "rotation": {
                "angle": 0,
                "axis": "z",
                "origin": [
                    8.41837,
                    12.34348,
                    8
                ]
            },
            "faces": {
                "north": {
                    "uv": [
                        6.875,
                        5.75,
                        6.5,
                        6.25
                    ],
                    "rotation": 270,
                    "texture": "#1"
                },
                "east": {
                    "uv": [
                        7.75,
                        4.375,
                        8.125,
                        4.25
                    ],
                    "rotation": 90,
                    "texture": "#1"
                },
                "south": {
                    "uv": [
                        6.5,
                        5.75,
                        6.875,
                        6.25
                    ],
                    "rotation": 90,
                    "texture": "#1"
                },
                "west": {
                    "uv": [
                        7.75,
                        4.5,
                        8.125,
                        4.625
                    ],
                    "rotation": 90,
                    "texture": "#1"
                },
                "up": {
                    "uv": [
                        7.625,
                        3.75,
                        7.5,
                        4.25
                    ],
                    "rotation": 90,
                    "texture": "#1"
                },
                "down": {
                    "uv": [
                        7.625,
                        4.25,
                        7.5,
                        4.75
                    ],
                    "rotation": 90,
                    "texture": "#1"
                }
            }
        },
        {
            "from": [
                6.96252,
                10.29219,
                7.6
            ],
            "to": [
                9.96252,
                12.29219,
                8.4
            ],
            "rotation": {
                "angle": -45,
                "axis": "z",
                "origin": [
                    8.41837,
                    12.34348,
                    8
                ]
            },
            "faces": {
                "north": {
                    "uv": [
                        5.5,
                        5.25,
                        5,
                        6
                    ],
                    "rotation": 270,
                    "texture": "#1"
                },
                "east": {
                    "uv": [
                        7.25,
                        5.1875,
                        7.75,
                        5
                    ],
                    "rotation": 90,
                    "texture": "#1"
                },
                "south": {
                    "uv": [
                        6.75,
                        0,
                        7.125,
                        0.5
                    ],
                    "rotation": 90,
                    "texture": "#1"
                },
                "west": {
                    "uv": [
                        6.5,
                        7.25,
                        7,
                        7.4375
                    ],
                    "rotation": 90,
                    "texture": "#1"
                },
                "up": {
                    "uv": [
                        6.1875,
                        6.75,
                        6,
                        7.5
                    ],
                    "rotation": 90,
                    "texture": "#1"
                },
                "down": {
                    "uv": [
                        6.4375,
                        6.75,
                        6.25,
                        7.5
                    ],
                    "rotation": 90,
                    "texture": "#1"
                }
            }
        },
        {
            "from": [
                6.9949,
                11.54666,
                7.65
            ],
            "to": [
                8.9949,
                13.54666,
                8.35
            ],
            "rotation": {
                "angle": -22.5,
                "axis": "z",
                "origin": [
                    8.41837,
                    12.34348,
                    8
                ]
            },
            "faces": {
                "north": {
                    "uv": [
                        6.5,
                        5.75,
                        6,
                        6.25
                    ],
                    "rotation": 270,
                    "texture": "#1"
                },
                "east": {
                    "uv": [
                        4.75,
                        4.6875,
                        5.25,
                        4.5
                    ],
                    "rotation": 90,
                    "texture": "#1"
                },
                "south": {
                    "uv": [
                        6,
                        5.75,
                        6.5,
                        6.25
                    ],
                    "rotation": 90,
                    "texture": "#1"
                },
                "west": {
                    "uv": [
                        5.5,
                        3.75,
                        6,
                        3.9375
                    ],
                    "rotation": 90,
                    "texture": "#1"
                },
                "up": {
                    "uv": [
                        7.4375,
                        4,
                        7.25,
                        4.5
                    ],
                    "rotation": 90,
                    "texture": "#1"
                },
                "down": {
                    "uv": [
                        4.4375,
                        7.25,
                        4.25,
                        7.75
                    ],
                    "rotation": 90,
                    "texture": "#1"
                }
            }
        },
        {
            "from": [
                7.2,
                10.125,
                7.2
            ],
            "to": [
                8.8,
                11.125,
                8.8
            ],
            "rotation": {
                "angle": 0,
                "axis": "y",
                "origin": [
                    8,
                    8.875,
                    8
                ]
            },
            "faces": {
                "north": {
                    "uv": [
                        7.25,
                        6.75,
                        7.625,
                        7
                    ],
                    "texture": "#1"
                },
                "east": {
                    "uv": [
                        7.25,
                        6.75,
                        7.625,
                        7
                    ],
                    "texture": "#1"
                },
                "south": {
                    "uv": [
                        7.25,
                        6.75,
                        7.625,
                        7
                    ],
                    "texture": "#1"
                },
                "west": {
                    "uv": [
                        7.25,
                        6.75,
                        7.625,
                        7
                    ],
                    "texture": "#1"
                },
                "up": {
                    "uv": [
                        6.875,
                        7.125,
                        6.5,
                        6.75
                    ],
                    "texture": "#1"
                },
                "down": {
                    "uv": [
                        7.375,
                        1.5,
                        7,
                        1.875
                    ],
                    "texture": "#1"
                }
            }
        },
        {
            "from": [
                13.1314,
                15.0186,
                7
            ],
            "to": [
                15.6314,
                17.5186,
                9
            ],
            "rotation": {
                "angle": -45,
                "axis": "z",
                "origin": [
                    10.15,
                    20.5,
                    8
                ]
            },
            "faces": {
                "north": {
                    "uv": [
                        4.25,
                        5.25,
                        4.875,
                        5.875
                    ],
                    "texture": "#1"
                },
                "east": {
                    "uv": [
                        4.25,
                        6,
                        4.75,
                        6.625
                    ],
                    "texture": "#1"
                },
                "south": {
                    "uv": [
                        4.25,
                        5.25,
                        4.875,
                        5.875
                    ],
                    "rotation": 270,
                    "texture": "#1"
                },
                "west": {
                    "uv": [
                        6,
                        4.5,
                        6.5,
                        5.125
                    ],
                    "texture": "#1"
                },
                "up": {
                    "uv": [
                        6.625,
                        4,
                        6,
                        3.5
                    ],
                    "texture": "#1"
                },
                "down": {
                    "uv": [
                        5.375,
                        6,
                        4.75,
                        6.5
                    ],
                    "texture": "#1"
                }
            }
        },
        {
            "from": [
                9.15,
                13.5159,
                7.125
            ],
            "to": [
                11.15,
                15.5159,
                8.875
            ],
            "rotation": {
                "angle": 0,
                "axis": "y",
                "origin": [
                    10.15,
                    14.5159,
                    8
                ]
            },
            "faces": {
                "north": {
                    "uv": [
                        6.25,
                        0.5,
                        6.75,
                        1
                    ],
                    "texture": "#1"
                },
                "east": {
                    "uv": [
                        6.25,
                        4,
                        6.6875,
                        4.5
                    ],
                    "texture": "#1"
                },
                "south": {
                    "uv": [
                        6.25,
                        0.5,
                        6.75,
                        1
                    ],
                    "texture": "#1"
                },
                "west": {
                    "uv": [
                        6,
                        6.25,
                        6.4375,
                        6.75
                    ],
                    "texture": "#1"
                },
                "up": {
                    "uv": [
                        7,
                        1.9375,
                        6.5,
                        1.5
                    ],
                    "texture": "#1"
                },
                "down": {
                    "uv": [
                        7,
                        2,
                        6.5,
                        2.4375
                    ],
                    "texture": "#1"
                }
            }
        },
        {
            "from": [
                10.01395,
                16.28242,
                7.375
            ],
            "to": [
                11.76395,
                18.03242,
                8.625
            ],
            "rotation": {
                "angle": 0,
                "axis": "z",
                "origin": [
                    10.8,
                    17.06847,
                    8
                ]
            },
            "faces": {
                "north": {
                    "uv": [
                        6.5,
                        4.5,
                        6.9375,
                        4.9375
                    ],
                    "rotation": 90,
                    "texture": "#1"
                },
                "east": {
                    "uv": [
                        7.4375,
                        6.25,
                        7,
                        6.5625
                    ],
                    "rotation": 270,
                    "texture": "#1"
                },
                "south": {
                    "uv": [
                        4.75,
                        6.5,
                        5.1875,
                        6.9375
                    ],
                    "rotation": 270,
                    "texture": "#1"
                },
                "west": {
                    "uv": [
                        7.4375,
                        6.0625,
                        7,
                        5.75
                    ],
                    "rotation": 270,
                    "texture": "#1"
                },
                "up": {
                    "uv": [
                        4.75,
                        7,
                        5.0625,
                        7.4375
                    ],
                    "rotation": 270,
                    "texture": "#1"
                },
                "down": {
                    "uv": [
                        5.25,
                        7,
                        5.5625,
                        7.4375
                    ],
                    "rotation": 270,
                    "texture": "#1"
                }
            }
        },
        {
            "from": [
                10.05,
                16.42104,
                7.5
            ],
            "to": [
                11.55,
                17.92104,
                8.5
            ],
            "rotation": {
                "angle": -45,
                "axis": "z",
                "origin": [
                    10.8,
                    17.06847,
                    8
                ]
            },
            "faces": {
                "north": {
                    "uv": [
                        7,
                        2,
                        7.375,
                        2.375
                    ],
                    "rotation": 180,
                    "texture": "#1"
                },
                "east": {
                    "uv": [
                        7.5,
                        1,
                        7.75,
                        1.375
                    ],
                    "rotation": 180,
                    "texture": "#1"
                },
                "south": {
                    "uv": [
                        7,
                        2,
                        7.375,
                        2.375
                    ],
                    "rotation": 180,
                    "texture": "#1"
                },
                "west": {
                    "uv": [
                        4.5,
                        7.25,
                        4.75,
                        7.625
                    ],
                    "rotation": 180,
                    "texture": "#1"
                },
                "up": {
                    "uv": [
                        7.875,
                        1.5,
                        7.5,
                        1.75
                    ],
                    "rotation": 180,
                    "texture": "#1"
                },
                "down": {
                    "uv": [
                        7.875,
                        0.5,
                        7.5,
                        0.25
                    ],
                    "rotation": 180,
                    "texture": "#1"
                }
            }
        },
        {
            "from": [
                7.2,
                9.375,
                7.2
            ],
            "to": [
                8.8,
                9.875,
                8.8
            ],
            "rotation": {
                "angle": 0,
                "axis": "y",
                "origin": [
                    8,
                    8.875,
                    8
                ]
            },
            "faces": {
                "north": {
                    "uv": [
                        7.75,
                        5.25,
                        8.125,
                        5.375
                    ],
                    "texture": "#1"
                },
                "east": {
                    "uv": [
                        7.75,
                        5.25,
                        8.125,
                        5.375
                    ],
                    "texture": "#1"
                },
                "south": {
                    "uv": [
                        7.75,
                        5.25,
                        8.125,
                        5.375
                    ],
                    "texture": "#1"
                },
                "west": {
                    "uv": [
                        7.75,
                        5.25,
                        8.125,
                        5.375
                    ],
                    "texture": "#1"
                },
                "up": {
                    "uv": [
                        7.375,
                        3.375,
                        7,
                        3
                    ],
                    "texture": "#1"
                },
                "down": {
                    "uv": [
                        7.375,
                        4.5,
                        7,
                        4.875
                    ],
                    "texture": "#1"
                }
            }
        },
        {
            "from": [
                11.36447,
                13.76007,
                7.7
            ],
            "to": [
                12.86447,
                15.26007,
                8.3
            ],
            "rotation": {
                "angle": 45,
                "axis": "z",
                "origin": [
                    12.11447,
                    14.51007,
                    8
                ]
            },
            "faces": {
                "north": {
                    "uv": [
                        6.75,
                        4,
                        7.125,
                        4.375
                    ],
                    "rotation": 90,
                    "texture": "#1"
                },
                "east": {
                    "uv": [
                        4.625,
                        7.75,
                        4.25,
                        7.875
                    ],
                    "rotation": 270,
                    "texture": "#1"
                },
                "south": {
                    "uv": [
                        6.75,
                        4,
                        7.125,
                        4.375
                    ],
                    "texture": "#1"
                },
                "west": {
                    "uv": [
                        7.875,
                        6.625,
                        7.5,
                        6.5
                    ],
                    "rotation": 270,
                    "texture": "#1"
                },
                "up": {
                    "uv": [
                        7.75,
                        2.25,
                        7.875,
                        2.625
                    ],
                    "rotation": 270,
                    "texture": "#1"
                },
                "down": {
                    "uv": [
                        7.75,
                        3.75,
                        7.875,
                        4.125
                    ],
                    "rotation": 270,
                    "texture": "#1"
                }
            }
        },
        {
            "from": [
                13.39323,
                -4.8244,
                7.65
            ],
            "to": [
                15.39323,
                -2.8244,
                8.35
            ],
            "rotation": {
                "angle": -22.5,
                "axis": "z",
                "origin": [
                    14.19005,
                    -3.40094,
                    8
                ]
            },
            "faces": {
                "north": {
                    "uv": [
                        6,
                        5.75,
                        6.5,
                        6.25
                    ],
                    "texture": "#1"
                },
                "east": {
                    "uv": [
                        7.25,
                        4,
                        7.4375,
                        4.5
                    ],
                    "texture": "#1"
                },
                "south": {
                    "uv": [
                        6.5,
                        5.75,
                        6,
                        6.25
                    ],
                    "texture": "#1"
                },
                "west": {
                    "uv": [
                        4.25,
                        7.25,
                        4.4375,
                        7.75
                    ],
                    "texture": "#1"
                },
                "up": {
                    "uv": [
                        5.25,
                        4.6875,
                        4.75,
                        4.5
                    ],
                    "texture": "#1"
                },
                "down": {
                    "uv": [
                        6,
                        3.75,
                        5.5,
                        3.9375
                    ],
                    "texture": "#1"
                }
            }
        },
        {
            "from": [
                4.86447,
                3.33993,
                7.7
            ],
            "to": [
                6.36447,
                4.83993,
                8.3
            ],
            "rotation": {
                "angle": -45,
                "axis": "z",
                "origin": [
                    5.61447,
                    4.08993,
                    8
                ]
            },
            "faces": {
                "north": {
                    "uv": [
                        7.125,
                        4,
                        6.75,
                        4.375
                    ],
                    "rotation": 90,
                    "texture": "#1"
                },
                "east": {
                    "uv": [
                        4.25,
                        7.75,
                        4.625,
                        7.875
                    ],
                    "rotation": 270,
                    "texture": "#1"
                },
                "south": {
                    "uv": [
                        6.75,
                        4.375,
                        7.125,
                        4
                    ],
                    "texture": "#1"
                },
                "west": {
                    "uv": [
                        7.5,
                        6.625,
                        7.875,
                        6.5
                    ],
                    "rotation": 270,
                    "texture": "#1"
                },
                "up": {
                    "uv": [
                        7.875,
                        3.75,
                        7.75,
                        4.125
                    ],
                    "rotation": 270,
                    "texture": "#1"
                },
                "down": {
                    "uv": [
                        7.875,
                        2.25,
                        7.75,
                        2.625
                    ],
                    "rotation": 270,
                    "texture": "#1"
                }
            }
        },
        {
            "from": [
                14.15175,
                -4.39952,
                7.7
            ],
            "to": [
                16.25175,
                -2.89952,
                8.3
            ],
            "rotation": {
                "angle": 22.5,
                "axis": "z",
                "origin": [
                    15.20175,
                    -3.64952,
                    8
                ]
            },
            "faces": {
                "north": {
                    "uv": [
                        6.875,
                        6.25,
                        6.5,
                        5.75
                    ],
                    "rotation": 90,
                    "texture": "#1"
                },
                "east": {
                    "uv": [
                        7.75,
                        4.25,
                        8.125,
                        4.375
                    ],
                    "rotation": 270,
                    "texture": "#1"
                },
                "south": {
                    "uv": [
                        6.5,
                        6.25,
                        6.875,
                        5.75
                    ],
                    "rotation": 270,
                    "texture": "#1"
                },
                "west": {
                    "uv": [
                        7.75,
                        4.625,
                        8.125,
                        4.5
                    ],
                    "rotation": 270,
                    "texture": "#1"
                },
                "up": {
                    "uv": [
                        7.625,
                        4.75,
                        7.5,
                        4.25
                    ],
                    "rotation": 270,
                    "texture": "#1"
                },
                "down": {
                    "uv": [
                        7.625,
                        4.25,
                        7.5,
                        3.75
                    ],
                    "rotation": 270,
                    "texture": "#1"
                }
            }
        },
        {
            "from": [
                10.2429,
                -1.57811,
                7.75
            ],
            "to": [
                11.7429,
                0.52189,
                8.25
            ],
            "rotation": {
                "angle": 22.5,
                "axis": "z",
                "origin": [
                    10.8,
                    -1.06847,
                    8
                ]
            },
            "faces": {
                "north": {
                    "uv": [
                        6.875,
                        6.25,
                        6.5,
                        5.75
                    ],
                    "rotation": 180,
                    "texture": "#1"
                },
                "east": {
                    "uv": [
                        7.625,
                        4.25,
                        7.5,
                        3.75
                    ],
                    "rotation": 180,
                    "texture": "#1"
                },
                "south": {
                    "uv": [
                        6.5,
                        6.25,
                        6.875,
                        5.75
                    ],
                    "rotation": 180,
                    "texture": "#1"
                },
                "west": {
                    "uv": [
                        7.625,
                        4.75,
                        7.5,
                        4.25
                    ],
                    "rotation": 180,
                    "texture": "#1"
                },
                "up": {
                    "uv": [
                        7.75,
                        4.25,
                        8.125,
                        4.375
                    ],
                    "rotation": 180,
                    "texture": "#1"
                },
                "down": {
                    "uv": [
                        7.75,
                        4.625,
                        8.125,
                        4.5
                    ],
                    "rotation": 180,
                    "texture": "#1"
                }
            }
        },
        {
            "from": [
                10.3399,
                -3.39132,
                7.75
            ],
            "to": [
                12.1899,
                -2.64132,
                8.25
            ],
            "rotation": {
                "angle": 0,
                "axis": "z",
                "origin": [
                    10.8,
                    -1.06847,
                    8
                ]
            },
            "faces": {
                "north": {
                    "uv": [
                        7.6875,
                        1.75,
                        7.5,
                        2.1875
                    ],
                    "rotation": 90,
                    "texture": "#1"
                },
                "east": {
                    "uv": [
                        8,
                        0.5,
                        8.1875,
                        0.625
                    ],
                    "rotation": 270,
                    "texture": "#1"
                },
                "south": {
                    "uv": [
                        7.5,
                        1.75,
                        7.6875,
                        2.1875
                    ],
                    "rotation": 270,
                    "texture": "#1"
                },
                "west": {
                    "uv": [
                        8,
                        0.375,
                        8.1875,
                        0.25
                    ],
                    "rotation": 270,
                    "texture": "#1"
                },
                "up": {
                    "uv": [
                        7.625,
                        5.25,
                        7.5,
                        5.6875
                    ],
                    "rotation": 270,
                    "texture": "#1"
                },
                "down": {
                    "uv": [
                        5.375,
                        7.5,
                        5.25,
                        7.9375
                    ],
                    "rotation": 270,
                    "texture": "#1"
                }
            }
        },
        {
            "from": [
                9.68809,
                -2.78972,
                7.7
            ],
            "to": [
                10.68809,
                -1.13972,
                8.3
            ],
            "rotation": {
                "angle": 22.5,
                "axis": "z",
                "origin": [
                    10.8,
                    -1.06847,
                    8
                ]
            },
            "faces": {
                "north": {
                    "uv": [
                        5.75,
                        1.9375,
                        6,
                        1.5
                    ],
                    "rotation": 180,
                    "texture": "#1"
                },
                "east": {
                    "uv": [
                        7.5,
                        6.1875,
                        7.625,
                        5.75
                    ],
                    "rotation": 180,
                    "texture": "#1"
                },
                "south": {
                    "uv": [
                        6,
                        1.9375,
                        5.75,
                        1.5
                    ],
                    "rotation": 180,
                    "texture": "#1"
                },
                "west": {
                    "uv": [
                        5.5,
                        7.9375,
                        5.625,
                        7.5
                    ],
                    "rotation": 180,
                    "texture": "#1"
                },
                "up": {
                    "uv": [
                        8,
                        7.75,
                        7.75,
                        7.875
                    ],
                    "rotation": 180,
                    "texture": "#1"
                },
                "down": {
                    "uv": [
                        8.25,
                        0.125,
                        8,
                        0
                    ],
                    "rotation": 180,
                    "texture": "#1"
                }
            }
        },
        {
            "from": [
                12.37285,
                -2.45837,
                7.75
            ],
            "to": [
                13.12285,
                -0.60837,
                8.25
            ],
            "rotation": {
                "angle": 0,
                "axis": "z",
                "origin": [
                    10.8,
                    -1.06847,
                    8
                ]
            },
            "faces": {
                "north": {
                    "uv": [
                        7.6875,
                        2.1875,
                        7.5,
                        1.75
                    ],
                    "rotation": 180,
                    "texture": "#1"
                },
                "east": {
                    "uv": [
                        5.375,
                        7.9375,
                        5.25,
                        7.5
                    ],
                    "rotation": 180,
                    "texture": "#1"
                },
                "south": {
                    "uv": [
                        7.5,
                        2.1875,
                        7.6875,
                        1.75
                    ],
                    "rotation": 180,
                    "texture": "#1"
                },
                "west": {
                    "uv": [
                        7.625,
                        5.6875,
                        7.5,
                        5.25
                    ],
                    "rotation": 180,
                    "texture": "#1"
                },
                "up": {
                    "uv": [
                        8,
                        0.25,
                        8.1875,
                        0.375
                    ],
                    "rotation": 180,
                    "texture": "#1"
                },
                "down": {
                    "uv": [
                        8,
                        0.625,
                        8.1875,
                        0.5
                    ],
                    "rotation": 180,
                    "texture": "#1"
                }
            }
        },
        {
            "from": [
                10.87125,
                -0.95656,
                7.7
            ],
            "to": [
                12.52125,
                0.04344,
                8.3
            ],
            "rotation": {
                "angle": -22.5,
                "axis": "z",
                "origin": [
                    10.8,
                    -1.06847,
                    8
                ]
            },
            "faces": {
                "north": {
                    "uv": [
                        5.75,
                        1.5,
                        6,
                        1.9375
                    ],
                    "rotation": 90,
                    "texture": "#1"
                },
                "east": {
                    "uv": [
                        8.25,
                        0,
                        8,
                        0.125
                    ],
                    "rotation": 270,
                    "texture": "#1"
                },
                "south": {
                    "uv": [
                        6,
                        1.5,
                        5.75,
                        1.9375
                    ],
                    "rotation": 270,
                    "texture": "#1"
                },
                "west": {
                    "uv": [
                        8,
                        7.875,
                        7.75,
                        7.75
                    ],
                    "rotation": 270,
                    "texture": "#1"
                },
                "up": {
                    "uv": [
                        5.5,
                        7.5,
                        5.625,
                        7.9375
                    ],
                    "rotation": 270,
                    "texture": "#1"
                },
                "down": {
                    "uv": [
                        7.5,
                        5.75,
                        7.625,
                        6.1875
                    ],
                    "rotation": 270,
                    "texture": "#1"
                }
            }
        },
        {
            "from": [
                12.23568,
                -4.45784,
                7.6
            ],
            "to": [
                14.23568,
                -1.45784,
                8.4
            ],
            "rotation": {
                "angle": 22.5,
                "axis": "z",
                "origin": [
                    14.19005,
                    -3.40094,
                    8
                ]
            },
            "faces": {
                "north": {
                    "uv": [
                        5,
                        5.25,
                        5.5,
                        6
                    ],
                    "texture": "#1"
                },
                "east": {
                    "uv": [
                        6,
                        6.75,
                        6.1875,
                        7.5
                    ],
                    "texture": "#1"
                },
                "south": {
                    "uv": [
                        7.125,
                        0,
                        6.75,
                        0.5
                    ],
                    "texture": "#1"
                },
                "west": {
                    "uv": [
                        6.25,
                        6.75,
                        6.4375,
                        7.5
                    ],
                    "texture": "#1"
                },
                "up": {
                    "uv": [
                        7.75,
                        5.1875,
                        7.25,
                        5
                    ],
                    "texture": "#1"
                },
                "down": {
                    "uv": [
                        7,
                        7.25,
                        6.5,
                        7.4375
                    ],
                    "texture": "#1"
                }
            }
        },
        {
            "from": [
                8.12011,
                2.2275,
                7.7
            ],
            "to": [
                10.22011,
                3.7275,
                8.3
            ],
            "rotation": {
                "angle": 0,
                "axis": "z",
                "origin": [
                    8.41837,
                    3.65652,
                    8
                ]
            },
            "faces": {
                "north": {
                    "uv": [
                        6.5,
                        5.75,
                        6.875,
                        6.25
                    ],
                    "rotation": 270,
                    "texture": "#1"
                },
                "east": {
                    "uv": [
                        8.125,
                        4.375,
                        7.75,
                        4.25
                    ],
                    "rotation": 90,
                    "texture": "#1"
                },
                "south": {
                    "uv": [
                        6.875,
                        5.75,
                        6.5,
                        6.25
                    ],
                    "rotation": 90,
                    "texture": "#1"
                },
                "west": {
                    "uv": [
                        8.125,
                        4.5,
                        7.75,
                        4.625
                    ],
                    "rotation": 90,
                    "texture": "#1"
                },
                "up": {
                    "uv": [
                        7.5,
                        4.25,
                        7.625,
                        4.75
                    ],
                    "rotation": 90,
                    "texture": "#1"
                },
                "down": {
                    "uv": [
                        7.5,
                        3.75,
                        7.625,
                        4.25
                    ],
                    "rotation": 90,
                    "texture": "#1"
                }
            }
        },
        {
            "from": [
                6.96252,
                3.70781,
                7.6
            ],
            "to": [
                9.96252,
                5.70781,
                8.4
            ],
            "rotation": {
                "angle": 45,
                "axis": "z",
                "origin": [
                    8.41837,
                    3.65652,
                    8
                ]
            },
            "faces": {
                "north": {
                    "uv": [
                        5,
                        5.25,
                        5.5,
                        6
                    ],
                    "rotation": 270,
                    "texture": "#1"
                },
                "east": {
                    "uv": [
                        7.75,
                        5.1875,
                        7.25,
                        5
                    ],
                    "rotation": 90,
                    "texture": "#1"
                },
                "south": {
                    "uv": [
                        7.125,
                        0,
                        6.75,
                        0.5
                    ],
                    "rotation": 90,
                    "texture": "#1"
                },
                "west": {
                    "uv": [
                        7,
                        7.25,
                        6.5,
                        7.4375
                    ],
                    "rotation": 90,
                    "texture": "#1"
                },
                "up": {
                    "uv": [
                        6.25,
                        6.75,
                        6.4375,
                        7.5
                    ],
                    "rotation": 90,
                    "texture": "#1"
                },
                "down": {
                    "uv": [
                        6,
                        6.75,
                        6.1875,
                        7.5
                    ],
                    "rotation": 90,
                    "texture": "#1"
                }
            }
        },
        {
            "from": [
                6.9949,
                2.45334,
                7.65
            ],
            "to": [
                8.9949,
                4.45334,
                8.35
            ],
            "rotation": {
                "angle": 22.5,
                "axis": "z",
                "origin": [
                    8.41837,
                    3.65652,
                    8
                ]
            },
            "faces": {
                "north": {
                    "uv": [
                        6,
                        5.75,
                        6.5,
                        6.25
                    ],
                    "rotation": 270,
                    "texture": "#1"
                },
                "east": {
                    "uv": [
                        5.25,
                        4.6875,
                        4.75,
                        4.5
                    ],
                    "rotation": 90,
                    "texture": "#1"
                },
                "south": {
                    "uv": [
                        6.5,
                        5.75,
                        6,
                        6.25
                    ],
                    "rotation": 90,
                    "texture": "#1"
                },
                "west": {
                    "uv": [
                        6,
                        3.75,
                        5.5,
                        3.9375
                    ],
                    "rotation": 90,
                    "texture": "#1"
                },
                "up": {
                    "uv": [
                        4.25,
                        7.25,
                        4.4375,
                        7.75
                    ],
                    "rotation": 90,
                    "texture": "#1"
                },
                "down": {
                    "uv": [
                        7.25,
                        4,
                        7.4375,
                        4.5
                    ],
                    "rotation": 90,
                    "texture": "#1"
                }
            }
        },
        {
            "from": [
                7.2,
                4.875,
                7.2
            ],
            "to": [
                8.8,
                5.875,
                8.8
            ],
            "rotation": {
                "angle": 0,
                "axis": "y",
                "origin": [
                    8,
                    7.125,
                    8
                ]
            },
            "faces": {
                "north": {
                    "uv": [
                        7.25,
                        7,
                        7.625,
                        6.75
                    ],
                    "texture": "#1"
                },
                "east": {
                    "uv": [
                        7.25,
                        7,
                        7.625,
                        6.75
                    ],
                    "texture": "#1"
                },
                "south": {
                    "uv": [
                        7.25,
                        7,
                        7.625,
                        6.75
                    ],
                    "texture": "#1"
                },
                "west": {
                    "uv": [
                        7.25,
                        7,
                        7.625,
                        6.75
                    ],
                    "texture": "#1"
                },
                "up": {
                    "uv": [
                        7.375,
                        1.875,
                        7,
                        1.5
                    ],
                    "texture": "#1"
                },
                "down": {
                    "uv": [
                        6.875,
                        6.75,
                        6.5,
                        7.125
                    ],
                    "texture": "#1"
                }
            }
        },
        {
            "from": [
                13.1314,
                -1.5186,
                7
            ],
            "to": [
                15.6314,
                0.9814,
                9
            ],
            "rotation": {
                "angle": 45,
                "axis": "z",
                "origin": [
                    10.15,
                    -4.5,
                    8
                ]
            },
            "faces": {
                "north": {
                    "uv": [
                        4.25,
                        5.875,
                        4.875,
                        5.25
                    ],
                    "texture": "#1"
                },
                "east": {
                    "uv": [
                        4.25,
                        6.625,
                        4.75,
                        6
                    ],
                    "texture": "#1"
                },
                "south": {
                    "uv": [
                        4.875,
                        5.25,
                        4.25,
                        5.875
                    ],
                    "rotation": 270,
                    "texture": "#1"
                },
                "west": {
                    "uv": [
                        6,
                        5.125,
                        6.5,
                        4.5
                    ],
                    "texture": "#1"
                },
                "up": {
                    "uv": [
                        5.375,
                        6.5,
                        4.75,
                        6
                    ],
                    "texture": "#1"
                },
                "down": {
                    "uv": [
                        6.625,
                        3.5,
                        6,
                        4
                    ],
                    "texture": "#1"
                }
            }
        },
        {
            "from": [
                9.15,
                0.4841,
                7.125
            ],
            "to": [
                11.15,
                2.4841,
                8.875
            ],
            "rotation": {
                "angle": 0,
                "axis": "y",
                "origin": [
                    10.15,
                    1.4841,
                    8
                ]
            },
            "faces": {
                "north": {
                    "uv": [
                        6.25,
                        1,
                        6.75,
                        0.5
                    ],
                    "texture": "#1"
                },
                "east": {
                    "uv": [
                        6.25,
                        4.5,
                        6.6875,
                        4
                    ],
                    "texture": "#1"
                },
                "south": {
                    "uv": [
                        6.25,
                        1,
                        6.75,
                        0.5
                    ],
                    "texture": "#1"
                },
                "west": {
                    "uv": [
                        6,
                        6.75,
                        6.4375,
                        6.25
                    ],
                    "texture": "#1"
                },
                "up": {
                    "uv": [
                        7,
                        2.4375,
                        6.5,
                        2
                    ],
                    "texture": "#1"
                },
                "down": {
                    "uv": [
                        7,
                        1.5,
                        6.5,
                        1.9375
                    ],
                    "texture": "#1"
                }
            }
        },
        {
            "from": [
                10.01395,
                -2.03242,
                7.375
            ],
            "to": [
                11.76395,
                -0.28242,
                8.625
            ],
            "rotation": {
                "angle": 0,
                "axis": "z",
                "origin": [
                    10.8,
                    -1.06847,
                    8
                ]
            },
            "faces": {
                "north": {
                    "uv": [
                        6.9375,
                        4.5,
                        6.5,
                        4.9375
                    ],
                    "rotation": 90,
                    "texture": "#1"
                },
                "east": {
                    "uv": [
                        7,
                        6.25,
                        7.4375,
                        6.5625
                    ],
                    "rotation": 270,
                    "texture": "#1"
                },
                "south": {
                    "uv": [
                        5.1875,
                        6.5,
                        4.75,
                        6.9375
                    ],
                    "rotation": 270,
                    "texture": "#1"
                },
                "west": {
                    "uv": [
                        7,
                        6.0625,
                        7.4375,
                        5.75
                    ],
                    "rotation": 270,
                    "texture": "#1"
                },
                "up": {
                    "uv": [
                        5.5625,
                        7,
                        5.25,
                        7.4375
                    ],
                    "rotation": 270,
                    "texture": "#1"
                },
                "down": {
                    "uv": [
                        5.0625,
                        7,
                        4.75,
                        7.4375
                    ],
                    "rotation": 270,
                    "texture": "#1"
                }
            }
        },
        {
            "from": [
                10.05,
                -1.92104,
                7.5
            ],
            "to": [
                11.55,
                -0.42104,
                8.5
            ],
            "rotation": {
                "angle": 45,
                "axis": "z",
                "origin": [
                    10.8,
                    -1.06847,
                    8
                ]
            },
            "faces": {
                "north": {
                    "uv": [
                        7,
                        2.375,
                        7.375,
                        2
                    ],
                    "rotation": 180,
                    "texture": "#1"
                },
                "east": {
                    "uv": [
                        7.5,
                        1.375,
                        7.75,
                        1
                    ],
                    "rotation": 180,
                    "texture": "#1"
                },
                "south": {
                    "uv": [
                        7,
                        2.375,
                        7.375,
                        2
                    ],
                    "rotation": 180,
                    "texture": "#1"
                },
                "west": {
                    "uv": [
                        4.5,
                        7.625,
                        4.75,
                        7.25
                    ],
                    "rotation": 180,
                    "texture": "#1"
                },
                "up": {
                    "uv": [
                        7.875,
                        0.25,
                        7.5,
                        0.5
                    ],
                    "rotation": 180,
                    "texture": "#1"
                },
                "down": {
                    "uv": [
                        7.875,
                        1.75,
                        7.5,
                        1.5
                    ],
                    "rotation": 180,
                    "texture": "#1"
                }
            }
        },
        {
            "from": [
                7.2,
                6.125,
                7.2
            ],
            "to": [
                8.8,
                6.625,
                8.8
            ],
            "rotation": {
                "angle": 0,
                "axis": "y",
                "origin": [
                    8,
                    7.125,
                    8
                ]
            },
            "faces": {
                "north": {
                    "uv": [
                        7.75,
                        5.375,
                        8.125,
                        5.25
                    ],
                    "texture": "#1"
                },
                "east": {
                    "uv": [
                        7.75,
                        5.375,
                        8.125,
                        5.25
                    ],
                    "texture": "#1"
                },
                "south": {
                    "uv": [
                        7.75,
                        5.375,
                        8.125,
                        5.25
                    ],
                    "texture": "#1"
                },
                "west": {
                    "uv": [
                        7.75,
                        5.375,
                        8.125,
                        5.25
                    ],
                    "texture": "#1"
                },
                "up": {
                    "uv": [
                        7.375,
                        4.875,
                        7,
                        4.5
                    ],
                    "texture": "#1"
                },
                "down": {
                    "uv": [
                        7.375,
                        3,
                        7,
                        3.375
                    ],
                    "texture": "#1"
                }
            }
        },
        {
            "from": [
                11.36447,
                0.73993,
                7.7
            ],
            "to": [
                12.86447,
                2.23993,
                8.3
            ],
            "rotation": {
                "angle": -45,
                "axis": "z",
                "origin": [
                    12.11447,
                    1.48993,
                    8
                ]
            },
            "faces": {
                "north": {
                    "uv": [
                        7.125,
                        4,
                        6.75,
                        4.375
                    ],
                    "rotation": 90,
                    "texture": "#1"
                },
                "east": {
                    "uv": [
                        4.25,
                        7.75,
                        4.625,
                        7.875
                    ],
                    "rotation": 270,
                    "texture": "#1"
                },
                "south": {
                    "uv": [
                        6.75,
                        4.375,
                        7.125,
                        4
                    ],
                    "texture": "#1"
                },
                "west": {
                    "uv": [
                        7.5,
                        6.625,
                        7.875,
                        6.5
                    ],
                    "rotation": 270,
                    "texture": "#1"
                },
                "up": {
                    "uv": [
                        7.875,
                        3.75,
                        7.75,
                        4.125
                    ],
                    "rotation": 270,
                    "texture": "#1"
                },
                "down": {
                    "uv": [
                        7.875,
                        2.25,
                        7.75,
                        2.625
                    ],
                    "rotation": 270,
                    "texture": "#1"
                }
            }
        },
        {
            "from": [
                7.45,
                5,
                7.45
            ],
            "to": [
                8.55,
                11,
                8.55
            ],
            "rotation": {
                "angle": 0,
                "axis": "y",
                "origin": [
                    8.05,
                    22.777,
                    8.05
                ]
            },
            "faces": {
                "north": {
                    "uv": [
                        5.5,
                        5.25,
                        5.75,
                        6.75
                    ],
                    "texture": "#1"
                },
                "east": {
                    "uv": [
                        5.5,
                        5.25,
                        5.75,
                        6.75
                    ],
                    "texture": "#1"
                },
                "south": {
                    "uv": [
                        5.5,
                        5.25,
                        5.75,
                        6.75
                    ],
                    "texture": "#1"
                },
                "west": {
                    "uv": [
                        5.5,
                        5.25,
                        5.75,
                        6.75
                    ],
                    "texture": "#1"
                },
                "up": {
                    "uv": [
                        5.5,
                        6.75,
                        5.25,
                        6.5
                    ],
                    "texture": "#1"
                },
                "down": {
                    "uv": [
                        7.75,
                        4.75,
                        7.5,
                        5
                    ],
                    "texture": "#1"
                }
            }
        },
        {
            "from": [
                15,
                -3,
                8
            ],
            "to": [
                15.25,
                19,
                8
            ],
            "rotation": {
                "angle": 0,
                "axis": "y",
                "origin": [
                    15.125,
                    8,
                    8
                ]
            },
            "faces": {
                "north": {
                    "uv": [
                        0,
                        16,
                        0.0625,
                        10.875
                    ],
                    "texture": "#1"
                },
                "south": {
                    "uv": [
                        0,
                        10.875,
                        0.0625,
                        16
                    ],
                    "texture": "#1"
                }
            }
        },
        {
            "from": [
                -0.375,
                7.375,
                8
            ],
            "to": [
                16.125,
                8.625,
                8
            ],
            "rotation": {
                "angle": -45,
                "axis": "x",
                "origin": [
                    7.875,
                    8,
                    8
                ]
            },
            "faces": {
                "north": {
                    "uv": [
                        4.25,
                        12.25,
                        4.5625,
                        8.125
                    ],
                    "rotation": 90,
                    "texture": "#1"
                },
                "south": {
                    "uv": [
                        4.25,
                        12.25,
                        4.5625,
                        8.125
                    ],
                    "rotation": 270,
                    "texture": "#1"
                }
            }
        },
        {
            "from": [
                -0.375,
                7.375,
                8
            ],
            "to": [
                16.125,
                8.625,
                8
            ],
            "rotation": {
                "angle": 45,
                "axis": "x",
                "origin": [
                    7.875,
                    8,
                    8
                ]
            },
            "faces": {
                "north": {
                    "uv": [
                        4.25,
                        12.25,
                        4.5625,
                        8.125
                    ],
                    "rotation": 90,
                    "texture": "#1"
                },
                "south": {
                    "uv": [
                        4.5625,
                        12.25,
                        4.25,
                        8.125
                    ],
                    "rotation": 270,
                    "texture": "#1"
                }
            }
        },
        {
            "from": [
                8,
                -5.277,
                7.875
            ],
            "to": [
                15,
                1.723,
                8.125
            ],
            "rotation": {
                "angle": 0,
                "axis": "y",
                "origin": [
                    12,
                    23.223,
                    11.8
                ]
            },
            "faces": {
                "north": {
                    "uv": [
                        0,
                        0,
                        16,
                        16
                    ],
                    "rotation": 270,
                    "texture": "#5"
                },
                "south": {
                    "uv": [
                        16,
                        0,
                        0,
                        16
                    ],
                    "rotation": 90,
                    "texture": "#5"
                }
            }
        },
        {
            "from": [
                8,
                14.277,
                7.875
            ],
            "to": [
                15,
                21.277,
                8.125
            ],
            "rotation": {
                "angle": 0,
                "axis": "y",
                "origin": [
                    12,
                    -7.223,
                    11.8
                ]
            },
            "faces": {
                "north": {
                    "uv": [
                        16,
                        0,
                        0,
                        16
                    ],
                    "rotation": 270,
                    "texture": "#5"
                },
                "south": {
                    "uv": [
                        0,
                        0,
                        16,
                        16
                    ],
                    "rotation": 90,
                    "texture": "#5"
                }
            }
        },
        {
            "from": [
                4,
                11,
                7.875
            ],
            "to": [
                14,
                21,
                8.125
            ],
            "rotation": {
                "angle": -22.5,
                "axis": "z",
                "origin": [
                    9,
                    16,
                    8
                ]
            },
            "faces": {
                "north": {
                    "uv": [
                        0,
                        0,
                        16,
                        16
                    ],
                    "rotation": 270,
                    "texture": "#6"
                },
                "south": {
                    "uv": [
                        16,
                        0,
                        0,
                        16
                    ],
                    "rotation": 90,
                    "texture": "#6"
                }
            }
        },
        {
            "from": [
                4,
                -5,
                7.875
            ],
            "to": [
                14,
                5,
                8.125
            ],
            "rotation": {
                "angle": 22.5,
                "axis": "z",
                "origin": [
                    9,
                    0,
                    8
                ]
            },
            "faces": {
                "north": {
                    "uv": [
                        16,
                        0,
                        0,
                        16
                    ],
                    "rotation": 270,
                    "texture": "#6"
                },
                "south": {
                    "uv": [
                        0,
                        0,
                        16,
                        16
                    ],
                    "rotation": 90,
                    "texture": "#6"
                }
            }
        }
    ],
    "gui_light": "front",
    "display": {
        "thirdperson_righthand": {
            "rotation": [
                0,
                -90,
                0
            ],
            "translation": [
                0,
                -2,
                0.75
            ]
        },
        "thirdperson_lefthand": {
            "rotation": [
                0,
                90,
                0
            ],
            "translation": [
                0,
                -2,
                0.75
            ]
        },
        "firstperson_righthand": {
            "rotation": [
                -1.83,
                -79.11,
                -19.49
            ],
            "translation": [
                4.75,
                2.75,
                -4.75
            ]
        },
        "firstperson_lefthand": {
            "rotation": [
                7.59,
                76.18,
                17.66
            ],
            "translation": [
                6.5,
                1.75,
                -1.25
            ]
        },
        "ground": {
            "rotation": [
                80,
                0,
                0
            ],
            "translation": [
                0,
                0,
                -0.5
            ],
            "scale": [
                0.67,
                0.67,
                0.67
            ]
        },
        "gui": {
            "rotation": [
                0,
                0,
                -45
            ],
            "translation": [
                -2.25,
                2.25,
                0
            ],
            "scale": [
                0.7,
                0.7,
                0.7
            ]
        },
        "head": {
            "scale": [
                0.01,
                0.01,
                0.01
            ]
        },
        "fixed": {
            "rotation": [
                0,
                180,
                0
            ],
            "translation": [
                8,
                0.5,
                -1.25
            ],
            "scale": [
                2.01,
                2.01,
                2.01
            ]
        }
    },
    "groups": [
        {
            "name": "hoe",
            "origin": [
                8,
                8,
                8
            ],
            "color": 0,
            "nbt": "{}",
            "children": [
                {
                    "name": "group",
                    "origin": [
                        12.11447,
                        6.51007,
                        8
                    ],
                    "color": 0,
                    "nbt": "{}",
                    "children": [
                        0,
                        1,
                        2,
                        3,
                        4,
                        5,
                        6,
                        7,
                        8,
                        9,
                        10,
                        11,
                        12,
                        13,
                        14,
                        15,
                        16,
                        17,
                        18
                    ]
                },
                {
                    "name": "group",
                    "origin": [
                        12.11447,
                        6.51007,
                        8
                    ],
                    "color": 0,
                    "nbt": "{}",
                    "children": [
                        19,
                        20,
                        21,
                        22,
                        23,
                        24,
                        25,
                        26,
                        27,
                        28,
                        29,
                        30,
                        31,
                        32,
                        33,
                        34,
                        35,
                        36,
                        37
                    ]
                },
                38,
                {
                    "name": "group",
                    "origin": [
                        8.5,
                        12.723,
                        11.8
                    ],
                    "color": 0,
                    "nbt": "{}",
                    "children": [
                        39,
                        40,
                        41,
                        42,
                        43,
                        44,
                        45
                    ]
                }
            ]
        }
    ],
    "USER": "{{USER}}",
    "NONCE": "{{NONCE}}",
    "TIMESTAMP": "{{TIMESTAMP}}",
    "RESOURCE": "{{RESOURCE}}",
    "MCMODELS": "{{MCMODELS}}"
}