{"credit":"Made with Blockbench","texture_size":[40,40],"textures":{"3":"cosmo_pack:ring","4":"cosmo_pack:gravity_1","5":"cosmo_pack:gravity_2","6":"cosmo_pack:lighting_small","10":"cosmo_pack:chest"},"elements":[{"from":[13.02,4.99867,3.47884],"to":[14.88813,8.20116,5.34697],"rotation":{"angle":-22.5,"axis":"z","origin":[13.95406,6.93351,8.01572]},"faces":{"north":{"uv":[11.6,12.4,12.3,13.7],"texture":"#10"},"east":{"uv":[12.4,12.4,13.1,13.7],"texture":"#10"},"south":{"uv":[12.8,0,13.5,1.3],"texture":"#10"},"west":{"uv":[1.6,12.8,2.3,14.1],"texture":"#10"},"up":{"uv":[6.3,15.1,5.6,14.4],"texture":"#10"},"down":{"uv":[15.1,5.6,14.4,6.3],"texture":"#10"}}},{"from":[12.21663,3.50417,3.303],"to":[14.35163,5.63917,5.438],"rotation":{"angle":0,"axis":"y","origin":[8,4.12095,8]},"faces":{"north":{"uv":[2.4,12.8,3.3,13.7],"texture":"#10"},"east":{"uv":[3.6,12.8,4.5,13.7],"texture":"#10"},"south":{"uv":[12.8,10.4,13.7,11.3],"texture":"#10"},"west":{"uv":[13.2,2.4,14.1,3.3],"texture":"#10"},"up":{"uv":[14.1,6.9,13.2,6],"texture":"#10"},"down":{"uv":[14.1,7.2,13.2,8.1],"texture":"#10"}}},{"from":[12.45313,1.55167,3.555],"to":[14.07125,4.57167,5.17313],"rotation":{"angle":0,"axis":"y","origin":[8.2,4.12095,7.825]},"faces":{"north":{"uv":[13.6,4.8,14.2,6],"texture":"#10"},"east":{"uv":[6.4,13.6,7,14.8],"texture":"#10"},"south":{"uv":[2.4,14,3,15.2],"texture":"#10"},"west":{"uv":[3.2,14,3.8,15.2],"texture":"#10"},"up":{"uv":[7,15.4,6.4,14.8],"texture":"#10"},"down":{"uv":[7.8,14.8,7.2,15.4],"texture":"#10"}}},{"from":[2.39563,0.35574,3.99688],"to":[13.60438,1.59386,12.00313],"rotation":{"angle":0,"axis":"y","origin":[8,4.12095,8]},"faces":{"north":{"uv":[1.6,11.2,6.1,11.7],"texture":"#10"},"east":{"uv":[11.2,11.6,14.4,12.1],"texture":"#10"},"south":{"uv":[6.4,11.6,10.9,12.1],"texture":"#10"},"west":{"uv":[1.6,12,4.8,12.5],"texture":"#10"},"up":{"uv":[4.5,3.2,0,0],"texture":"#10"},"down":{"uv":[4.5,3.2,0,6.4],"texture":"#10"}}},{"from":[2.39563,4.35574,3.99688],"to":[13.60438,5.59386,12.00313],"rotation":{"angle":0,"axis":"y","origin":[8,8.12095,8]},"faces":{"north":{"uv":[1.6,11.2,6.1,11.7],"texture":"#10"},"east":{"uv":[11.2,11.6,14.4,12.1],"texture":"#10"},"south":{"uv":[6.4,11.6,10.9,12.1],"texture":"#10"},"west":{"uv":[1.6,12,4.8,12.5],"texture":"#10"},"up":{"uv":[4.5,3.2,0,0],"texture":"#10"},"down":{"uv":[4.5,3.2,0,6.4],"texture":"#10"}}},{"from":[13.14592,-0.21131,3.44094],"to":[15.01404,2.14118,5.30906],"rotation":{"angle":22.5,"axis":"z","origin":[14.07998,0.05634,7.97781]},"faces":{"north":{"uv":[10,14,10.7,14.9],"texture":"#10"},"east":{"uv":[14,10.4,14.7,11.3],"texture":"#10"},"south":{"uv":[10.8,14,11.5,14.9],"texture":"#10"},"west":{"uv":[11.6,14,12.3,14.9],"texture":"#10"},"up":{"uv":[15.1,7.1,14.4,6.4],"texture":"#10"},"down":{"uv":[15.1,7.2,14.4,7.9],"texture":"#10"}}},{"from":[2.6625,5.13917,4.26374],"to":[13.3375,7.52417,11.73626],"rotation":{"angle":0,"axis":"y","origin":[8,4.12095,8.00001]},"faces":{"north":{"uv":[9.2,3.6,13.5,4.6],"texture":"#10"},"east":{"uv":[6.4,10.4,9.4,11.4],"texture":"#10"},"south":{"uv":[9.2,4.8,13.5,5.8],"texture":"#10"},"west":{"uv":[9.6,10.4,12.6,11.4],"texture":"#10"},"up":{"uv":[9.1,3,4.8,0],"texture":"#10"},"down":{"uv":[9.1,3.2,4.8,6.2],"texture":"#10"}}},{"from":[12.06594,4.74867,3.56594],"to":[13.93406,8.20116,12.43406],"rotation":{"angle":-45,"axis":"z","origin":[13,6.47491,8]},"faces":{"north":{"uv":[7.6,12.4,8.3,13.8],"texture":"#10"},"east":{"uv":[0,9.2,3.5,10.6],"texture":"#10"},"south":{"uv":[8.4,12.4,9.1,13.8],"texture":"#10"},"west":{"uv":[9.2,0,12.7,1.4],"texture":"#10"},"up":{"uv":[0.7,14.3,0,10.8],"texture":"#10"},"down":{"uv":[1.5,10.8,0.8,14.3],"texture":"#10"}}},{"from":[0.98596,-0.21131,3.44094],"to":[2.85408,2.14118,5.30906],"rotation":{"angle":-22.5,"axis":"z","origin":[1.92002,0.05634,7.97781]},"faces":{"north":{"uv":[10.7,14,10,14.9],"texture":"#10"},"east":{"uv":[12.3,14,11.6,14.9],"texture":"#10"},"south":{"uv":[11.5,14,10.8,14.9],"texture":"#10"},"west":{"uv":[14.7,10.4,14,11.3],"texture":"#10"},"up":{"uv":[14.4,7.1,15.1,6.4],"texture":"#10"},"down":{"uv":[14.4,7.2,15.1,7.9],"texture":"#10"}}},{"from":[1.92875,1.55167,3.555],"to":[3.54687,4.57167,5.17313],"rotation":{"angle":0,"axis":"y","origin":[7.8,4.12095,7.825]},"faces":{"north":{"uv":[14.2,4.8,13.6,6],"texture":"#10"},"east":{"uv":[3.8,14,3.2,15.2],"texture":"#10"},"south":{"uv":[3,14,2.4,15.2],"texture":"#10"},"west":{"uv":[7,13.6,6.4,14.8],"texture":"#10"},"up":{"uv":[6.4,15.4,7,14.8],"texture":"#10"},"down":{"uv":[7.2,14.8,7.8,15.4],"texture":"#10"}}},{"from":[1.64837,3.50417,3.303],"to":[3.78337,5.63917,5.438],"rotation":{"angle":0,"axis":"y","origin":[8,4.12095,8]},"faces":{"north":{"uv":[3.3,12.8,2.4,13.7],"texture":"#10"},"east":{"uv":[14.1,2.4,13.2,3.3],"texture":"#10"},"south":{"uv":[13.7,10.4,12.8,11.3],"texture":"#10"},"west":{"uv":[4.5,12.8,3.6,13.7],"texture":"#10"},"up":{"uv":[13.2,6.9,14.1,6],"texture":"#10"},"down":{"uv":[13.2,7.2,14.1,8.1],"texture":"#10"}}},{"from":[1.11187,4.99867,3.47884],"to":[2.98,8.20116,5.34697],"rotation":{"angle":22.5,"axis":"z","origin":[2.04594,6.93351,8.01572]},"faces":{"north":{"uv":[12.3,12.4,11.6,13.7],"texture":"#10"},"east":{"uv":[2.3,12.8,1.6,14.1],"texture":"#10"},"south":{"uv":[13.5,0,12.8,1.3],"texture":"#10"},"west":{"uv":[13.1,12.4,12.4,13.7],"texture":"#10"},"up":{"uv":[5.6,15.1,6.3,14.4],"texture":"#10"},"down":{"uv":[14.4,5.6,15.1,6.3],"texture":"#10"}}},{"from":[2.06594,4.74867,3.56594],"to":[3.93406,8.20116,12.43406],"rotation":{"angle":45,"axis":"z","origin":[3,6.47491,8]},"faces":{"north":{"uv":[8.3,12.4,7.6,13.8],"texture":"#10"},"east":{"uv":[12.7,0,9.2,1.4],"texture":"#10"},"south":{"uv":[9.1,12.4,8.4,13.8],"texture":"#10"},"west":{"uv":[3.5,9.2,0,10.6],"texture":"#10"},"up":{"uv":[0,14.3,0.7,10.8],"texture":"#10"},"down":{"uv":[0.8,10.8,1.5,14.3],"texture":"#10"}}},{"from":[1.11187,4.99867,10.65303],"to":[2.98,8.20116,12.52116],"rotation":{"angle":22.5,"axis":"z","origin":[2.04594,6.93351,7.98428]},"faces":{"north":{"uv":[12.8,0,13.5,1.3],"texture":"#10"},"east":{"uv":[1.6,12.8,2.3,14.1],"texture":"#10"},"south":{"uv":[11.6,12.4,12.3,13.7],"texture":"#10"},"west":{"uv":[12.4,12.4,13.1,13.7],"texture":"#10"},"up":{"uv":[5.6,14.4,6.3,15.1],"texture":"#10"},"down":{"uv":[14.4,6.3,15.1,5.6],"texture":"#10"}}},{"from":[2.06594,4.74867,3.56594],"to":[3.93406,8.20116,12.43406],"rotation":{"angle":45,"axis":"z","origin":[3,6.47491,8]},"faces":{"north":{"uv":[8.4,12.4,9.1,13.8],"texture":"#10"},"east":{"uv":[9.2,0,12.7,1.4],"texture":"#10"},"south":{"uv":[7.6,12.4,8.3,13.8],"texture":"#10"},"west":{"uv":[0,9.2,3.5,10.6],"texture":"#10"},"up":{"uv":[0,10.8,0.7,14.3],"texture":"#10"},"down":{"uv":[0.8,14.3,1.5,10.8],"texture":"#10"}}},{"from":[1.64837,3.50417,10.562],"to":[3.78337,5.63917,12.697],"rotation":{"angle":0,"axis":"y","origin":[8,4.12095,8]},"faces":{"north":{"uv":[12.8,10.4,13.7,11.3],"texture":"#10"},"east":{"uv":[13.2,2.4,14.1,3.3],"texture":"#10"},"south":{"uv":[2.4,12.8,3.3,13.7],"texture":"#10"},"west":{"uv":[3.6,12.8,4.5,13.7],"texture":"#10"},"up":{"uv":[13.2,6,14.1,6.9],"texture":"#10"},"down":{"uv":[13.2,8.1,14.1,7.2],"texture":"#10"}}},{"from":[1.92875,1.55167,10.82687],"to":[3.54687,4.57167,12.445],"rotation":{"angle":0,"axis":"y","origin":[7.8,4.12095,8.175]},"faces":{"north":{"uv":[2.4,14,3,15.2],"texture":"#10"},"east":{"uv":[3.2,14,3.8,15.2],"texture":"#10"},"south":{"uv":[13.6,4.8,14.2,6],"texture":"#10"},"west":{"uv":[6.4,13.6,7,14.8],"texture":"#10"},"up":{"uv":[6.4,14.8,7,15.4],"texture":"#10"},"down":{"uv":[7.2,15.4,7.8,14.8],"texture":"#10"}}},{"from":[0.98596,-0.21131,10.69094],"to":[2.85408,2.14118,12.55906],"rotation":{"angle":-22.5,"axis":"z","origin":[1.92002,0.05634,8.02219]},"faces":{"north":{"uv":[10.8,14,11.5,14.9],"texture":"#10"},"east":{"uv":[11.6,14,12.3,14.9],"texture":"#10"},"south":{"uv":[10,14,10.7,14.9],"texture":"#10"},"west":{"uv":[14,10.4,14.7,11.3],"texture":"#10"},"up":{"uv":[14.4,6.4,15.1,7.1],"texture":"#10"},"down":{"uv":[14.4,7.9,15.1,7.2],"texture":"#10"}}},{"from":[13.14592,-0.21131,10.69094],"to":[15.01404,2.14118,12.55906],"rotation":{"angle":22.5,"axis":"z","origin":[14.07998,0.05634,8.02219]},"faces":{"north":{"uv":[11.5,14,10.8,14.9],"texture":"#10"},"east":{"uv":[14.7,10.4,14,11.3],"texture":"#10"},"south":{"uv":[10.7,14,10,14.9],"texture":"#10"},"west":{"uv":[12.3,14,11.6,14.9],"texture":"#10"},"up":{"uv":[15.1,6.4,14.4,7.1],"texture":"#10"},"down":{"uv":[15.1,7.9,14.4,7.2],"texture":"#10"}}},{"from":[12.45313,1.55167,10.82687],"to":[14.07125,4.57167,12.445],"rotation":{"angle":0,"axis":"y","origin":[8.2,4.12095,8.175]},"faces":{"north":{"uv":[3,14,2.4,15.2],"texture":"#10"},"east":{"uv":[7,13.6,6.4,14.8],"texture":"#10"},"south":{"uv":[14.2,4.8,13.6,6],"texture":"#10"},"west":{"uv":[3.8,14,3.2,15.2],"texture":"#10"},"up":{"uv":[7,14.8,6.4,15.4],"texture":"#10"},"down":{"uv":[7.8,15.4,7.2,14.8],"texture":"#10"}}},{"from":[12.21663,3.50417,10.562],"to":[14.35163,5.63917,12.697],"rotation":{"angle":0,"axis":"y","origin":[8,4.12095,8]},"faces":{"north":{"uv":[13.7,10.4,12.8,11.3],"texture":"#10"},"east":{"uv":[4.5,12.8,3.6,13.7],"texture":"#10"},"south":{"uv":[3.3,12.8,2.4,13.7],"texture":"#10"},"west":{"uv":[14.1,2.4,13.2,3.3],"texture":"#10"},"up":{"uv":[14.1,6,13.2,6.9],"texture":"#10"},"down":{"uv":[14.1,8.1,13.2,7.2],"texture":"#10"}}},{"from":[12.06594,4.74867,3.56594],"to":[13.93406,8.20116,12.43406],"rotation":{"angle":-45,"axis":"z","origin":[13,6.47491,8]},"faces":{"north":{"uv":[9.1,12.4,8.4,13.8],"texture":"#10"},"east":{"uv":[3.5,9.2,0,10.6],"texture":"#10"},"south":{"uv":[8.3,12.4,7.6,13.8],"texture":"#10"},"west":{"uv":[12.7,0,9.2,1.4],"texture":"#10"},"up":{"uv":[0.7,10.8,0,14.3],"texture":"#10"},"down":{"uv":[1.5,14.3,0.8,10.8],"texture":"#10"}}},{"from":[13.02,4.99867,10.65303],"to":[14.88813,8.20116,12.52116],"rotation":{"angle":-22.5,"axis":"z","origin":[13.95406,6.93351,7.98428]},"faces":{"north":{"uv":[13.5,0,12.8,1.3],"texture":"#10"},"east":{"uv":[13.1,12.4,12.4,13.7],"texture":"#10"},"south":{"uv":[12.3,12.4,11.6,13.7],"texture":"#10"},"west":{"uv":[2.3,12.8,1.6,14.1],"texture":"#10"},"up":{"uv":[6.3,14.4,5.6,15.1],"texture":"#10"},"down":{"uv":[15.1,6.3,14.4,5.6],"texture":"#10"}}},{"from":[13.02,6.33305,5.33125],"to":[14.88813,8.20116,10.66875],"rotation":{"angle":-22.5,"axis":"z","origin":[13.95406,6.93351,8]},"faces":{"north":{"uv":[8.8,14.4,9.5,15.1],"texture":"#10"},"east":{"uv":[6.4,9.2,8.5,9.9],"texture":"#10"},"south":{"uv":[14.4,9.2,15.1,9.9],"texture":"#10"},"west":{"uv":[12,1.6,14.1,2.3],"texture":"#10"},"up":{"uv":[5.5,14.1,4.8,12],"texture":"#10"},"down":{"uv":[6.3,12,5.6,14.1],"texture":"#10"}}},{"from":[1.11187,6.33305,5.33125],"to":[2.98,8.20116,10.66875],"rotation":{"angle":22.5,"axis":"z","origin":[2.04594,6.93351,8]},"faces":{"north":{"uv":[9.5,14.4,8.8,15.1],"texture":"#10"},"east":{"uv":[14.1,1.6,12,2.3],"texture":"#10"},"south":{"uv":[15.1,9.2,14.4,9.9],"texture":"#10"},"west":{"uv":[8.5,9.2,6.4,9.9],"texture":"#10"},"up":{"uv":[4.8,14.1,5.5,12],"texture":"#10"},"down":{"uv":[5.6,12,6.3,14.1],"texture":"#10"}}},{"from":[2.88125,0.42667,4.49821],"to":[13.11875,4.69667,11.53322],"rotation":{"angle":0,"axis":"y","origin":[8,4.12095,8.01572]},"faces":{"north":{"uv":[8.8,6.4,12.9,8.1],"texture":"#10"},"east":{"uv":[9.2,1.6,12,3.3],"texture":"#10"},"south":{"uv":[8.8,8.4,12.9,10.1],"texture":"#10"},"west":{"uv":[3.6,9.2,6.4,10.9],"texture":"#10"},"up":{"uv":[4.1,9.2,0,6.4],"texture":"#10"},"down":{"uv":[8.5,6.4,4.4,9.2],"texture":"#10"}}},{"from":[13.46211,4.15733,3.25],"to":[14.96211,5.65733,5.5],"rotation":{"angle":-45,"axis":"z","origin":[13.95,4.64522,3.75]},"faces":{"north":{"uv":[8,14.8,8.6,15.4],"texture":"#10"},"east":{"uv":[14.4,2.8,15.3,3.4],"texture":"#10"},"south":{"uv":[14.8,8,15.4,8.6],"texture":"#10"},"west":{"uv":[14.4,3.6,15.3,4.2],"texture":"#10"},"up":{"uv":[15,5.3,14.4,4.4],"texture":"#10"},"down":{"uv":[5.4,14.4,4.8,15.3],"texture":"#10"}}},{"from":[13.57068,-0.10478,3.25],"to":[15.07068,1.39522,5.5],"rotation":{"angle":-22.5,"axis":"z","origin":[14.32068,0.64522,4.375]},"faces":{"north":{"uv":[8,14.8,8.6,15.4],"rotation":180,"texture":"#10"},"east":{"uv":[14.4,3.6,15.3,4.2],"rotation":180,"texture":"#10"},"south":{"uv":[14.8,8,15.4,8.6],"rotation":180,"texture":"#10"},"west":{"uv":[14.4,2.8,15.3,3.4],"rotation":180,"texture":"#10"},"up":{"uv":[5.4,14.4,4.8,15.3],"rotation":180,"texture":"#10"},"down":{"uv":[15,5.3,14.4,4.4],"rotation":180,"texture":"#10"}}},{"from":[13.57068,-0.10478,10.5],"to":[15.07068,1.39522,12.75],"rotation":{"angle":-22.5,"axis":"z","origin":[14.32068,0.64522,11.625]},"faces":{"north":{"uv":[15.4,8,14.8,8.6],"rotation":180,"texture":"#10"},"east":{"uv":[15.3,3.6,14.4,4.2],"rotation":180,"texture":"#10"},"south":{"uv":[8.6,14.8,8,15.4],"rotation":180,"texture":"#10"},"west":{"uv":[15.3,2.8,14.4,3.4],"rotation":180,"texture":"#10"},"up":{"uv":[5.4,15.3,4.8,14.4],"rotation":180,"texture":"#10"},"down":{"uv":[15,4.4,14.4,5.3],"rotation":180,"texture":"#10"}}},{"from":[13.53359,7.62883,3.95],"to":[15.03359,9.72883,4.55],"rotation":{"angle":22.5,"axis":"z","origin":[13.7382,7.76546,4.25]},"faces":{"north":{"uv":[14.4,13.2,15,14],"texture":"#10"},"east":{"uv":[13.2,14.8,13.4,15.6],"texture":"#10"},"south":{"uv":[4,14.8,4.6,15.6],"texture":"#10"},"west":{"uv":[13.6,14.8,13.8,15.6],"texture":"#10"},"up":{"uv":[2.2,11,1.6,10.8],"texture":"#10"},"down":{"uv":[3,10.8,2.4,11],"texture":"#10"}}},{"from":[12.9612,6.90703,3.9],"to":[14.9612,8.90703,4.6],"rotation":{"angle":-45,"axis":"z","origin":[13.7382,7.76546,4.25]},"faces":{"north":{"uv":[4,14,4.8,14.8],"texture":"#10"},"east":{"uv":[11.2,13.2,11.5,14],"texture":"#10"},"south":{"uv":[7.2,14,8,14.8],"texture":"#10"},"west":{"uv":[9.6,14.4,9.9,15.2],"texture":"#10"},"up":{"uv":[8.4,10.3,7.6,10],"texture":"#10"},"down":{"uv":[11.2,6,10.4,6.3],"texture":"#10"}}},{"from":[0.92932,-0.10478,3.25],"to":[2.42932,1.39522,5.5],"rotation":{"angle":22.5,"axis":"z","origin":[1.67932,0.64522,4.375]},"faces":{"north":{"uv":[8.6,14.8,8,15.4],"rotation":180,"texture":"#10"},"east":{"uv":[15.3,2.8,14.4,3.4],"rotation":180,"texture":"#10"},"south":{"uv":[15.4,8,14.8,8.6],"rotation":180,"texture":"#10"},"west":{"uv":[15.3,3.6,14.4,4.2],"rotation":180,"texture":"#10"},"up":{"uv":[4.8,14.4,5.4,15.3],"rotation":180,"texture":"#10"},"down":{"uv":[14.4,5.3,15,4.4],"rotation":180,"texture":"#10"}}},{"from":[1.03789,4.15733,3.25],"to":[2.53789,5.65733,5.5],"rotation":{"angle":45,"axis":"z","origin":[2.05,4.64522,3.75]},"faces":{"north":{"uv":[8.6,14.8,8,15.4],"texture":"#10"},"east":{"uv":[15.3,3.6,14.4,4.2],"texture":"#10"},"south":{"uv":[15.4,8,14.8,8.6],"texture":"#10"},"west":{"uv":[15.3,2.8,14.4,3.4],"texture":"#10"},"up":{"uv":[14.4,5.3,15,4.4],"texture":"#10"},"down":{"uv":[4.8,14.4,5.4,15.3],"texture":"#10"}}},{"from":[1.89021,5.40927,3.6],"to":[3.89021,8.40927,4.4],"rotation":{"angle":0,"axis":"z","origin":[2.89021,6.90927,4]},"faces":{"north":{"uv":[10.4,12.4,9.2,13.2],"rotation":270,"texture":"#10"},"east":{"uv":[9.2,6.3,10.4,6],"rotation":90,"texture":"#10"},"south":{"uv":[11.6,12.4,10.4,13.2],"rotation":90,"texture":"#10"},"west":{"uv":[6.4,10,7.6,10.3],"rotation":90,"texture":"#10"},"up":{"uv":[12.7,14.8,12.4,15.6],"rotation":90,"texture":"#10"},"down":{"uv":[13.1,14.8,12.8,15.6],"rotation":90,"texture":"#10"}}},{"from":[12.10979,5.40927,3.6],"to":[14.10979,8.40927,4.4],"rotation":{"angle":0,"axis":"z","origin":[13.10979,6.90927,4]},"faces":{"north":{"uv":[10.4,13.2,9.2,12.4],"rotation":270,"texture":"#10"},"east":{"uv":[6.4,10.3,7.6,10],"rotation":90,"texture":"#10"},"south":{"uv":[11.6,13.2,10.4,12.4],"rotation":90,"texture":"#10"},"west":{"uv":[9.2,6,10.4,6.3],"rotation":90,"texture":"#10"},"up":{"uv":[12.7,15.6,12.4,14.8],"rotation":90,"texture":"#10"},"down":{"uv":[13.1,15.6,12.8,14.8],"rotation":90,"texture":"#10"}}},{"from":[1.0388,6.90703,3.9],"to":[3.0388,8.90703,4.6],"rotation":{"angle":45,"axis":"z","origin":[2.2618,7.76546,4.25]},"faces":{"north":{"uv":[4.8,14,4,14.8],"texture":"#10"},"east":{"uv":[9.9,14.4,9.6,15.2],"texture":"#10"},"south":{"uv":[8,14,7.2,14.8],"texture":"#10"},"west":{"uv":[11.5,13.2,11.2,14],"texture":"#10"},"up":{"uv":[7.6,10.3,8.4,10],"texture":"#10"},"down":{"uv":[10.4,6,11.2,6.3],"texture":"#10"}}},{"from":[0.96641,7.62883,3.95],"to":[2.46641,9.72883,4.55],"rotation":{"angle":-22.5,"axis":"z","origin":[2.2618,7.76546,4.25]},"faces":{"north":{"uv":[15,13.2,14.4,14],"texture":"#10"},"east":{"uv":[13.8,14.8,13.6,15.6],"texture":"#10"},"south":{"uv":[4.6,14.8,4,15.6],"texture":"#10"},"west":{"uv":[13.4,14.8,13.2,15.6],"texture":"#10"},"up":{"uv":[1.6,11,2.2,10.8],"texture":"#10"},"down":{"uv":[2.4,10.8,3,11],"texture":"#10"}}},{"from":[0.92932,-0.10478,10.5],"to":[2.42932,1.39522,12.75],"rotation":{"angle":22.5,"axis":"z","origin":[1.67932,0.64522,11.625]},"faces":{"north":{"uv":[14.8,8,15.4,8.6],"rotation":180,"texture":"#10"},"east":{"uv":[14.4,2.8,15.3,3.4],"rotation":180,"texture":"#10"},"south":{"uv":[8,14.8,8.6,15.4],"rotation":180,"texture":"#10"},"west":{"uv":[14.4,3.6,15.3,4.2],"rotation":180,"texture":"#10"},"up":{"uv":[4.8,15.3,5.4,14.4],"rotation":180,"texture":"#10"},"down":{"uv":[14.4,4.4,15,5.3],"rotation":180,"texture":"#10"}}},{"from":[13.46211,4.15733,10.5],"to":[14.96211,5.65733,12.75],"rotation":{"angle":-45,"axis":"z","origin":[13.95,4.64522,12.25]},"faces":{"north":{"uv":[15.4,8,14.8,8.6],"texture":"#10"},"east":{"uv":[15.3,2.8,14.4,3.4],"texture":"#10"},"south":{"uv":[8.6,14.8,8,15.4],"texture":"#10"},"west":{"uv":[15.3,3.6,14.4,4.2],"texture":"#10"},"up":{"uv":[15,4.4,14.4,5.3],"texture":"#10"},"down":{"uv":[5.4,15.3,4.8,14.4],"texture":"#10"}}},{"from":[1.03789,4.15733,10.5],"to":[2.53789,5.65733,12.75],"rotation":{"angle":45,"axis":"z","origin":[2.05,4.64522,12.25]},"faces":{"north":{"uv":[14.8,8,15.4,8.6],"texture":"#10"},"east":{"uv":[14.4,3.6,15.3,4.2],"texture":"#10"},"south":{"uv":[8,14.8,8.6,15.4],"texture":"#10"},"west":{"uv":[14.4,2.8,15.3,3.4],"texture":"#10"},"up":{"uv":[14.4,4.4,15,5.3],"texture":"#10"},"down":{"uv":[4.8,15.3,5.4,14.4],"texture":"#10"}}},{"from":[11.98527,5.73396,11.6],"to":[14.98527,7.73396,12.4],"rotation":{"angle":-22.5,"axis":"z","origin":[13.7382,7.76546,12]},"faces":{"north":{"uv":[11.6,12.4,10.4,13.2],"texture":"#10"},"east":{"uv":[12.7,14.8,12.4,15.6],"texture":"#10"},"south":{"uv":[10.4,12.4,9.2,13.2],"texture":"#10"},"west":{"uv":[13.1,14.8,12.8,15.6],"texture":"#10"},"up":{"uv":[10.4,6,9.2,6.3],"texture":"#10"},"down":{"uv":[7.6,10.3,6.4,10],"texture":"#10"}}},{"from":[12.9612,6.90703,11.4],"to":[14.9612,8.90703,12.1],"rotation":{"angle":-45,"axis":"z","origin":[13.7382,7.76546,11.75]},"faces":{"north":{"uv":[8,14,7.2,14.8],"texture":"#10"},"east":{"uv":[11.5,13.2,11.2,14],"texture":"#10"},"south":{"uv":[4.8,14,4,14.8],"texture":"#10"},"west":{"uv":[9.9,14.4,9.6,15.2],"texture":"#10"},"up":{"uv":[8.4,10,7.6,10.3],"texture":"#10"},"down":{"uv":[11.2,6.3,10.4,6],"texture":"#10"}}},{"from":[13.53359,7.62883,11.45],"to":[15.03359,9.72883,12.05],"rotation":{"angle":22.5,"axis":"z","origin":[13.7382,7.76546,11.75]},"faces":{"north":{"uv":[4.6,14.8,4,15.6],"texture":"#10"},"east":{"uv":[13.4,14.8,13.2,15.6],"texture":"#10"},"south":{"uv":[15,13.2,14.4,14],"texture":"#10"},"west":{"uv":[13.8,14.8,13.6,15.6],"texture":"#10"},"up":{"uv":[2.2,10.8,1.6,11],"texture":"#10"},"down":{"uv":[3,11,2.4,10.8],"texture":"#10"}}},{"from":[1.01473,5.73396,11.6],"to":[4.01473,7.73396,12.4],"rotation":{"angle":22.5,"axis":"z","origin":[2.2618,7.76546,12]},"faces":{"north":{"uv":[10.4,12.4,11.6,13.2],"texture":"#10"},"east":{"uv":[12.8,14.8,13.1,15.6],"texture":"#10"},"south":{"uv":[9.2,12.4,10.4,13.2],"texture":"#10"},"west":{"uv":[12.4,14.8,12.7,15.6],"texture":"#10"},"up":{"uv":[9.2,6,10.4,6.3],"texture":"#10"},"down":{"uv":[6.4,10.3,7.6,10],"texture":"#10"}}},{"from":[1.0388,6.90703,11.4],"to":[3.0388,8.90703,12.1],"rotation":{"angle":45,"axis":"z","origin":[2.2618,7.76546,11.75]},"faces":{"north":{"uv":[7.2,14,8,14.8],"texture":"#10"},"east":{"uv":[9.6,14.4,9.9,15.2],"texture":"#10"},"south":{"uv":[4,14,4.8,14.8],"texture":"#10"},"west":{"uv":[11.2,13.2,11.5,14],"texture":"#10"},"up":{"uv":[7.6,10,8.4,10.3],"texture":"#10"},"down":{"uv":[10.4,6.3,11.2,6],"texture":"#10"}}},{"from":[0.96641,7.62883,11.45],"to":[2.46641,9.72883,12.05],"rotation":{"angle":-22.5,"axis":"z","origin":[2.2618,7.76546,11.75]},"faces":{"north":{"uv":[4,14.8,4.6,15.6],"texture":"#10"},"east":{"uv":[13.6,14.8,13.8,15.6],"texture":"#10"},"south":{"uv":[14.4,13.2,15,14],"texture":"#10"},"west":{"uv":[13.2,14.8,13.4,15.6],"texture":"#10"},"up":{"uv":[1.6,10.8,2.2,11],"texture":"#10"},"down":{"uv":[2.4,11,3,10.8],"texture":"#10"}}},{"from":[3.5,4.973,7.7],"to":[12.5,13.973,8.3],"rotation":{"angle":0,"axis":"y","origin":[8,9.473,8]},"faces":{"north":{"uv":[0,0,16,16],"rotation":270,"texture":"#3"},"south":{"uv":[16,0,0,16],"rotation":90,"texture":"#3"}}},{"from":[4,1.023,3.95],"to":[12,9.023,5.55],"rotation":{"angle":0,"axis":"y","origin":[9,19.723,8.8]},"faces":{"north":{"uv":[0,0,16,16],"rotation":270,"texture":"#4"},"south":{"uv":[16,0,0,16],"rotation":90,"texture":"#4"}}},{"from":[10,2.023,4.55],"to":[18,10.023,4.55],"rotation":{"angle":0,"axis":"y","origin":[15,20.723,7.8]},"faces":{"north":{"uv":[0,0,16,16],"rotation":270,"texture":"#5"},"south":{"uv":[16,0,0,16],"rotation":90,"texture":"#5"}}},{"from":[-2,2.023,4.55],"to":[6,10.023,4.55],"rotation":{"angle":0,"axis":"y","origin":[1,20.723,7.8]},"faces":{"north":{"uv":[0,16,16,0],"rotation":270,"texture":"#5"},"south":{"uv":[16,16,0,0],"rotation":90,"texture":"#5"}}},{"from":[-4,5.777,3.875],"to":[6,15.777,4.125],"rotation":{"angle":22.5,"axis":"z","origin":[8,10.777,4]},"faces":{"north":{"uv":[16,0,0,16],"rotation":90,"texture":"#6"},"south":{"uv":[0,0,16,16],"rotation":270,"texture":"#6"}}},{"from":[10,5.777,3.875],"to":[20,15.777,4.125],"rotation":{"angle":-22.5,"axis":"z","origin":[8,10.777,4]},"faces":{"north":{"uv":[16,16,0,0],"rotation":90,"texture":"#6"},"south":{"uv":[0,16,16,0],"rotation":270,"texture":"#6"}}},{"from":[10.9814,5.3186,3.5],"to":[13.4814,7.8186,5.5],"rotation":{"angle":-45,"axis":"z","origin":[8,10.8,4.5]},"faces":{"north":{"uv":[12,2.4,13,3.4],"texture":"#10"},"east":{"uv":[13.2,8.4,14,9.4],"texture":"#10"},"south":{"uv":[6.4,12.4,7.4,13.4],"texture":"#10"},"west":{"uv":[9.2,13.2,10,14.2],"texture":"#10"},"up":{"uv":[14.2,10.4,13.2,9.6],"texture":"#10"},"down":{"uv":[11,13.2,10,14],"texture":"#10"}}},{"from":[7,3.8159,3.625],"to":[9,5.8159,5.375],"rotation":{"angle":0,"axis":"y","origin":[8,4.8159,4.5]},"faces":{"north":{"uv":[8,14,8.8,14.8],"texture":"#10"},"east":{"uv":[0.8,14.4,1.5,15.2],"texture":"#10"},"south":{"uv":[14,8.4,14.8,9.2],"texture":"#10"},"west":{"uv":[14.4,1.2,15.1,2],"texture":"#10"},"up":{"uv":[2.4,15.1,1.6,14.4],"texture":"#10"},"down":{"uv":[15.2,2,14.4,2.7],"texture":"#10"}}},{"from":[12.82931,3.52453,3],"to":[14.57931,5.27453,5.75],"rotation":{"angle":-45,"axis":"z","origin":[13.95,4.64522,3.75]},"faces":{"north":{"uv":[14.4,11.6,15.1,12.3],"texture":"#10"},"east":{"uv":[13.2,12.4,14.3,13.1],"texture":"#10"},"south":{"uv":[14.4,12.4,15.1,13.1],"texture":"#10"},"west":{"uv":[13.2,13.2,14.3,13.9],"texture":"#10"},"up":{"uv":[14.3,1.1,13.6,0],"texture":"#10"},"down":{"uv":[14.3,3.6,13.6,4.7],"texture":"#10"}}},{"from":[12.82932,3.89522,3.125],"to":[14.32932,5.39522,5.625],"rotation":{"angle":0,"axis":"z","origin":[13.95,4.64522,3.75]},"faces":{"north":{"uv":[14.8,10,15.4,10.6],"texture":"#10"},"east":{"uv":[12.4,14,13.4,14.6],"texture":"#10"},"south":{"uv":[14.8,10.8,15.4,11.4],"texture":"#10"},"west":{"uv":[13.6,14,14.6,14.6],"texture":"#10"},"up":{"uv":[0.6,15.4,0,14.4],"texture":"#10"},"down":{"uv":[15,0,14.4,1],"texture":"#10"}}},{"from":[1.42069,3.52453,3],"to":[3.17069,5.27453,5.75],"rotation":{"angle":45,"axis":"z","origin":[2.05,4.64522,3.75]},"faces":{"north":{"uv":[15.1,11.6,14.4,12.3],"texture":"#10"},"east":{"uv":[14.3,13.2,13.2,13.9],"texture":"#10"},"south":{"uv":[15.1,12.4,14.4,13.1],"texture":"#10"},"west":{"uv":[14.3,12.4,13.2,13.1],"texture":"#10"},"up":{"uv":[13.6,1.1,14.3,0],"texture":"#10"},"down":{"uv":[13.6,3.6,14.3,4.7],"texture":"#10"}}},{"from":[12.82931,3.52453,10.25],"to":[14.57931,5.27453,13],"rotation":{"angle":-45,"axis":"z","origin":[13.95,4.64522,12.25]},"faces":{"north":{"uv":[15.1,12.4,14.4,13.1],"texture":"#10"},"east":{"uv":[14.3,12.4,13.2,13.1],"texture":"#10"},"south":{"uv":[15.1,11.6,14.4,12.3],"texture":"#10"},"west":{"uv":[14.3,13.2,13.2,13.9],"texture":"#10"},"up":{"uv":[14.3,0,13.6,1.1],"texture":"#10"},"down":{"uv":[14.3,4.7,13.6,3.6],"texture":"#10"}}},{"from":[1.42069,3.52453,10.25],"to":[3.17069,5.27453,13],"rotation":{"angle":45,"axis":"z","origin":[2.05,4.64522,12.25]},"faces":{"north":{"uv":[14.4,12.4,15.1,13.1],"texture":"#10"},"east":{"uv":[13.2,13.2,14.3,13.9],"texture":"#10"},"south":{"uv":[14.4,11.6,15.1,12.3],"texture":"#10"},"west":{"uv":[13.2,12.4,14.3,13.1],"texture":"#10"},"up":{"uv":[13.6,0,14.3,1.1],"texture":"#10"},"down":{"uv":[13.6,4.7,14.3,3.6],"texture":"#10"}}},{"from":[1.67068,3.89522,3.125],"to":[3.17068,5.39522,5.625],"rotation":{"angle":0,"axis":"z","origin":[2.05,4.64522,3.75]},"faces":{"north":{"uv":[15.4,10,14.8,10.6],"texture":"#10"},"east":{"uv":[14.6,14,13.6,14.6],"texture":"#10"},"south":{"uv":[15.4,10.8,14.8,11.4],"texture":"#10"},"west":{"uv":[13.4,14,12.4,14.6],"texture":"#10"},"up":{"uv":[0,15.4,0.6,14.4],"texture":"#10"},"down":{"uv":[14.4,0,15,1],"texture":"#10"}}},{"from":[12.82932,3.89522,10.375],"to":[14.32932,5.39522,12.875],"rotation":{"angle":0,"axis":"z","origin":[13.95,4.64522,12.25]},"faces":{"north":{"uv":[15.4,10.8,14.8,11.4],"texture":"#10"},"east":{"uv":[13.4,14,12.4,14.6],"texture":"#10"},"south":{"uv":[15.4,10,14.8,10.6],"texture":"#10"},"west":{"uv":[14.6,14,13.6,14.6],"texture":"#10"},"up":{"uv":[0.6,14.4,0,15.4],"texture":"#10"},"down":{"uv":[15,1,14.4,0],"texture":"#10"}}},{"from":[1.67068,3.89522,10.375],"to":[3.17068,5.39522,12.875],"rotation":{"angle":0,"axis":"z","origin":[2.05,4.64522,12.25]},"faces":{"north":{"uv":[14.8,10.8,15.4,11.4],"texture":"#10"},"east":{"uv":[13.6,14,14.6,14.6],"texture":"#10"},"south":{"uv":[14.8,10,15.4,10.6],"texture":"#10"},"west":{"uv":[12.4,14,13.4,14.6],"texture":"#10"},"up":{"uv":[0,14.4,0.6,15.4],"texture":"#10"},"down":{"uv":[14.4,1,15,0],"texture":"#10"}}}],"gui_light":"front","display":{"thirdperson_righthand":{"rotation":[66.75,0,0],"translation":[-5.25,2.25,3.5]},"thirdperson_lefthand":{"rotation":[66.75,0,0],"translation":[-5.25,2.25,3.5]},"firstperson_righthand":{"translation":[-8,2.75,-1.75]},"firstperson_lefthand":{"translation":[-8,2.75,-1.75]},"ground":{"translation":[0,3.75,0],"scale":[0.83,0.83,0.83]},"gui":{"rotation":[-170,25.75,-180],"translation":[0,2,0],"scale":[0.75,0.75,0.75]},"head":{"translation":[0,-20.5,0],"scale":[2.61,2.61,2.61]},"fixed":{"rotation":[-90,0,0],"translation":[0,0,-31],"scale":[4,4,4]}},"groups":[{"name":"chest","origin":[7.35935,-12.70972,8],"color":0,"nbt":"{}","children":[{"name":"group","origin":[8,3.1017,8],"color":0,"nbt":"{}","children":[0,1,2,3,4,5,6,7,8,9,10,11,12,13,14,15,16,17,18,19,20,21,22,23,24,25]},{"name":"shield","origin":[8,8,8],"color":0,"nbt":"{}","children":[{"name":"group","origin":[8,2.09348,5],"color":0,"nbt":"{}","children":[26,27,28,29,30,31,32,33,34,35,36,37,38,39,40,41,42,43,44,45]},{"name":"group","origin":[8.5,12.723,11.8],"color":0,"nbt":"{}","children":[46,47,48,49,50,51]},52,53,54,55,56,57,58,59,60,61]}]}],"USER":"{{USER}}","NONCE":"{{NONCE}}","TIMESTAMP":"{{TIMESTAMP}}","RESOURCE":"{{RESOURCE}}","MCMODELS":"{{MCMODELS}}"}