{"credit":"Made with Blockbench","textures":{"1":"cosmo_pack:sword","2":"cosmo_pack:lighting","3":"cosmo_pack:ring","4":"cosmo_pack:gravity_1","5":"cosmo_pack:gravity_2","particle":"cosmo_pack:lighting"},"elements":[{"from":[9.06682,-0.35514,7.4],"to":[13.06682,3.64486,8.6],"rotation":{"angle":-45,"axis":"z","origin":[8,4.71167,8]},"faces":{"north":{"uv":[4.75,1,5.75,0],"rotation":270,"texture":"#1"},"east":{"uv":[7,3.3125,6,3],"rotation":90,"texture":"#1"},"south":{"uv":[5.75,0,4.75,1],"texture":"#1"},"west":{"uv":[7,2.5,6,2.8125],"rotation":90,"texture":"#1"},"up":{"uv":[6,2.5,6.3125,1.5],"rotation":90,"texture":"#1"},"down":{"uv":[5.5,3.75,5.8125,2.75],"rotation":90,"texture":"#1"}}},{"from":[7.42931,0.6132,7.8],"to":[7.97931,2.2132,8.2],"rotation":{"angle":-22.5,"axis":"z","origin":[8,4.71167,8]},"faces":{"north":{"uv":[7.375,7.5,7.25,7.875],"texture":"#1"},"east":{"uv":[7.875,1.75,7.75,2.125],"texture":"#1"},"south":{"uv":[7.875,1,7.75,1.375],"texture":"#1"},"west":{"uv":[7.625,7.5,7.5,7.875],"texture":"#1"},"up":{"uv":[8,1.375,8.125,1.25],"texture":"#1"},"down":{"uv":[8,1.5,8.125,1.625],"texture":"#1"}}},{"from":[5,-1.62546,7.65],"to":[11,0.37454,8.35],"rotation":{"angle":0,"axis":"y","origin":[8,4.71167,8]},"faces":{"north":{"uv":[5.25,4.75,3.75,5.25],"texture":"#1"},"east":{"uv":[7.4375,3.5,7.25,4],"texture":"#1"},"south":{"uv":[5.25,4.75,3.75,5.25],"texture":"#1"},"west":{"uv":[7.4375,1,7.25,1.5],"texture":"#1"},"up":{"uv":[6,5.4375,7.5,5.25],"texture":"#1"},"down":{"uv":[6,5.5,7.5,5.6875],"texture":"#1"}}},{"from":[3,-1.22546,7.65],"to":[5,0.77454,8.35],"rotation":{"angle":0,"axis":"y","origin":[8,4.71167,8]},"faces":{"north":{"uv":[6.5,5.75,6,6.25],"texture":"#1"},"east":{"uv":[4.4375,7.25,4.25,7.75],"texture":"#1"},"south":{"uv":[6,5.75,6.5,6.25],"texture":"#1"},"west":{"uv":[7.4375,4,7.25,4.5],"texture":"#1"},"up":{"uv":[4.75,4.6875,5.25,4.5],"texture":"#1"},"down":{"uv":[5.5,3.75,6,3.9375],"texture":"#1"}}},{"from":[20.4638,-8.25213,7.7],"to":[21.9638,-6.75213,8.3],"rotation":{"angle":-45,"axis":"z","origin":[8,5.71167,8]},"faces":{"north":{"uv":[7.125,4,6.75,4.375],"texture":"#1"},"east":{"uv":[7.875,3.75,7.75,4.125],"texture":"#1"},"south":{"uv":[6.75,4.375,7.125,4],"rotation":90,"texture":"#1"},"west":{"uv":[7.875,2.25,7.75,2.625],"texture":"#1"},"up":{"uv":[7.5,6.625,7.875,6.5],"texture":"#1"},"down":{"uv":[4.25,7.75,4.625,7.875],"texture":"#1"}}},{"from":[1.33587,1.69631,7.7],"to":[2.83587,3.79631,8.3],"rotation":{"angle":22.5,"axis":"z","origin":[8,4.71167,8]},"faces":{"north":{"uv":[6.875,5.75,6.5,6.25],"texture":"#1"},"east":{"uv":[7.625,4.25,7.5,4.75],"texture":"#1"},"south":{"uv":[6.5,5.75,6.875,6.25],"texture":"#1"},"west":{"uv":[7.625,3.75,7.5,4.25],"texture":"#1"},"up":{"uv":[7.75,4.375,8.125,4.25],"texture":"#1"},"down":{"uv":[7.75,4.5,8.125,4.625],"texture":"#1"}}},{"from":[-5.20748,-6.56286,7.75],"to":[-4.45748,-4.71286,8.25],"rotation":{"angle":45,"axis":"z","origin":[8,5.71167,8]},"faces":{"north":{"uv":[7.6875,1.75,7.5,2.1875],"texture":"#1"},"east":{"uv":[7.625,5.25,7.5,5.6875],"texture":"#1"},"south":{"uv":[7.5,1.75,7.6875,2.1875],"texture":"#1"},"west":{"uv":[5.375,7.5,5.25,7.9375],"texture":"#1"},"up":{"uv":[8,0.375,8.1875,0.25],"texture":"#1"},"down":{"uv":[8,0.5,8.1875,0.625],"texture":"#1"}}},{"from":[12.77882,-10.23104,7.7],"to":[13.77882,-8.58104,8.3],"rotation":{"angle":-22.5,"axis":"z","origin":[8,5.71167,8]},"faces":{"north":{"uv":[6,1.5,5.75,1.9375],"texture":"#1"},"east":{"uv":[7.625,5.75,7.5,6.1875],"texture":"#1"},"south":{"uv":[5.75,1.5,6,1.9375],"texture":"#1"},"west":{"uv":[5.625,7.5,5.5,7.9375],"texture":"#1"},"up":{"uv":[7.75,7.875,8,7.75],"texture":"#1"},"down":{"uv":[8,0,8.25,0.125],"texture":"#1"}}},{"from":[20.45748,-6.56286,7.75],"to":[21.20748,-4.71286,8.25],"rotation":{"angle":-45,"axis":"z","origin":[8,5.71167,8]},"faces":{"north":{"uv":[7.5,1.75,7.6875,2.1875],"texture":"#1"},"east":{"uv":[5.25,7.5,5.375,7.9375],"texture":"#1"},"south":{"uv":[7.6875,1.75,7.5,2.1875],"texture":"#1"},"west":{"uv":[7.5,5.25,7.625,5.6875],"texture":"#1"},"up":{"uv":[8.1875,0.375,8,0.25],"texture":"#1"},"down":{"uv":[8.1875,0.5,8,0.625],"texture":"#1"}}},{"from":[2.22118,-10.23104,7.7],"to":[3.22118,-8.58104,8.3],"rotation":{"angle":22.5,"axis":"z","origin":[8,5.71167,8]},"faces":{"north":{"uv":[5.75,1.5,6,1.9375],"texture":"#1"},"east":{"uv":[5.5,7.5,5.625,7.9375],"texture":"#1"},"south":{"uv":[6,1.5,5.75,1.9375],"texture":"#1"},"west":{"uv":[7.5,5.75,7.625,6.1875],"texture":"#1"},"up":{"uv":[8,7.875,7.75,7.75],"texture":"#1"},"down":{"uv":[8.25,0,8,0.125],"texture":"#1"}}},{"from":[6.27079,-2.36725,7.6],"to":[8.27079,0.63275,8.4],"rotation":{"angle":-22.5,"axis":"z","origin":[8,4.71167,8]},"faces":{"north":{"uv":[5.5,5.25,5,6],"texture":"#1"},"east":{"uv":[6.4375,6.75,6.25,7.5],"texture":"#1"},"south":{"uv":[6.75,0,7.125,0.5],"texture":"#1"},"west":{"uv":[6.1875,6.75,6,7.5],"texture":"#1"},"up":{"uv":[7.25,5.1875,7.75,5],"texture":"#1"},"down":{"uv":[6.5,7.25,7,7.4375],"texture":"#1"}}},{"from":[13.16413,1.69631,7.7],"to":[14.66413,3.79631,8.3],"rotation":{"angle":-22.5,"axis":"z","origin":[8,4.71167,8]},"faces":{"north":{"uv":[6.5,5.75,6.875,6.25],"texture":"#1"},"east":{"uv":[7.5,3.75,7.625,4.25],"texture":"#1"},"south":{"uv":[6.875,5.75,6.5,6.25],"texture":"#1"},"west":{"uv":[7.5,4.25,7.625,4.75],"texture":"#1"},"up":{"uv":[8.125,4.375,7.75,4.25],"texture":"#1"},"down":{"uv":[8.125,4.5,7.75,4.625],"texture":"#1"}}},{"from":[7.72921,-2.36725,7.6],"to":[9.72921,0.63275,8.4],"rotation":{"angle":22.5,"axis":"z","origin":[8,4.71167,8]},"faces":{"north":{"uv":[5,5.25,5.5,6],"texture":"#1"},"east":{"uv":[6,6.75,6.1875,7.5],"texture":"#1"},"south":{"uv":[7.125,0,6.75,0.5],"texture":"#1"},"west":{"uv":[6.25,6.75,6.4375,7.5],"texture":"#1"},"up":{"uv":[7.75,5.1875,7.25,5],"texture":"#1"},"down":{"uv":[7,7.25,6.5,7.4375],"texture":"#1"}}},{"from":[11,-1.22546,7.65],"to":[13,0.77454,8.35],"rotation":{"angle":0,"axis":"y","origin":[8,4.71167,8]},"faces":{"north":{"uv":[6,5.75,6.5,6.25],"texture":"#1"},"east":{"uv":[7.25,4,7.4375,4.5],"texture":"#1"},"south":{"uv":[6.5,5.75,6,6.25],"texture":"#1"},"west":{"uv":[4.25,7.25,4.4375,7.75],"texture":"#1"},"up":{"uv":[5.25,4.6875,4.75,4.5],"texture":"#1"},"down":{"uv":[6,3.75,5.5,3.9375],"texture":"#1"}}},{"from":[8.02069,0.6132,7.8],"to":[8.57069,2.2132,8.2],"rotation":{"angle":22.5,"axis":"z","origin":[8,4.71167,8]},"faces":{"north":{"uv":[7.25,7.5,7.375,7.875],"texture":"#1"},"east":{"uv":[7.5,7.5,7.625,7.875],"texture":"#1"},"south":{"uv":[7.75,1,7.875,1.375],"texture":"#1"},"west":{"uv":[7.75,1.75,7.875,2.125],"texture":"#1"},"up":{"uv":[8.125,1.375,8,1.25],"texture":"#1"},"down":{"uv":[8.125,1.5,8,1.625],"texture":"#1"}}},{"from":[7.45,-9.027,7.45],"to":[8.55,-3.027,8.55],"rotation":{"angle":0,"axis":"y","origin":[8,5.71167,8]},"faces":{"north":{"uv":[5.75,5.25,5.5,6.75],"texture":"#1"},"east":{"uv":[5.75,5.25,5.5,6.75],"texture":"#1"},"south":{"uv":[5.75,5.25,5.5,6.75],"texture":"#1"},"west":{"uv":[5.75,5.25,5.5,6.75],"texture":"#1"},"up":{"uv":[5.25,6.75,5.5,6.5],"texture":"#1"},"down":{"uv":[7.5,4.75,7.75,5],"texture":"#1"}}},{"from":[3.875,-11.027,8],"to":[10.375,23.75,8],"rotation":{"angle":0,"axis":"y","origin":[11.25,4.71167,8]},"faces":{"north":{"uv":[16,3.0625,14.375,11.625],"texture":"#1"},"east":{"uv":[0,0,0,10.6875],"texture":"#1"},"south":{"uv":[14.375,3.0625,16,11.625],"texture":"#1"},"west":{"uv":[0,0,0,10.6875],"texture":"#1"},"up":{"uv":[0,0,3.75,0],"texture":"#1"},"down":{"uv":[0,0,3.75,0],"texture":"#1"}}},{"from":[-4,-2.777,7.875],"to":[19,20.723,8.125],"rotation":{"angle":0,"axis":"y","origin":[8,4.71167,8]},"faces":{"north":{"uv":[0,16,16,0],"rotation":270,"texture":"#2"},"south":{"uv":[16,16,0,0],"rotation":90,"texture":"#2"}}},{"from":[3.5,-4.777,7.7],"to":[12.5,4.223,8.3],"rotation":{"angle":0,"axis":"y","origin":[8,4.71167,8]},"faces":{"north":{"uv":[0,16,16,0],"rotation":270,"texture":"#3"},"south":{"uv":[16,16,0,0],"rotation":90,"texture":"#3"}}},{"from":[4,-5.977,7.2],"to":[12,2.023,8.8],"rotation":{"angle":0,"axis":"y","origin":[8,4.71167,8]},"faces":{"north":{"uv":[0,16,16,0],"rotation":270,"texture":"#4"},"south":{"uv":[16,16,0,0],"rotation":90,"texture":"#4"}}},{"from":[4.5,-14.777,7.875],"to":[11.5,-7.777,8.125],"rotation":{"angle":0,"axis":"y","origin":[8,5.71167,8]},"faces":{"north":{"uv":[0,16,16,0],"rotation":270,"texture":"#5"},"south":{"uv":[16,16,0,0],"rotation":90,"texture":"#5"}}},{"from":[7.2,-4.027,7.2],"to":[8.8,-3.027,8.8],"rotation":{"angle":0,"axis":"y","origin":[8,4.71167,8]},"faces":{"north":{"uv":[7.625,6.75,7.25,7],"texture":"#1"},"east":{"uv":[7.625,6.75,7.25,7],"texture":"#1"},"south":{"uv":[7.625,6.75,7.25,7],"texture":"#1"},"west":{"uv":[7.625,6.75,7.25,7],"texture":"#1"},"up":{"uv":[6.5,7.125,6.875,6.75],"texture":"#1"},"down":{"uv":[7,1.5,7.375,1.875],"texture":"#1"}}},{"from":[2.01537,-1.27296,7],"to":[4.51537,1.22704,9],"rotation":{"angle":45,"axis":"z","origin":[8,4.71167,8]},"faces":{"north":{"uv":[4.875,5.25,4.25,5.875],"texture":"#1"},"east":{"uv":[6.5,4.5,6,5.125],"texture":"#1"},"south":{"uv":[4.25,5.875,4.875,5.25],"rotation":270,"texture":"#1"},"west":{"uv":[4.75,6,4.25,6.625],"texture":"#1"},"up":{"uv":[6,4,6.625,3.5],"texture":"#1"},"down":{"uv":[4.75,6,5.375,6.5],"texture":"#1"}}},{"from":[7,-2.9841,7.125],"to":[9,-0.9841,8.875],"rotation":{"angle":0,"axis":"y","origin":[8,4.71167,8]},"faces":{"north":{"uv":[6.75,0.5,6.25,1],"texture":"#1"},"east":{"uv":[6.4375,6.25,6,6.75],"texture":"#1"},"south":{"uv":[6.75,0.5,6.25,1],"texture":"#1"},"west":{"uv":[6.6875,4,6.25,4.5],"texture":"#1"},"up":{"uv":[6.5,1.9375,7,1.5],"texture":"#1"},"down":{"uv":[6.5,2,7,2.4375],"texture":"#1"}}},{"from":[-3.84858,-6.13691,7.375],"to":[-2.09858,-4.38691,8.625],"rotation":{"angle":45,"axis":"z","origin":[8,5.71167,8]},"faces":{"north":{"uv":[6.9375,4.5,6.5,4.9375],"texture":"#1"},"east":{"uv":[5.5625,7,5.25,7.4375],"texture":"#1"},"south":{"uv":[5.1875,6.5,4.75,6.9375],"texture":"#1"},"west":{"uv":[5.0625,7,4.75,7.4375],"texture":"#1"},"up":{"uv":[7,6.0625,7.4375,5.75],"texture":"#1"},"down":{"uv":[7,6.25,7.4375,6.5625],"texture":"#1"}}},{"from":[7.25,-10.5341,7.5],"to":[8.75,-9.0341,8.5],"rotation":{"angle":0,"axis":"y","origin":[8,5.71167,8]},"faces":{"north":{"uv":[7.375,2,7,2.375],"texture":"#1"},"east":{"uv":[7.75,1,7.5,1.375],"texture":"#1"},"south":{"uv":[7.375,2,7,2.375],"texture":"#1"},"west":{"uv":[4.75,7.25,4.5,7.625],"texture":"#1"},"up":{"uv":[7.5,0.5,7.875,0.25],"texture":"#1"},"down":{"uv":[7.5,1.5,7.875,1.75],"texture":"#1"}}},{"from":[7.2,-4.777,7.2],"to":[8.8,-4.277,8.8],"rotation":{"angle":0,"axis":"y","origin":[8,4.71167,8]},"faces":{"north":{"uv":[8.125,5.25,7.75,5.375],"texture":"#1"},"east":{"uv":[8.125,5.25,7.75,5.375],"texture":"#1"},"south":{"uv":[8.125,5.25,7.75,5.375],"texture":"#1"},"west":{"uv":[8.125,5.25,7.75,5.375],"texture":"#1"},"up":{"uv":[7,3.375,7.375,3],"texture":"#1"},"down":{"uv":[7,4.5,7.375,4.875],"texture":"#1"}}},{"from":[7.2,-8.027,7.2],"to":[8.8,-7.527,8.8],"rotation":{"angle":0,"axis":"y","origin":[8,5.71167,8]},"faces":{"north":{"uv":[8.125,5.25,7.75,5.375],"rotation":180,"texture":"#1"},"east":{"uv":[8.125,5.25,7.75,5.375],"rotation":180,"texture":"#1"},"south":{"uv":[8.125,5.25,7.75,5.375],"rotation":180,"texture":"#1"},"west":{"uv":[8.125,5.25,7.75,5.375],"rotation":180,"texture":"#1"},"up":{"uv":[7,4.5,7.375,4.875],"rotation":180,"texture":"#1"},"down":{"uv":[7,3.375,7.375,3],"rotation":180,"texture":"#1"}}},{"from":[7.2,-9.277,7.2],"to":[8.8,-8.277,8.8],"rotation":{"angle":0,"axis":"y","origin":[8,5.71167,8]},"faces":{"north":{"uv":[7.625,6.75,7.25,7],"rotation":180,"texture":"#1"},"east":{"uv":[7.625,6.75,7.25,7],"rotation":180,"texture":"#1"},"south":{"uv":[7.625,6.75,7.25,7],"rotation":180,"texture":"#1"},"west":{"uv":[7.625,6.75,7.25,7],"rotation":180,"texture":"#1"},"up":{"uv":[7,1.5,7.375,1.875],"rotation":180,"texture":"#1"},"down":{"uv":[6.5,7.125,6.875,6.75],"rotation":180,"texture":"#1"}}}],"gui_light":"front","display":{"thirdperson_righthand":{"rotation":[0,-90,0],"translation":[0,6.25,1.75],"scale":[0.57,0.57,0.57]},"thirdperson_lefthand":{"rotation":[0,90,0],"translation":[0,6.25,1.75],"scale":[0.57,0.57,0.57]},"firstperson_righthand":{"rotation":[-17.25,-90,0],"translation":[15.25,2,-11.75],"scale":[0.73,0.73,0.73]},"firstperson_lefthand":{"rotation":[-17.25,90,0],"translation":[15.25,2,-11.75],"scale":[0.73,0.73,0.73]},"ground":{"rotation":[-80,0,0],"translation":[0,-0.75,-2.25],"scale":[0.44,0.44,0.44]},"gui":{"rotation":[0,0,45],"translation":[-0.25,0.25,0],"scale":[0.4,0.4,0.4]},"head":{"scale":[0.01,0.01,0.01]},"fixed":{"rotation":[180,0,180],"translation":[0,7.75,-0.75],"scale":[1.63,1.63,1.63]}},"groups":[{"name":"dagger","origin":[8,8,8],"color":0,"nbt":"{}","children":[{"name":"group","origin":[8,2.09348,5],"color":0,"nbt":"{}","children":[0,1,2,3,4,5,6,7,8,9,10,11,12,13,14]},15,16,17,18,19,20,21,22,23,24,25,26,27,28]}],"USER":"{{USER}}","NONCE":"{{NONCE}}","TIMESTAMP":"{{TIMESTAMP}}","RESOURCE":"{{RESOURCE}}","MCMODELS":"{{MCMODELS}}"}