{
    "credit": "Made with Blockbench",
    "textures": {
        "1": "cosmo_pack:sword",
        "3": "cosmo_pack:ring",
        "4": "cosmo_pack:gravity_1",
        "5": "cosmo_pack:gravity_2",
        "6": "cosmo_pack:lighting_small"
    },
    "elements": [
        {
            "from": [
                11.16493,
                3.78515,
                7.4
            ],
            "to": [
                15.16493,
                7.78515,
                8.6
            ],
            "rotation": {
                "angle": 45,
                "axis": "z",
                "origin": [
                    8,
                    0.62022,
                    9
                ]
            },
            "faces": {
                "north": {
                    "uv": [
                        4.75,
                        0,
                        5.75,
                        1
                    ],
                    "rotation": 270,
                    "texture": "#1"
                },
                "east": {
                    "uv": [
                        7,
                        2.8125,
                        6,
                        2.5
                    ],
                    "rotation": 90,
                    "texture": "#1"
                },
                "south": {
                    "uv": [
                        4.75,
                        0,
                        5.75,
                        1
                    ],
                    "texture": "#1"
                },
                "west": {
                    "uv": [
                        7,
                        3,
                        6,
                        3.3125
                    ],
                    "rotation": 90,
                    "texture": "#1"
                },
                "up": {
                    "uv": [
                        6,
                        1.5,
                        6.3125,
                        2.5
                    ],
                    "rotation": 90,
                    "texture": "#1"
                },
                "down": {
                    "uv": [
                        5.5,
                        2.75,
                        5.8125,
                        3.75
                    ],
                    "rotation": 90,
                    "texture": "#1"
                }
            }
        },
        {
            "from": [
                0.64161,
                -6.73817,
                7.7
            ],
            "to": [
                2.14161,
                -5.23817,
                8.3
            ],
            "rotation": {
                "angle": 45,
                "axis": "z",
                "origin": [
                    8,
                    0.62022,
                    9
                ]
            },
            "faces": {
                "north": {
                    "uv": [
                        6.75,
                        4,
                        7.125,
                        4.375
                    ],
                    "texture": "#1"
                },
                "east": {
                    "uv": [
                        7.75,
                        2.25,
                        7.875,
                        2.625
                    ],
                    "texture": "#1"
                },
                "south": {
                    "uv": [
                        6.75,
                        4,
                        7.125,
                        4.375
                    ],
                    "rotation": 90,
                    "texture": "#1"
                },
                "west": {
                    "uv": [
                        7.75,
                        3.75,
                        7.875,
                        4.125
                    ],
                    "texture": "#1"
                },
                "up": {
                    "uv": [
                        7.875,
                        6.625,
                        7.5,
                        6.5
                    ],
                    "texture": "#1"
                },
                "down": {
                    "uv": [
                        4.625,
                        7.75,
                        4.25,
                        7.875
                    ],
                    "texture": "#1"
                }
            }
        },
        {
            "from": [
                7.88945,
                0.50967,
                7.5
            ],
            "to": [
                9.38945,
                2.00967,
                8.5
            ],
            "rotation": {
                "angle": 45,
                "axis": "z",
                "origin": [
                    8,
                    0.62022,
                    9
                ]
            },
            "faces": {
                "north": {
                    "uv": [
                        6.75,
                        4,
                        7.125,
                        4.375
                    ],
                    "rotation": 180,
                    "texture": "#1"
                },
                "east": {
                    "uv": [
                        7.75,
                        3.75,
                        7.875,
                        4.125
                    ],
                    "rotation": 180,
                    "texture": "#1"
                },
                "south": {
                    "uv": [
                        6.75,
                        4,
                        7.125,
                        4.375
                    ],
                    "rotation": 270,
                    "texture": "#1"
                },
                "west": {
                    "uv": [
                        7.75,
                        2.25,
                        7.875,
                        2.625
                    ],
                    "rotation": 180,
                    "texture": "#1"
                },
                "up": {
                    "uv": [
                        4.625,
                        7.75,
                        4.25,
                        7.875
                    ],
                    "rotation": 180,
                    "texture": "#1"
                },
                "down": {
                    "uv": [
                        7.875,
                        6.625,
                        7.5,
                        6.5
                    ],
                    "rotation": 180,
                    "texture": "#1"
                }
            }
        },
        {
            "from": [
                13.85208,
                -5.04891,
                7.75
            ],
            "to": [
                14.60208,
                -3.19891,
                8.25
            ],
            "rotation": {
                "angle": -45,
                "axis": "z",
                "origin": [
                    8,
                    0.62022,
                    9
                ]
            },
            "faces": {
                "north": {
                    "uv": [
                        7.5,
                        1.75,
                        7.6875,
                        2.1875
                    ],
                    "texture": "#1"
                },
                "east": {
                    "uv": [
                        5.25,
                        7.5,
                        5.375,
                        7.9375
                    ],
                    "texture": "#1"
                },
                "south": {
                    "uv": [
                        7.6875,
                        1.75,
                        7.5,
                        2.1875
                    ],
                    "texture": "#1"
                },
                "west": {
                    "uv": [
                        7.5,
                        5.25,
                        7.625,
                        5.6875
                    ],
                    "texture": "#1"
                },
                "up": {
                    "uv": [
                        8.1875,
                        0.375,
                        8,
                        0.25
                    ],
                    "texture": "#1"
                },
                "down": {
                    "uv": [
                        8.1875,
                        0.5,
                        8,
                        0.625
                    ],
                    "texture": "#1"
                }
            }
        },
        {
            "from": [
                5.796,
                -6.69212,
                7.7
            ],
            "to": [
                6.796,
                -5.04212,
                8.3
            ],
            "rotation": {
                "angle": 22.5,
                "axis": "z",
                "origin": [
                    8,
                    0.62022,
                    9
                ]
            },
            "faces": {
                "north": {
                    "uv": [
                        5.75,
                        1.5,
                        6,
                        1.9375
                    ],
                    "texture": "#1"
                },
                "east": {
                    "uv": [
                        5.5,
                        7.5,
                        5.625,
                        7.9375
                    ],
                    "texture": "#1"
                },
                "south": {
                    "uv": [
                        6,
                        1.5,
                        5.75,
                        1.9375
                    ],
                    "texture": "#1"
                },
                "west": {
                    "uv": [
                        7.5,
                        5.75,
                        7.625,
                        6.1875
                    ],
                    "texture": "#1"
                },
                "up": {
                    "uv": [
                        8,
                        7.875,
                        7.75,
                        7.75
                    ],
                    "texture": "#1"
                },
                "down": {
                    "uv": [
                        8.25,
                        0,
                        8,
                        0.125
                    ],
                    "texture": "#1"
                }
            }
        },
        {
            "from": [
                1.39792,
                -5.04891,
                7.75
            ],
            "to": [
                2.14792,
                -3.19891,
                8.25
            ],
            "rotation": {
                "angle": 45,
                "axis": "z",
                "origin": [
                    8,
                    0.62022,
                    9
                ]
            },
            "faces": {
                "north": {
                    "uv": [
                        7.6875,
                        1.75,
                        7.5,
                        2.1875
                    ],
                    "texture": "#1"
                },
                "east": {
                    "uv": [
                        7.625,
                        5.25,
                        7.5,
                        5.6875
                    ],
                    "texture": "#1"
                },
                "south": {
                    "uv": [
                        7.5,
                        1.75,
                        7.6875,
                        2.1875
                    ],
                    "texture": "#1"
                },
                "west": {
                    "uv": [
                        5.375,
                        7.5,
                        5.25,
                        7.9375
                    ],
                    "texture": "#1"
                },
                "up": {
                    "uv": [
                        8,
                        0.375,
                        8.1875,
                        0.25
                    ],
                    "texture": "#1"
                },
                "down": {
                    "uv": [
                        8,
                        0.5,
                        8.1875,
                        0.625
                    ],
                    "texture": "#1"
                }
            }
        },
        {
            "from": [
                9.204,
                -6.69212,
                7.7
            ],
            "to": [
                10.204,
                -5.04212,
                8.3
            ],
            "rotation": {
                "angle": -22.5,
                "axis": "z",
                "origin": [
                    8,
                    0.62022,
                    9
                ]
            },
            "faces": {
                "north": {
                    "uv": [
                        6,
                        1.5,
                        5.75,
                        1.9375
                    ],
                    "texture": "#1"
                },
                "east": {
                    "uv": [
                        7.625,
                        5.75,
                        7.5,
                        6.1875
                    ],
                    "texture": "#1"
                },
                "south": {
                    "uv": [
                        5.75,
                        1.5,
                        6,
                        1.9375
                    ],
                    "texture": "#1"
                },
                "west": {
                    "uv": [
                        5.625,
                        7.5,
                        5.5,
                        7.9375
                    ],
                    "texture": "#1"
                },
                "up": {
                    "uv": [
                        7.75,
                        7.875,
                        8,
                        7.75
                    ],
                    "texture": "#1"
                },
                "down": {
                    "uv": [
                        8,
                        0,
                        8.25,
                        0.125
                    ],
                    "texture": "#1"
                }
            }
        },
        {
            "from": [
                -0.31161,
                5.04073,
                8.95
            ],
            "to": [
                1.18839,
                7.14073,
                9.55
            ],
            "rotation": {
                "angle": -22.5,
                "axis": "z",
                "origin": [
                    8,
                    0.62022,
                    9
                ]
            },
            "faces": {
                "north": {
                    "uv": [
                        6.875,
                        5.75,
                        6.5,
                        6.25
                    ],
                    "texture": "#1"
                },
                "east": {
                    "uv": [
                        7.625,
                        4.25,
                        7.5,
                        4.75
                    ],
                    "texture": "#1"
                },
                "south": {
                    "uv": [
                        6.5,
                        5.75,
                        6.875,
                        6.25
                    ],
                    "texture": "#1"
                },
                "west": {
                    "uv": [
                        7.625,
                        3.75,
                        7.5,
                        4.25
                    ],
                    "texture": "#1"
                },
                "up": {
                    "uv": [
                        7.75,
                        4.375,
                        8.125,
                        4.25
                    ],
                    "texture": "#1"
                },
                "down": {
                    "uv": [
                        7.75,
                        4.5,
                        8.125,
                        4.625
                    ],
                    "texture": "#1"
                }
            }
        },
        {
            "from": [
                8.30226,
                7.98787,
                8.9
            ],
            "to": [
                10.30226,
                9.98787,
                9.6
            ],
            "rotation": {
                "angle": 45,
                "axis": "z",
                "origin": [
                    8,
                    0.62022,
                    9
                ]
            },
            "faces": {
                "north": {
                    "uv": [
                        6,
                        6.25,
                        6.5,
                        5.75
                    ],
                    "rotation": 90,
                    "texture": "#1"
                },
                "east": {
                    "uv": [
                        5.25,
                        4.5,
                        4.75,
                        4.6875
                    ],
                    "rotation": 270,
                    "texture": "#1"
                },
                "south": {
                    "uv": [
                        6.5,
                        6.25,
                        6,
                        5.75
                    ],
                    "rotation": 270,
                    "texture": "#1"
                },
                "west": {
                    "uv": [
                        6,
                        3.9375,
                        5.5,
                        3.75
                    ],
                    "rotation": 270,
                    "texture": "#1"
                },
                "up": {
                    "uv": [
                        7.25,
                        4.5,
                        7.4375,
                        4
                    ],
                    "rotation": 270,
                    "texture": "#1"
                },
                "down": {
                    "uv": [
                        4.25,
                        7.75,
                        4.4375,
                        7.25
                    ],
                    "rotation": 270,
                    "texture": "#1"
                }
            }
        },
        {
            "from": [
                5.0141,
                6.77232,
                8.6
            ],
            "to": [
                8.0141,
                8.77232,
                9.4
            ],
            "rotation": {
                "angle": 22.5,
                "axis": "z",
                "origin": [
                    8,
                    0.62022,
                    9
                ]
            },
            "faces": {
                "north": {
                    "uv": [
                        5,
                        6,
                        5.5,
                        5.25
                    ],
                    "rotation": 90,
                    "texture": "#1"
                },
                "east": {
                    "uv": [
                        7.75,
                        5,
                        7.25,
                        5.1875
                    ],
                    "rotation": 270,
                    "texture": "#1"
                },
                "south": {
                    "uv": [
                        7.125,
                        0.5,
                        6.75,
                        0
                    ],
                    "rotation": 270,
                    "texture": "#1"
                },
                "west": {
                    "uv": [
                        7,
                        7.4375,
                        6.5,
                        7.25
                    ],
                    "rotation": 270,
                    "texture": "#1"
                },
                "up": {
                    "uv": [
                        6,
                        7.5,
                        6.1875,
                        6.75
                    ],
                    "rotation": 270,
                    "texture": "#1"
                },
                "down": {
                    "uv": [
                        6.25,
                        7.5,
                        6.4375,
                        6.75
                    ],
                    "rotation": 270,
                    "texture": "#1"
                }
            }
        },
        {
            "from": [
                7.6,
                4.73396,
                8.5
            ],
            "to": [
                8.4,
                6.73396,
                11.5
            ],
            "rotation": {
                "angle": 0,
                "axis": "y",
                "origin": [
                    8,
                    0.62022,
                    9
                ]
            },
            "faces": {
                "north": {
                    "uv": [
                        7,
                        7.4375,
                        6.5,
                        7.25
                    ],
                    "rotation": 270,
                    "texture": "#1"
                },
                "east": {
                    "uv": [
                        5,
                        6,
                        5.5,
                        5.25
                    ],
                    "rotation": 90,
                    "texture": "#1"
                },
                "south": {
                    "uv": [
                        7.75,
                        5,
                        7.25,
                        5.1875
                    ],
                    "rotation": 270,
                    "texture": "#1"
                },
                "west": {
                    "uv": [
                        7.125,
                        0.5,
                        6.75,
                        0
                    ],
                    "rotation": 270,
                    "texture": "#1"
                },
                "up": {
                    "uv": [
                        6,
                        7.5,
                        6.1875,
                        6.75
                    ],
                    "texture": "#1"
                },
                "down": {
                    "uv": [
                        6.25,
                        7.5,
                        6.4375,
                        6.75
                    ],
                    "rotation": 180,
                    "texture": "#1"
                }
            }
        },
        {
            "from": [
                7.6,
                1.08396,
                8.5
            ],
            "to": [
                8.4,
                3.08396,
                11.5
            ],
            "rotation": {
                "angle": 0,
                "axis": "y",
                "origin": [
                    8,
                    0.62022,
                    9
                ]
            },
            "faces": {
                "north": {
                    "uv": [
                        7,
                        7.4375,
                        6.5,
                        7.25
                    ],
                    "rotation": 270,
                    "texture": "#1"
                },
                "east": {
                    "uv": [
                        5,
                        6,
                        5.5,
                        5.25
                    ],
                    "rotation": 90,
                    "texture": "#1"
                },
                "south": {
                    "uv": [
                        7.75,
                        5,
                        7.25,
                        5.1875
                    ],
                    "rotation": 270,
                    "texture": "#1"
                },
                "west": {
                    "uv": [
                        7.125,
                        0.5,
                        6.75,
                        0
                    ],
                    "rotation": 270,
                    "texture": "#1"
                },
                "up": {
                    "uv": [
                        6,
                        7.5,
                        6.1875,
                        6.75
                    ],
                    "texture": "#1"
                },
                "down": {
                    "uv": [
                        6.25,
                        7.5,
                        6.4375,
                        6.75
                    ],
                    "rotation": 180,
                    "texture": "#1"
                }
            }
        },
        {
            "from": [
                14.81161,
                5.04073,
                8.95
            ],
            "to": [
                16.31161,
                7.14073,
                9.55
            ],
            "rotation": {
                "angle": 22.5,
                "axis": "z",
                "origin": [
                    8,
                    0.62022,
                    9
                ]
            },
            "faces": {
                "north": {
                    "uv": [
                        6.5,
                        5.75,
                        6.875,
                        6.25
                    ],
                    "texture": "#1"
                },
                "east": {
                    "uv": [
                        7.5,
                        3.75,
                        7.625,
                        4.25
                    ],
                    "texture": "#1"
                },
                "south": {
                    "uv": [
                        6.875,
                        5.75,
                        6.5,
                        6.25
                    ],
                    "texture": "#1"
                },
                "west": {
                    "uv": [
                        7.5,
                        4.25,
                        7.625,
                        4.75
                    ],
                    "texture": "#1"
                },
                "up": {
                    "uv": [
                        8.125,
                        4.375,
                        7.75,
                        4.25
                    ],
                    "texture": "#1"
                },
                "down": {
                    "uv": [
                        8.125,
                        4.5,
                        7.75,
                        4.625
                    ],
                    "texture": "#1"
                }
            }
        },
        {
            "from": [
                5.69774,
                7.98787,
                8.9
            ],
            "to": [
                7.69774,
                9.98787,
                9.6
            ],
            "rotation": {
                "angle": -45,
                "axis": "z",
                "origin": [
                    8,
                    0.62022,
                    9
                ]
            },
            "faces": {
                "north": {
                    "uv": [
                        6,
                        5.75,
                        6.5,
                        6.25
                    ],
                    "rotation": 90,
                    "texture": "#1"
                },
                "east": {
                    "uv": [
                        6,
                        3.75,
                        5.5,
                        3.9375
                    ],
                    "rotation": 270,
                    "texture": "#1"
                },
                "south": {
                    "uv": [
                        6.5,
                        5.75,
                        6,
                        6.25
                    ],
                    "rotation": 270,
                    "texture": "#1"
                },
                "west": {
                    "uv": [
                        5.25,
                        4.6875,
                        4.75,
                        4.5
                    ],
                    "rotation": 270,
                    "texture": "#1"
                },
                "up": {
                    "uv": [
                        7.25,
                        4,
                        7.4375,
                        4.5
                    ],
                    "rotation": 270,
                    "texture": "#1"
                },
                "down": {
                    "uv": [
                        4.25,
                        7.25,
                        4.4375,
                        7.75
                    ],
                    "rotation": 270,
                    "texture": "#1"
                }
            }
        },
        {
            "from": [
                7.9859,
                6.77232,
                8.6
            ],
            "to": [
                10.9859,
                8.77232,
                9.4
            ],
            "rotation": {
                "angle": -22.5,
                "axis": "z",
                "origin": [
                    8,
                    0.62022,
                    9
                ]
            },
            "faces": {
                "north": {
                    "uv": [
                        5,
                        5.25,
                        5.5,
                        6
                    ],
                    "rotation": 90,
                    "texture": "#1"
                },
                "east": {
                    "uv": [
                        7,
                        7.25,
                        6.5,
                        7.4375
                    ],
                    "rotation": 270,
                    "texture": "#1"
                },
                "south": {
                    "uv": [
                        7.125,
                        0,
                        6.75,
                        0.5
                    ],
                    "rotation": 270,
                    "texture": "#1"
                },
                "west": {
                    "uv": [
                        7.75,
                        5.1875,
                        7.25,
                        5
                    ],
                    "rotation": 270,
                    "texture": "#1"
                },
                "up": {
                    "uv": [
                        6,
                        6.75,
                        6.1875,
                        7.5
                    ],
                    "rotation": 270,
                    "texture": "#1"
                },
                "down": {
                    "uv": [
                        6.25,
                        6.75,
                        6.4375,
                        7.5
                    ],
                    "rotation": 270,
                    "texture": "#1"
                }
            }
        },
        {
            "from": [
                3.5,
                3.723,
                7.7
            ],
            "to": [
                12.5,
                12.723,
                8.3
            ],
            "rotation": {
                "angle": 0,
                "axis": "y",
                "origin": [
                    8,
                    0.62022,
                    9
                ]
            },
            "faces": {
                "north": {
                    "uv": [
                        0,
                        0,
                        16,
                        16
                    ],
                    "rotation": 270,
                    "texture": "#3"
                },
                "east": {
                    "uv": [
                        3.75,
                        0,
                        0,
                        0
                    ],
                    "rotation": 90,
                    "texture": "#3"
                },
                "south": {
                    "uv": [
                        16,
                        0,
                        0,
                        16
                    ],
                    "rotation": 90,
                    "texture": "#3"
                },
                "west": {
                    "uv": [
                        3.75,
                        0,
                        0,
                        0
                    ],
                    "rotation": 90,
                    "texture": "#3"
                },
                "up": {
                    "uv": [
                        0,
                        0,
                        0,
                        10.6875
                    ],
                    "rotation": 90,
                    "texture": "#3"
                },
                "down": {
                    "uv": [
                        0,
                        0,
                        0,
                        10.6875
                    ],
                    "rotation": 90,
                    "texture": "#3"
                }
            }
        },
        {
            "from": [
                4,
                1.523,
                7.2
            ],
            "to": [
                12,
                9.523,
                8.8
            ],
            "rotation": {
                "angle": 0,
                "axis": "y",
                "origin": [
                    8,
                    0.62022,
                    9
                ]
            },
            "faces": {
                "north": {
                    "uv": [
                        0,
                        0,
                        16,
                        16
                    ],
                    "rotation": 270,
                    "texture": "#4"
                },
                "east": {
                    "uv": [
                        3.75,
                        0,
                        0,
                        0
                    ],
                    "rotation": 90,
                    "texture": "#4"
                },
                "south": {
                    "uv": [
                        16,
                        0,
                        0,
                        16
                    ],
                    "rotation": 90,
                    "texture": "#4"
                },
                "west": {
                    "uv": [
                        3.75,
                        0,
                        0,
                        0
                    ],
                    "rotation": 90,
                    "texture": "#4"
                },
                "up": {
                    "uv": [
                        0,
                        0,
                        0,
                        10.6875
                    ],
                    "rotation": 90,
                    "texture": "#4"
                },
                "down": {
                    "uv": [
                        0,
                        0,
                        0,
                        10.6875
                    ],
                    "rotation": 90,
                    "texture": "#4"
                }
            }
        },
        {
            "from": [
                4.5,
                -10.777,
                7.875
            ],
            "to": [
                11.5,
                -3.777,
                8.125
            ],
            "rotation": {
                "angle": 0,
                "axis": "y",
                "origin": [
                    8,
                    0.62022,
                    9
                ]
            },
            "faces": {
                "north": {
                    "uv": [
                        0,
                        0,
                        16,
                        16
                    ],
                    "rotation": 270,
                    "texture": "#5"
                },
                "east": {
                    "uv": [
                        0.75,
                        0,
                        0,
                        0.5
                    ],
                    "rotation": 90,
                    "texture": "#5"
                },
                "south": {
                    "uv": [
                        16,
                        0,
                        0,
                        16
                    ],
                    "rotation": 90,
                    "texture": "#5"
                },
                "west": {
                    "uv": [
                        0.75,
                        0,
                        0,
                        0.5
                    ],
                    "rotation": 90,
                    "texture": "#5"
                },
                "up": {
                    "uv": [
                        0,
                        0,
                        1,
                        0.6875
                    ],
                    "rotation": 90,
                    "texture": "#5"
                },
                "down": {
                    "uv": [
                        0,
                        0,
                        1,
                        0.6875
                    ],
                    "rotation": 90,
                    "texture": "#5"
                }
            }
        },
        {
            "from": [
                0.55653,
                6.62065,
                9.375
            ],
            "to": [
                10.55653,
                16.62065,
                9.405
            ],
            "rotation": {
                "angle": 22.5,
                "axis": "z",
                "origin": [
                    8,
                    0.62022,
                    9
                ]
            },
            "faces": {
                "north": {
                    "uv": [
                        16,
                        0,
                        0,
                        16
                    ],
                    "rotation": 90,
                    "texture": "#6"
                },
                "east": {
                    "uv": [
                        0,
                        0,
                        3.75,
                        0
                    ],
                    "rotation": 270,
                    "texture": "#6"
                },
                "south": {
                    "uv": [
                        0,
                        0,
                        16,
                        16
                    ],
                    "rotation": 270,
                    "texture": "#6"
                },
                "west": {
                    "uv": [
                        0,
                        0,
                        3.75,
                        0
                    ],
                    "rotation": 270,
                    "texture": "#6"
                },
                "up": {
                    "uv": [
                        0,
                        0,
                        0,
                        11.0875
                    ],
                    "rotation": 270,
                    "texture": "#6"
                },
                "down": {
                    "uv": [
                        0,
                        0,
                        0,
                        10.6875
                    ],
                    "rotation": 270,
                    "texture": "#6"
                }
            }
        },
        {
            "from": [
                5.44347,
                6.62065,
                9.375
            ],
            "to": [
                15.44347,
                16.62065,
                9.405
            ],
            "rotation": {
                "angle": -22.5,
                "axis": "z",
                "origin": [
                    8,
                    0.62022,
                    9
                ]
            },
            "faces": {
                "north": {
                    "uv": [
                        16,
                        16,
                        0,
                        0
                    ],
                    "rotation": 90,
                    "texture": "#6"
                },
                "east": {
                    "uv": [
                        0,
                        0,
                        3.75,
                        0
                    ],
                    "rotation": 270,
                    "texture": "#6"
                },
                "south": {
                    "uv": [
                        0,
                        16,
                        16,
                        0
                    ],
                    "rotation": 270,
                    "texture": "#6"
                },
                "west": {
                    "uv": [
                        0,
                        0,
                        3.75,
                        0
                    ],
                    "rotation": 270,
                    "texture": "#6"
                },
                "up": {
                    "uv": [
                        0,
                        11.0875,
                        0,
                        0
                    ],
                    "rotation": 270,
                    "texture": "#6"
                },
                "down": {
                    "uv": [
                        0,
                        10.6875,
                        0,
                        0
                    ],
                    "rotation": 270,
                    "texture": "#6"
                }
            }
        },
        {
            "from": [
                3.25288,
                2.86734,
                7
            ],
            "to": [
                5.75288,
                5.36734,
                9
            ],
            "rotation": {
                "angle": -45,
                "axis": "z",
                "origin": [
                    8,
                    0.62022,
                    9
                ]
            },
            "faces": {
                "north": {
                    "uv": [
                        4.25,
                        5.25,
                        4.875,
                        5.875
                    ],
                    "texture": "#1"
                },
                "east": {
                    "uv": [
                        4.25,
                        6,
                        4.75,
                        6.625
                    ],
                    "texture": "#1"
                },
                "south": {
                    "uv": [
                        4.25,
                        5.25,
                        4.875,
                        5.875
                    ],
                    "rotation": 270,
                    "texture": "#1"
                },
                "west": {
                    "uv": [
                        6,
                        4.5,
                        6.5,
                        5.125
                    ],
                    "texture": "#1"
                },
                "up": {
                    "uv": [
                        6.625,
                        4,
                        6,
                        3.5
                    ],
                    "texture": "#1"
                },
                "down": {
                    "uv": [
                        5.375,
                        6,
                        4.75,
                        6.5
                    ],
                    "texture": "#1"
                }
            }
        },
        {
            "from": [
                7,
                4.5659,
                7.125
            ],
            "to": [
                9,
                6.5659,
                8.875
            ],
            "rotation": {
                "angle": 0,
                "axis": "y",
                "origin": [
                    8,
                    0.62022,
                    9
                ]
            },
            "faces": {
                "north": {
                    "uv": [
                        6.25,
                        0.5,
                        6.75,
                        1
                    ],
                    "texture": "#1"
                },
                "east": {
                    "uv": [
                        6.25,
                        4,
                        6.6875,
                        4.5
                    ],
                    "texture": "#1"
                },
                "south": {
                    "uv": [
                        6.25,
                        0.5,
                        6.75,
                        1
                    ],
                    "texture": "#1"
                },
                "west": {
                    "uv": [
                        6,
                        6.25,
                        6.4375,
                        6.75
                    ],
                    "texture": "#1"
                },
                "up": {
                    "uv": [
                        7,
                        1.9375,
                        6.5,
                        1.5
                    ],
                    "texture": "#1"
                },
                "down": {
                    "uv": [
                        7,
                        2,
                        6.5,
                        2.4375
                    ],
                    "texture": "#1"
                }
            }
        },
        {
            "from": [
                11.49318,
                -4.62296,
                7.375
            ],
            "to": [
                13.24318,
                -2.87296,
                8.625
            ],
            "rotation": {
                "angle": -45,
                "axis": "z",
                "origin": [
                    8,
                    0.62022,
                    9
                ]
            },
            "faces": {
                "north": {
                    "uv": [
                        6.5,
                        4.5,
                        6.9375,
                        4.9375
                    ],
                    "texture": "#1"
                },
                "east": {
                    "uv": [
                        4.75,
                        7,
                        5.0625,
                        7.4375
                    ],
                    "texture": "#1"
                },
                "south": {
                    "uv": [
                        4.75,
                        6.5,
                        5.1875,
                        6.9375
                    ],
                    "texture": "#1"
                },
                "west": {
                    "uv": [
                        5.25,
                        7,
                        5.5625,
                        7.4375
                    ],
                    "texture": "#1"
                },
                "up": {
                    "uv": [
                        7.4375,
                        6.0625,
                        7,
                        5.75
                    ],
                    "texture": "#1"
                },
                "down": {
                    "uv": [
                        7.4375,
                        6.25,
                        7,
                        6.5625
                    ],
                    "texture": "#1"
                }
            }
        },
        {
            "from": [
                7.25,
                -6.2841,
                7.5
            ],
            "to": [
                8.75,
                -4.7841,
                8.5
            ],
            "rotation": {
                "angle": 0,
                "axis": "y",
                "origin": [
                    8,
                    0.62022,
                    9
                ]
            },
            "faces": {
                "north": {
                    "uv": [
                        7,
                        2,
                        7.375,
                        2.375
                    ],
                    "texture": "#1"
                },
                "east": {
                    "uv": [
                        4.5,
                        7.25,
                        4.75,
                        7.625
                    ],
                    "texture": "#1"
                },
                "south": {
                    "uv": [
                        7,
                        2,
                        7.375,
                        2.375
                    ],
                    "texture": "#1"
                },
                "west": {
                    "uv": [
                        7.5,
                        1,
                        7.75,
                        1.375
                    ],
                    "texture": "#1"
                },
                "up": {
                    "uv": [
                        7.875,
                        0.5,
                        7.5,
                        0.25
                    ],
                    "texture": "#1"
                },
                "down": {
                    "uv": [
                        7.875,
                        1.5,
                        7.5,
                        1.75
                    ],
                    "texture": "#1"
                }
            }
        },
        {
            "from": [
                5.97775,
                0.89247,
                7.25
            ],
            "to": [
                7.72775,
                2.64247,
                8.75
            ],
            "rotation": {
                "angle": -45,
                "axis": "z",
                "origin": [
                    8,
                    0.62022,
                    9
                ]
            },
            "faces": {
                "north": {
                    "uv": [
                        6.5,
                        4.5,
                        6.9375,
                        4.9375
                    ],
                    "texture": "#1"
                },
                "east": {
                    "uv": [
                        4.75,
                        7,
                        5.0625,
                        7.4375
                    ],
                    "texture": "#1"
                },
                "south": {
                    "uv": [
                        4.75,
                        6.5,
                        5.1875,
                        6.9375
                    ],
                    "texture": "#1"
                },
                "west": {
                    "uv": [
                        5.25,
                        7,
                        5.5625,
                        7.4375
                    ],
                    "texture": "#1"
                },
                "up": {
                    "uv": [
                        7.4375,
                        6.0625,
                        7,
                        5.75
                    ],
                    "texture": "#1"
                },
                "down": {
                    "uv": [
                        7.4375,
                        6.25,
                        7,
                        6.5625
                    ],
                    "texture": "#1"
                }
            }
        },
        {
            "from": [
                7.25,
                1.5159,
                7.375
            ],
            "to": [
                8.75,
                3.0159,
                8.625
            ],
            "rotation": {
                "angle": 0,
                "axis": "y",
                "origin": [
                    8,
                    0.62022,
                    9
                ]
            },
            "faces": {
                "north": {
                    "uv": [
                        7,
                        2,
                        7.375,
                        2.375
                    ],
                    "texture": "#1"
                },
                "east": {
                    "uv": [
                        4.5,
                        7.25,
                        4.75,
                        7.625
                    ],
                    "texture": "#1"
                },
                "south": {
                    "uv": [
                        7,
                        2,
                        7.375,
                        2.375
                    ],
                    "texture": "#1"
                },
                "west": {
                    "uv": [
                        7.5,
                        1,
                        7.75,
                        1.375
                    ],
                    "texture": "#1"
                },
                "up": {
                    "uv": [
                        7.875,
                        0.5,
                        7.5,
                        0.25
                    ],
                    "texture": "#1"
                },
                "down": {
                    "uv": [
                        7.875,
                        1.5,
                        7.5,
                        1.75
                    ],
                    "texture": "#1"
                }
            }
        },
        {
            "from": [
                -3.30177,
                2.53524,
                9
            ],
            "to": [
                -1.55177,
                4.28524,
                10
            ],
            "rotation": {
                "angle": -45,
                "axis": "z",
                "origin": [
                    8,
                    0.62022,
                    9
                ]
            },
            "faces": {
                "north": {
                    "uv": [
                        6.5,
                        4.5,
                        6.9375,
                        4.9375
                    ],
                    "rotation": 180,
                    "texture": "#1"
                },
                "east": {
                    "uv": [
                        5.25,
                        7,
                        5.5625,
                        7.4375
                    ],
                    "rotation": 180,
                    "texture": "#1"
                },
                "south": {
                    "uv": [
                        4.75,
                        6.5,
                        5.1875,
                        6.9375
                    ],
                    "rotation": 180,
                    "texture": "#1"
                },
                "west": {
                    "uv": [
                        4.75,
                        7,
                        5.0625,
                        7.4375
                    ],
                    "rotation": 180,
                    "texture": "#1"
                },
                "up": {
                    "uv": [
                        7.4375,
                        6.25,
                        7,
                        6.5625
                    ],
                    "rotation": 180,
                    "texture": "#1"
                },
                "down": {
                    "uv": [
                        7.4375,
                        6.0625,
                        7,
                        5.75
                    ],
                    "rotation": 180,
                    "texture": "#1"
                }
            }
        },
        {
            "from": [
                1.85,
                9.19268,
                9.125
            ],
            "to": [
                3.35,
                10.69268,
                9.875
            ],
            "rotation": {
                "angle": 0,
                "axis": "y",
                "origin": [
                    8,
                    0.62022,
                    9
                ]
            },
            "faces": {
                "north": {
                    "uv": [
                        7,
                        2,
                        7.375,
                        2.375
                    ],
                    "rotation": 180,
                    "texture": "#1"
                },
                "east": {
                    "uv": [
                        7.5,
                        1,
                        7.75,
                        1.375
                    ],
                    "rotation": 180,
                    "texture": "#1"
                },
                "south": {
                    "uv": [
                        7,
                        2,
                        7.375,
                        2.375
                    ],
                    "rotation": 180,
                    "texture": "#1"
                },
                "west": {
                    "uv": [
                        4.5,
                        7.25,
                        4.75,
                        7.625
                    ],
                    "rotation": 180,
                    "texture": "#1"
                },
                "up": {
                    "uv": [
                        7.875,
                        1.5,
                        7.5,
                        1.75
                    ],
                    "rotation": 180,
                    "texture": "#1"
                },
                "down": {
                    "uv": [
                        7.875,
                        0.5,
                        7.5,
                        0.25
                    ],
                    "rotation": 180,
                    "texture": "#1"
                }
            }
        },
        {
            "from": [
                17.55177,
                2.53524,
                9
            ],
            "to": [
                19.30177,
                4.28524,
                10
            ],
            "rotation": {
                "angle": 45,
                "axis": "z",
                "origin": [
                    8,
                    0.62022,
                    9
                ]
            },
            "faces": {
                "north": {
                    "uv": [
                        6.9375,
                        4.5,
                        6.5,
                        4.9375
                    ],
                    "rotation": 180,
                    "texture": "#1"
                },
                "east": {
                    "uv": [
                        5.0625,
                        7,
                        4.75,
                        7.4375
                    ],
                    "rotation": 180,
                    "texture": "#1"
                },
                "south": {
                    "uv": [
                        5.1875,
                        6.5,
                        4.75,
                        6.9375
                    ],
                    "rotation": 180,
                    "texture": "#1"
                },
                "west": {
                    "uv": [
                        5.5625,
                        7,
                        5.25,
                        7.4375
                    ],
                    "rotation": 180,
                    "texture": "#1"
                },
                "up": {
                    "uv": [
                        7,
                        6.25,
                        7.4375,
                        6.5625
                    ],
                    "rotation": 180,
                    "texture": "#1"
                },
                "down": {
                    "uv": [
                        7,
                        6.0625,
                        7.4375,
                        5.75
                    ],
                    "rotation": 180,
                    "texture": "#1"
                }
            }
        },
        {
            "from": [
                12.65,
                9.19268,
                9.125
            ],
            "to": [
                14.15,
                10.69268,
                9.875
            ],
            "rotation": {
                "angle": 0,
                "axis": "y",
                "origin": [
                    8,
                    0.62022,
                    9
                ]
            },
            "faces": {
                "north": {
                    "uv": [
                        7.375,
                        2,
                        7,
                        2.375
                    ],
                    "rotation": 180,
                    "texture": "#1"
                },
                "east": {
                    "uv": [
                        4.75,
                        7.25,
                        4.5,
                        7.625
                    ],
                    "rotation": 180,
                    "texture": "#1"
                },
                "south": {
                    "uv": [
                        7.375,
                        2,
                        7,
                        2.375
                    ],
                    "rotation": 180,
                    "texture": "#1"
                },
                "west": {
                    "uv": [
                        7.75,
                        1,
                        7.5,
                        1.375
                    ],
                    "rotation": 180,
                    "texture": "#1"
                },
                "up": {
                    "uv": [
                        7.5,
                        1.5,
                        7.875,
                        1.75
                    ],
                    "rotation": 180,
                    "texture": "#1"
                },
                "down": {
                    "uv": [
                        7.5,
                        0.5,
                        7.875,
                        0.25
                    ],
                    "rotation": 180,
                    "texture": "#1"
                }
            }
        },
        {
            "from": [
                2.45119,
                -9.62546,
                7.91073
            ],
            "to": [
                8.45119,
                11.37454,
                7.91073
            ],
            "rotation": {
                "angle": 22.5,
                "axis": "y",
                "origin": [
                    8,
                    0.62022,
                    9
                ]
            },
            "faces": {
                "north": {
                    "uv": [
                        6.5625,
                        8.5,
                        5,
                        13.75
                    ],
                    "texture": "#1"
                },
                "east": {
                    "uv": [
                        16.5,
                        21,
                        16,
                        40
                    ],
                    "texture": "#1"
                },
                "south": {
                    "uv": [
                        5,
                        8.5,
                        6.5625,
                        13.75
                    ],
                    "texture": "#1"
                },
                "west": {
                    "uv": [
                        15.5,
                        21,
                        15,
                        40
                    ],
                    "texture": "#1"
                },
                "up": {
                    "uv": [
                        30,
                        13.5,
                        32,
                        13
                    ],
                    "texture": "#1"
                },
                "down": {
                    "uv": [
                        30,
                        14,
                        32,
                        14.5
                    ],
                    "texture": "#1"
                }
            }
        },
        {
            "from": [
                7.54881,
                -9.62546,
                7.91073
            ],
            "to": [
                13.54881,
                11.37454,
                7.91073
            ],
            "rotation": {
                "angle": -22.5,
                "axis": "y",
                "origin": [
                    8,
                    0.62022,
                    9
                ]
            },
            "faces": {
                "north": {
                    "uv": [
                        5,
                        8.5,
                        6.5625,
                        13.75
                    ],
                    "texture": "#1"
                },
                "east": {
                    "uv": [
                        13.625,
                        3.0625,
                        14,
                        3.5
                    ],
                    "texture": "#1"
                },
                "south": {
                    "uv": [
                        6.5625,
                        8.5,
                        5,
                        13.75
                    ],
                    "texture": "#1"
                },
                "west": {
                    "uv": [
                        13.5625,
                        2.4375,
                        13.9375,
                        2.875
                    ],
                    "texture": "#1"
                }
            }
        }
    ],
    "gui_light": "front",
    "display": {
        "thirdperson_righthand": {
            "rotation": [
                39,
                -48,
                -0.15
            ],
            "translation": [
                3.75,
                4.5,
                2.5
            ],
            "scale": [
                1.22,
                1.22,
                1.22
            ]
        },
        "thirdperson_lefthand": {
            "rotation": [
                39,
                -48,
                -0.15
            ],
            "translation": [
                3.75,
                4.5,
                2.5
            ],
            "scale": [
                1.22,
                1.22,
                1.22
            ]
        },
        "firstperson_righthand": {
            "translation": [
                -2,
                3.75,
                0
            ]
        },
        "firstperson_lefthand": {
            "translation": [
                -2,
                3.75,
                0
            ]
        },
        "ground": {
            "rotation": [
                80,
                0,
                0
            ],
            "translation": [
                0,
                0,
                4.75
            ],
            "scale": [
                0.67,
                0.67,
                0.67
            ]
        },
        "gui": {
            "translation": [
                0,
                4.75,
                0
            ],
            "scale": [
                0.7,
                0.7,
                0.7
            ]
        },
        "head": {
            "scale": [
                0.01,
                0.01,
                0.01
            ]
        },
        "fixed": {
            "translation": [
                0,
                12.5,
                -4.75
            ],
            "scale": [
                2.01,
                2.01,
                2.01
            ]
        }
    },
    "groups": [
        {
            "name": "shield",
            "origin": [
                8,
                8,
                8
            ],
            "color": 0,
            "nbt": "{}",
            "children": [
                {
                    "name": "group",
                    "origin": [
                        8,
                        2.09348,
                        5
                    ],
                    "color": 0,
                    "nbt": "{}",
                    "children": [
                        0,
                        1,
                        2,
                        3,
                        4,
                        5,
                        6,
                        7,
                        8,
                        9,
                        10,
                        11,
                        12,
                        13,
                        14
                    ]
                },
                {
                    "name": "group",
                    "origin": [
                        8.5,
                        12.723,
                        11.8
                    ],
                    "color": 0,
                    "nbt": "{}",
                    "children": [
                        15,
                        16,
                        17,
                        18,
                        19
                    ]
                },
                20,
                21,
                22,
                23,
                24,
                25,
                26,
                27,
                28,
                29,
                30,
                31
            ]
        }
    ]
}