{"sources":[{"type":"single","resource":"elitecreatures:cat_sage_animated_weapon_set/armor/catsage_leggings"},{"type":"single","resource":"darkwitherset:animations/sword_animation"},{"type":"single","resource":"elitecreatures:halloween_phantom_animated/armor/halloweenphantomanimated_chestplate"},{"type":"single","resource":"blueflame:chest"},{"type":"single","resource":"elitecreatures:cat_sage_animated_weapon_set/cat_sage_animation03"},{"type":"single","resource":"elitecreatures:cat_sage_animated_weapon_set/cat_sage_animation01"},{"type":"single","resource":"elitecreatures:cat_sage_animated_weapon_set/cat_sage_animation02"},{"type":"single","resource":"darkwitherset:trident"},{"type":"single","resource":"elitecreatures:cat_sage_animated_weapon_set/armor/catsage_boots"},{"type":"single","resource":"furnace_gearworks:outline"},{"type":"single","resource":"darkwitherset:fishing_rod"},{"type":"single","resource":"_iainternal:icons/icon_left_blue"},{"type":"single","resource":"furnace_gearworks:armor/furnace__boots_icon"},{"type":"single","resource":"furnace_gearworks:armor/furnace__chestplate_icon"},{"type":"single","resource":"furnace_gearworks:sword_light"},{"type":"single","resource":"darkwitherset:animations/staff_animation"},{"type":"single","resource":"elitecreatures:cat_sage_animated_weapon_set/armor/catsage_chestplate"},{"type":"single","resource":"elitecreatures:witchcaster_animated/armor/witchcasteranimated_leggings"},{"type":"single","resource":"blueflame:texture_2"},{"type":"single","resource":"elitecreatures:molten_magma_animated_weapon_set/armor/molten_chestplate"},{"type":"single","resource":"furnace_gearworks:texture"},{"type":"single","resource":"darkwitherset:scythe"},{"type":"single","resource":"darkwitherset:shield"},{"type":"single","resource":"darkwitherset:axe"},{"type":"single","resource":"darkwitherset:armor/dark_wither_boots_icon"},{"type":"single","resource":"_iainternal:icons/icon_next_orange"},{"type":"single","resource":"blueflame:armor/blueflame_leggings_icon"},{"type":"single","resource":"darkwitherset:armor/dark_wither_chestplate_icon"},{"type":"single","resource":"furnace_gearworks:armor/furnace__leggings_icon"},{"type":"single","resource":"furnace_gearworks:armor/furnace__helmet_icon"},{"type":"single","resource":"darkwitherset:spear"},{"type":"single","resource":"darkwitherset:armor/dark_wither_helmet_icon"},{"type":"single","resource":"darkwitherset:staff"},{"type":"single","resource":"blueflame:crystal"},{"type":"single","resource":"darkwitherset:helmet"},{"type":"single","resource":"elitecreatures:cat_sage_animated_weapon_set/cat_sage_texture"},{"type":"single","resource":"elitecreatures:witchcaster_animated/armor/witchcasteranimated_chestplate"},{"type":"single","resource":"elitecreatures:witchcaster_animated/armor/witchcasteranimated_boots"},{"type":"single","resource":"elitecreatures:halloween_phantom_animated/ghost_halloween_texture"},{"type":"single","resource":"elitecreatures:halloween_phantom_animated/armor/halloweenphantomanimated_leggings"},{"type":"single","resource":"darkwitherset:animations/soul_animation_sword_1"},{"type":"single","resource":"elitecreatures:cat_sage_animated_weapon_set/armor/catsage_helmet"},{"type":"single","resource":"elitecreatures:witchcaster_animated/witchcaster_animation_03"},{"type":"single","resource":"darkwitherset:chest"},{"type":"single","resource":"darkwitherset:animations/shield_animation_1"},{"type":"single","resource":"darkwitherset:animations/soul_animation_3"},{"type":"single","resource":"darkwitherset:greatsword"},{"type":"single","resource":"furnace_gearworks:chest"},{"type":"single","resource":"darkwitherset:animations/soul_animation_sword_2"},{"type":"single","resource":"darkwitherset:animations/cape_animation_2"},{"type":"single","resource":"_iainternal:icons/icon_cancel"},{"type":"single","resource":"elitecreatures:molten_magma_animated_weapon_set/fire_texture"},{"type":"single","resource":"darkwitherset:sword"},{"type":"single","resource":"darkwitherset:hoe"},{"type":"single","resource":"darkwitherset:animations/cape_animation_1"},{"type":"single","resource":"darkwitherset:animations/helmet_animation"},{"type":"single","resource":"blueflame:texture"},{"type":"single","resource":"darkwitherset:animations/animation_2"},{"type":"single","resource":"darkwitherset:cape"},{"type":"single","resource":"darkwitherset:animations/animation_1"},{"type":"single","resource":"_iainternal:icons/icon_back_orange"},{"type":"single","resource":"blueflame:wings"},{"type":"single","resource":"furnace_gearworks:piston_1"},{"type":"single","resource":"elitecreatures:molten_magma_animated_weapon_set/armor/molten_boots"},{"type":"single","resource":"darkwitherset:armor/dark_wither_leggings_icon"},{"type":"single","resource":"_iainternal:icons/icon_arrow_chest"},{"type":"single","resource":"elitecreatures:witchcaster_animated/witchcaster_animation_01"},{"type":"single","resource":"elitecreatures:halloween_phantom_animated/ghost_halloween_animation2"},{"type":"single","resource":"darkwitherset:crossbow"},{"type":"single","resource":"darkwitherset:hammer"},{"type":"single","resource":"blueflame:armor/blueflame_boots_icon"},{"type":"single","resource":"_iainternal:icons/icon_search"},{"type":"single","resource":"darkwitherset:bow"},{"type":"single","resource":"_iainternal:icons/icon_right_blue"},{"type":"single","resource":"blueflame:aura"},{"type":"single","resource":"furnace_gearworks:cog"},{"type":"single","resource":"darkwitherset:shovel"},{"type":"single","resource":"furnace_gearworks:wings"},{"type":"single","resource":"elitecreatures:halloween_phantom_animated/armor/halloweenphantomanimated_helmet"},{"type":"single","resource":"darkwitherset:key"},{"type":"single","resource":"elitecreatures:witchcaster_animated/witchcaster_texture"},{"type":"single","resource":"elitecreatures:molten_magma_animated_weapon_set/armor/molten_leggings"},{"type":"single","resource":"blueflame:spark"},{"type":"single","resource":"elitecreatures:molten_magma_animated_weapon_set/armor/molten_helmet"},{"type":"single","resource":"furnace_gearworks:big_cog"},{"type":"single","resource":"elitecreatures:halloween_phantom_animated/armor/halloweenphantomanimated_boots"},{"type":"single","resource":"elitecreatures:witchcaster_animated/witchcaster_animation_002-export"},{"type":"single","resource":"elitecreatures:halloween_phantom_animated/ghost_halloween_animation"},{"type":"single","resource":"elitecreatures:molten_magma_animated_weapon_set/fire_animation_1"},{"type":"single","resource":"furnace_gearworks:smoke"},{"type":"single","resource":"furnace_gearworks:piston"},{"type":"single","resource":"darkwitherset:pickaxe"},{"type":"single","resource":"blueflame:armor/blueflame_helmet_icon"},{"type":"single","resource":"blueflame:armor/blueflame_chestplate_icon"},{"type":"single","resource":"elitecreatures:witchcaster_animated/armor/witchcasteranimated_helmet"}]}