{"model":{"type":"range_dispatch","property":"custom_model_data","index":0,"fallback":{"on_true":{"fallback":{"model":"item/bow_pulling_0","type":"model"},"property":"use_duration","scale":0.05,"entries":[{"model":{"type":"model","model":"item/bow_pulling_1"},"threshold":0.65},{"model":{"type":"model","model":"item/bow_pulling_2"},"threshold":0.9}],"type":"range_dispatch"},"type":"condition","on_false":{"type":"model","model":"item/bow"},"property":"using_item"},"entries":[{"threshold":10000,"model":{"on_true":{"fallback":{"model":"darkwitherset:bow_0","type":"model"},"property":"use_duration","scale":0.05,"entries":[{"threshold":0.65,"model":{"type":"model","model":"darkwitherset:bow_1"}},{"threshold":0.9,"model":{"type":"model","model":"darkwitherset:bow_2"}}],"type":"range_dispatch"},"type":"condition","on_false":{"type":"model","model":"darkwitherset:bow"},"property":"using_item"}},{"threshold":10001,"model":{"on_true":{"fallback":{"model":"furnace_gearworks:bow_0","type":"model"},"property":"use_duration","scale":0.05,"entries":[{"threshold":0.65,"model":{"type":"model","model":"furnace_gearworks:bow_1"}},{"threshold":0.9,"model":{"type":"model","model":"furnace_gearworks:bow_2"}}],"type":"range_dispatch"},"type":"condition","on_false":{"type":"model","model":"furnace_gearworks:bow"},"property":"using_item"}},{"threshold":10002,"model":{"on_true":{"fallback":{"model":"blueflame:bow_0","type":"model"},"property":"use_duration","scale":0.05,"entries":[{"threshold":0.65,"model":{"type":"model","model":"blueflame:bow_1"}},{"threshold":0.9,"model":{"type":"model","model":"blueflame:bow_2"}}],"type":"range_dispatch"},"type":"condition","on_false":{"type":"model","model":"blueflame:bow"},"property":"using_item"}},{"threshold":10003,"model":{"on_true":{"fallback":{"model":"elitecreatures:molten_magma_animated_weapon_set/bow_0","type":"model"},"property":"use_duration","scale":0.05,"entries":[{"threshold":0.65,"model":{"type":"model","model":"elitecreatures:molten_magma_animated_weapon_set/bow_1"}},{"threshold":0.9,"model":{"type":"model","model":"elitecreatures:molten_magma_animated_weapon_set/bow_2"}}],"type":"range_dispatch"},"type":"condition","on_false":{"type":"model","model":"elitecreatures:molten_magma_animated_weapon_set/bow"},"property":"using_item"}},{"threshold":10004,"model":{"on_true":{"fallback":{"model":"elitecreatures:witchcaster_animated/bow_0","type":"model"},"property":"use_duration","scale":0.05,"entries":[{"threshold":0.65,"model":{"type":"model","model":"elitecreatures:witchcaster_animated/bow_1"}},{"threshold":0.9,"model":{"type":"model","model":"elitecreatures:witchcaster_animated/bow_2"}}],"type":"range_dispatch"},"type":"condition","on_false":{"type":"model","model":"elitecreatures:witchcaster_animated/bow"},"property":"using_item"}},{"threshold":10005,"model":{"on_true":{"fallback":{"model":"elitecreatures:cat_sage_animated_weapon_set/bow_0","type":"model"},"property":"use_duration","scale":0.05,"entries":[{"threshold":0.65,"model":{"type":"model","model":"elitecreatures:cat_sage_animated_weapon_set/bow_1"}},{"threshold":0.9,"model":{"type":"model","model":"elitecreatures:cat_sage_animated_weapon_set/bow_2"}}],"type":"range_dispatch"},"type":"condition","on_false":{"type":"model","model":"elitecreatures:cat_sage_animated_weapon_set/bow"},"property":"using_item"}},{"threshold":10006,"model":{"on_true":{"fallback":{"model":"elitecreatures:halloween_phantom_animated/bow_0","type":"model"},"property":"use_duration","scale":0.05,"entries":[{"threshold":0.65,"model":{"type":"model","model":"elitecreatures:halloween_phantom_animated/bow_1"}},{"threshold":0.9,"model":{"type":"model","model":"elitecreatures:halloween_phantom_animated/bow_2"}}],"type":"range_dispatch"},"type":"condition","on_false":{"type":"model","model":"elitecreatures:halloween_phantom_animated/bow"},"property":"using_item"}},{"threshold":10007,"model":{"on_true":{"fallback":{"model":"item/bow","type":"model"},"property":"use_duration","scale":0.05,"entries":[],"type":"range_dispatch"},"type":"condition","on_false":{"type":"model","model":"item/bow"},"property":"using_item"}}]}}