{"model":{"type":"range_dispatch","property":"custom_model_data","index":0,"fallback":{"on_false":{"property":"charge_type","type":"select","cases":[{"model":{"type":"model","model":"item/crossbow_arrow"},"when":"arrow"},{"model":{"type":"model","model":"item/crossbow_firework"},"when":"rocket"}],"fallback":{"type":"model","model":"item/crossbow"}},"on_true":{"type":"range_dispatch","property":"crossbow/pull","fallback":{"model":"item/crossbow_pulling_0","type":"model"},"entries":[{"model":{"type":"model","model":"item/crossbow_pulling_1"},"threshold":0.58},{"model":{"type":"model","model":"item/crossbow_pulling_2"},"threshold":1}]},"property":"using_item","type":"condition"},"entries":[{"threshold":10000,"model":{"on_false":{"property":"charge_type","type":"select","cases":[{"model":{"type":"model","model":"darkwitherset:crossbow_charged"},"when":"arrow"},{"model":{"type":"model","model":"darkwitherset:crossbow_firework"},"when":"rocket"}],"fallback":{"type":"model","model":"darkwitherset:crossbow"},"model":"darkwitherset:crossbow"},"on_true":{"type":"range_dispatch","property":"crossbow/pull","fallback":{"model":"darkwitherset:crossbow","type":"model"},"entries":[{"threshold":0.58,"model":{"type":"model","model":"darkwitherset:crossbow_1"}},{"threshold":1.0,"model":{"type":"model","model":"darkwitherset:crossbow_2"}}]},"property":"using_item","type":"condition"}},{"threshold":10001,"model":{"on_false":{"property":"charge_type","type":"select","cases":[{"model":{"type":"model","model":"blueflame:crossbow_charged"},"when":"arrow"},{"model":{"type":"model","model":"blueflame:crossbow_firework"},"when":"rocket"}],"fallback":{"type":"model","model":"blueflame:crossbow"},"model":"blueflame:crossbow"},"on_true":{"type":"range_dispatch","property":"crossbow/pull","fallback":{"model":"blueflame:crossbow","type":"model"},"entries":[{"threshold":0.58,"model":{"type":"model","model":"blueflame:crossbow_1"}},{"threshold":1.0,"model":{"type":"model","model":"blueflame:crossbow_2"}}]},"property":"using_item","type":"condition"}},{"threshold":10002,"model":{"on_false":{"property":"charge_type","type":"select","cases":[{"model":{"type":"model","model":"elitecreatures:molten_magma_animated_weapon_set/crossbow_charged"},"when":"arrow"},{"model":{"type":"model","model":"elitecreatures:molten_magma_animated_weapon_set/crossbow_firework"},"when":"rocket"}],"fallback":{"type":"model","model":"elitecreatures:molten_magma_animated_weapon_set/crossbow"},"model":"elitecreatures:molten_magma_animated_weapon_set/crossbow"},"on_true":{"type":"range_dispatch","property":"crossbow/pull","fallback":{"model":"elitecreatures:molten_magma_animated_weapon_set/crossbow","type":"model"},"entries":[{"threshold":0.58,"model":{"type":"model","model":"elitecreatures:molten_magma_animated_weapon_set/crossbow_1"}},{"threshold":1.0,"model":{"type":"model","model":"elitecreatures:molten_magma_animated_weapon_set/crossbow_2"}}]},"property":"using_item","type":"condition"}},{"threshold":10003,"model":{"on_false":{"property":"charge_type","type":"select","cases":[{"model":{"type":"model","model":"elitecreatures:witchcaster_animated/crossbow_charged"},"when":"arrow"},{"model":{"type":"model","model":"elitecreatures:witchcaster_animated/crossbow_firework"},"when":"rocket"}],"fallback":{"type":"model","model":"elitecreatures:witchcaster_animated/crossbow"},"model":"elitecreatures:witchcaster_animated/crossbow"},"on_true":{"type":"range_dispatch","property":"crossbow/pull","fallback":{"model":"elitecreatures:witchcaster_animated/crossbow","type":"model"},"entries":[{"threshold":0.58,"model":{"type":"model","model":"elitecreatures:witchcaster_animated/crossbow_1"}},{"threshold":1.0,"model":{"type":"model","model":"elitecreatures:witchcaster_animated/crossbow_2"}}]},"property":"using_item","type":"condition"}},{"threshold":10004,"model":{"on_false":{"property":"charge_type","type":"select","cases":[{"model":{"type":"model","model":"elitecreatures:cat_sage_animated_weapon_set/crossbow_charged"},"when":"arrow"},{"model":{"type":"model","model":"elitecreatures:cat_sage_animated_weapon_set/crossbow_firework"},"when":"rocket"}],"fallback":{"type":"model","model":"elitecreatures:cat_sage_animated_weapon_set/crossbow"},"model":"elitecreatures:cat_sage_animated_weapon_set/crossbow"},"on_true":{"type":"range_dispatch","property":"crossbow/pull","fallback":{"model":"elitecreatures:cat_sage_animated_weapon_set/crossbow","type":"model"},"entries":[{"threshold":0.58,"model":{"type":"model","model":"elitecreatures:cat_sage_animated_weapon_set/crossbow_1"}},{"threshold":1.0,"model":{"type":"model","model":"elitecreatures:cat_sage_animated_weapon_set/crossbow_2"}}]},"property":"using_item","type":"condition"}},{"threshold":10005,"model":{"on_false":{"property":"charge_type","type":"select","cases":[{"model":{"type":"model","model":"elitecreatures:halloween_phantom_animated/crossbow_charged"},"when":"arrow"},{"model":{"type":"model","model":"elitecreatures:halloween_phantom_animated/crossbow_firework"},"when":"rocket"}],"fallback":{"type":"model","model":"elitecreatures:halloween_phantom_animated/crossbow"},"model":"elitecreatures:halloween_phantom_animated/crossbow"},"on_true":{"type":"range_dispatch","property":"crossbow/pull","fallback":{"model":"elitecreatures:halloween_phantom_animated/crossbow","type":"model"},"entries":[{"threshold":0.58,"model":{"type":"model","model":"elitecreatures:halloween_phantom_animated/crossbow_1"}},{"threshold":1.0,"model":{"type":"model","model":"elitecreatures:halloween_phantom_animated/crossbow_2"}}]},"property":"using_item","type":"condition"}},{"threshold":10006,"model":{"on_false":{"property":"charge_type","type":"select","cases":[{"model":{"type":"model","model":"item/crossbow_arrow"},"when":"arrow"},{"model":{"type":"model","model":"item/crossbow_firework"},"when":"rocket"}],"fallback":{"type":"model","model":"item/crossbow"},"model":"item/crossbow"},"on_true":{"type":"range_dispatch","property":"crossbow/pull","fallback":{"model":"item/crossbow","type":"model"},"entries":[]},"property":"using_item","type":"condition"}}]}}