{"model":{"type":"range_dispatch","property":"custom_model_data","index":0,"fallback":{"model":"item/diamond_hoe","type":"model"},"entries":[{"threshold":10000,"model":{"model":"elitecreatures:molten_magma_animated_weapon_set/hoe","type":"model"}},{"threshold":10001,"model":{"model":"elitecreatures:witchcaster_animated/hoe","type":"model"}},{"threshold":10002,"model":{"model":"elitecreatures:cat_sage_animated_weapon_set/hoe","type":"model"}},{"threshold":10003,"model":{"model":"elitecreatures:halloween_phantom_animated/hoe","type":"model"}},{"threshold":10004,"model":{"model":"item/diamond_hoe","type":"model"}}]}}