{"model":{"type":"range_dispatch","property":"custom_model_data","index":0,"fallback":{"model":"item/diamond_axe","type":"model"},"entries":[{"threshold":10000,"model":{"model":"elitecreatures:molten_magma_animated_weapon_set/axe","type":"model"}},{"threshold":10001,"model":{"model":"elitecreatures:molten_magma_animated_weapon_set/hammer","type":"model"}},{"threshold":10002,"model":{"model":"elitecreatures:molten_magma_animated_weapon_set/mace","type":"model"}},{"threshold":10003,"model":{"model":"elitecreatures:witchcaster_animated/axe","type":"model"}},{"threshold":10004,"model":{"model":"elitecreatures:cat_sage_animated_weapon_set/axe","type":"model"}},{"threshold":10005,"model":{"model":"elitecreatures:cat_sage_animated_weapon_set/hammer","type":"model"}},{"threshold":10006,"model":{"model":"elitecreatures:cat_sage_animated_weapon_set/mace","type":"model"}},{"threshold":10007,"model":{"model":"elitecreatures:halloween_phantom_animated/axe","type":"model"}},{"threshold":10008,"model":{"model":"item/diamond_axe","type":"model"}}]}}