{"model":{"type":"range_dispatch","property":"custom_model_data","index":0,"fallback":{"model":"item/diamond_sword","type":"model"},"entries":[{"threshold":10000,"model":{"model":"elitecreatures:molten_magma_animated_weapon_set/dagger","type":"model"}},{"threshold":10001,"model":{"model":"elitecreatures:molten_magma_animated_weapon_set/greatsword","type":"model"}},{"threshold":10002,"model":{"model":"elitecreatures:molten_magma_animated_weapon_set/spear","type":"model"}},{"threshold":10003,"model":{"model":"elitecreatures:molten_magma_animated_weapon_set/staff","type":"model"}},{"threshold":10004,"model":{"model":"elitecreatures:molten_magma_animated_weapon_set/sword","type":"model"}},{"threshold":10005,"model":{"model":"elitecreatures:witchcaster_animated/sword","type":"model"}},{"threshold":10006,"model":{"model":"elitecreatures:witchcaster_animated/dagger","type":"model"}},{"threshold":10007,"model":{"model":"elitecreatures:witchcaster_animated/greatsword","type":"model"}},{"threshold":10008,"model":{"model":"elitecreatures:witchcaster_animated/hammer","type":"model"}},{"threshold":10009,"model":{"model":"elitecreatures:witchcaster_animated/mace","type":"model"}},{"threshold":10010,"model":{"model":"elitecreatures:witchcaster_animated/spear","type":"model"}},{"threshold":10011,"model":{"model":"elitecreatures:witchcaster_animated/staff","type":"model"}},{"threshold":10012,"model":{"model":"elitecreatures:cat_sage_animated_weapon_set/dagger","type":"model"}},{"threshold":10013,"model":{"model":"elitecreatures:cat_sage_animated_weapon_set/greatsword","type":"model"}},{"threshold":10014,"model":{"model":"elitecreatures:cat_sage_animated_weapon_set/spear","type":"model"}},{"threshold":10015,"model":{"model":"elitecreatures:cat_sage_animated_weapon_set/staff","type":"model"}},{"threshold":10016,"model":{"model":"elitecreatures:cat_sage_animated_weapon_set/sword","type":"model"}},{"threshold":10017,"model":{"model":"elitecreatures:halloween_phantom_animated/sword","type":"model"}},{"threshold":10018,"model":{"model":"elitecreatures:halloween_phantom_animated/dagger","type":"model"}},{"threshold":10019,"model":{"model":"elitecreatures:halloween_phantom_animated/greatsword","type":"model"}},{"threshold":10020,"model":{"model":"elitecreatures:halloween_phantom_animated/hammer","type":"model"}},{"threshold":10021,"model":{"model":"elitecreatures:halloween_phantom_animated/mace","type":"model"}},{"threshold":10022,"model":{"model":"elitecreatures:halloween_phantom_animated/spear","type":"model"}},{"threshold":10023,"model":{"model":"elitecreatures:halloween_phantom_animated/staff","type":"model"}},{"threshold":10024,"model":{"model":"item/diamond_sword","type":"model"}}]}}