{"model":{"type":"range_dispatch","property":"custom_model_data","index":0,"fallback":{"type":"model","model":"item/diamond_pickaxe"},"entries":[{"threshold":10000,"model":{"type":"model","model":"elitecreatures:molten_magma_animated_weapon_set/pickaxe"}},{"threshold":10001,"model":{"type":"model","model":"elitecreatures:witchcaster_animated/pickaxe"}},{"threshold":10002,"model":{"type":"model","model":"elitecreatures:cat_sage_animated_weapon_set/pickaxe"}},{"threshold":10003,"model":{"type":"model","model":"elitecreatures:halloween_phantom_animated/pickaxe"}},{"threshold":10004,"model":{"type":"model","model":"item/diamond_pickaxe"}}]}}