{"model":{"type":"range_dispatch","property":"custom_model_data","index":0,"fallback":{"on_true":{"model":"item/fishing_rod_cast","type":"model"},"type":"condition","property":"fishing_rod/cast","on_false":{"model":"item/fishing_rod","type":"model"}},"entries":[{"threshold":10000,"model":{"on_true":{"model":"darkwitherset:fishing_rod_cast","type":"model"},"type":"minecraft:condition","property":"fishing_rod/cast","on_false":{"model":"darkwitherset:fishing_rod","type":"model"},"model":"darkwitherset:fishing_rod"}},{"threshold":10001,"model":{"on_true":{"model":"furnace_gearworks:fishing_rod_cast","type":"model"},"type":"minecraft:condition","property":"fishing_rod/cast","on_false":{"model":"furnace_gearworks:fishing_rod","type":"model"},"model":"furnace_gearworks:fishing_rod"}},{"threshold":10002,"model":{"on_true":{"model":"blueflame:fishing_rod_cast","type":"model"},"type":"minecraft:condition","property":"fishing_rod/cast","on_false":{"model":"blueflame:fishing_rod","type":"model"},"model":"blueflame:fishing_rod"}},{"threshold":10003,"model":{"on_true":{"model":"elitecreatures:molten_magma_animated_weapon_set/fishing_rod_cast","type":"model"},"type":"minecraft:condition","property":"fishing_rod/cast","on_false":{"model":"elitecreatures:molten_magma_animated_weapon_set/fishing_rod","type":"model"},"model":"elitecreatures:molten_magma_animated_weapon_set/fishing_rod"}},{"threshold":10004,"model":{"on_true":{"model":"elitecreatures:witchcaster_animated/fishing_rod_cast","type":"model"},"type":"minecraft:condition","property":"fishing_rod/cast","on_false":{"model":"elitecreatures:witchcaster_animated/fishing_rod","type":"model"},"model":"elitecreatures:witchcaster_animated/fishing_rod"}},{"threshold":10005,"model":{"on_true":{"model":"elitecreatures:cat_sage_animated_weapon_set/fishing_rod_cast","type":"model"},"type":"minecraft:condition","property":"fishing_rod/cast","on_false":{"model":"elitecreatures:cat_sage_animated_weapon_set/fishing_rod","type":"model"},"model":"elitecreatures:cat_sage_animated_weapon_set/fishing_rod"}},{"threshold":10006,"model":{"on_true":{"model":"elitecreatures:halloween_phantom_animated/fishing_rod_cast","type":"model"},"type":"minecraft:condition","property":"fishing_rod/cast","on_false":{"model":"elitecreatures:halloween_phantom_animated/fishing_rod","type":"model"},"model":"elitecreatures:halloween_phantom_animated/fishing_rod"}},{"threshold":10007,"model":{"on_true":{"model":"item/fishing_rod_cast","type":"model"},"type":"model","property":"fishing_rod/cast","on_false":{"model":"item/fishing_rod","type":"model"},"model":"item/fishing_rod"}}]}}