{"model":{"type":"range_dispatch","property":"custom_model_data","index":0,"fallback":{"type":"model","model":"item/iron_sword"},"entries":[{"threshold":10000,"model":{"type":"model","model":"darkwitherset:greatsword"}},{"threshold":10001,"model":{"type":"model","model":"darkwitherset:hammer"}},{"threshold":10002,"model":{"type":"model","model":"darkwitherset:scythe"}},{"threshold":10003,"model":{"type":"model","model":"darkwitherset:spear"}},{"threshold":10004,"model":{"type":"model","model":"darkwitherset:staff"}},{"threshold":10005,"model":{"type":"model","model":"darkwitherset:sword"}},{"threshold":10006,"model":{"type":"model","model":"darkwitherset:trident"}},{"threshold":10007,"model":{"type":"model","model":"furnace_gearworks:battle_axe"}},{"threshold":10008,"model":{"type":"model","model":"furnace_gearworks:hammer"}},{"threshold":10009,"model":{"type":"model","model":"furnace_gearworks:sickle"}},{"threshold":10010,"model":{"type":"model","model":"furnace_gearworks:spear"}},{"threshold":10011,"model":{"type":"model","model":"furnace_gearworks:sword"}},{"threshold":10012,"model":{"type":"model","model":"blueflame:battle_axe"}},{"threshold":10013,"model":{"type":"model","model":"blueflame:blade"}},{"threshold":10014,"model":{"type":"model","model":"blueflame:sickle"}},{"threshold":10015,"model":{"type":"model","model":"blueflame:spear"}},{"threshold":10016,"model":{"type":"model","model":"blueflame:staff"}},{"threshold":10017,"model":{"type":"model","model":"blueflame:sword"}},{"threshold":10018,"model":{"type":"model","model":"item/iron_sword"}}]}}