{"model":{"type":"range_dispatch","property":"custom_model_data","index":0,"fallback":{"fallback":{"type":"model","model":"item/leather_leggings","tints":[{"type":"dye","default":-6265536}]},"type":"model","property":"trim_material","cases":[{"model":{"type":"model","model":"item/leather_leggings_quartz_trim","tints":[{"type":"dye","default":-6265536}]},"when":"quartz"},{"model":{"type":"model","model":"item/leather_leggings_iron_trim","tints":[{"type":"dye","default":-6265536}]},"when":"iron"},{"model":{"type":"model","model":"item/leather_leggings_netherite_trim","tints":[{"type":"dye","default":-6265536}]},"when":"netherite"},{"model":{"type":"model","model":"item/leather_leggings_redstone_trim","tints":[{"type":"dye","default":-6265536}]},"when":"redstone"},{"model":{"type":"model","model":"item/leather_leggings_copper_trim","tints":[{"type":"dye","default":-6265536}]},"when":"copper"},{"model":{"type":"model","model":"item/leather_leggings_gold_trim","tints":[{"type":"dye","default":-6265536}]},"when":"gold"},{"model":{"type":"model","model":"item/leather_leggings_emerald_trim","tints":[{"type":"dye","default":-6265536}]},"when":"emerald"},{"model":{"type":"model","model":"item/leather_leggings_diamond_trim","tints":[{"type":"dye","default":-6265536}]},"when":"diamond"},{"model":{"type":"model","model":"item/leather_leggings_lapis_trim","tints":[{"type":"dye","default":-6265536}]},"when":"lapis"},{"model":{"type":"model","model":"item/leather_leggings_amethyst_trim","tints":[{"type":"dye","default":-6265536}]},"when":"amethyst"},{"model":{"type":"model","model":"item/leather_leggings_resin_trim","tints":[{"type":"dye","default":-6265536}]},"when":"resin"}],"model":"item/leather_leggings","tints":[{"type":"dye","default":-6265536}]},"entries":[{"threshold":10000,"model":{"fallback":{"type":"model","model":"item/leather_leggings","tints":[{"type":"dye","default":-6265536}]},"type":"model","property":"trim_material","cases":[{"model":{"type":"model","model":"item/leather_leggings_quartz_trim","tints":[{"type":"dye","default":-6265536}]},"when":"quartz"},{"model":{"type":"model","model":"item/leather_leggings_iron_trim","tints":[{"type":"dye","default":-6265536}]},"when":"iron"},{"model":{"type":"model","model":"item/leather_leggings_netherite_trim","tints":[{"type":"dye","default":-6265536}]},"when":"netherite"},{"model":{"type":"model","model":"item/leather_leggings_redstone_trim","tints":[{"type":"dye","default":-6265536}]},"when":"redstone"},{"model":{"type":"model","model":"item/leather_leggings_copper_trim","tints":[{"type":"dye","default":-6265536}]},"when":"copper"},{"model":{"type":"model","model":"item/leather_leggings_gold_trim","tints":[{"type":"dye","default":-6265536}]},"when":"gold"},{"model":{"type":"model","model":"item/leather_leggings_emerald_trim","tints":[{"type":"dye","default":-6265536}]},"when":"emerald"},{"model":{"type":"model","model":"item/leather_leggings_diamond_trim","tints":[{"type":"dye","default":-6265536}]},"when":"diamond"},{"model":{"type":"model","model":"item/leather_leggings_lapis_trim","tints":[{"type":"dye","default":-6265536}]},"when":"lapis"},{"model":{"type":"model","model":"item/leather_leggings_amethyst_trim","tints":[{"type":"dye","default":-6265536}]},"when":"amethyst"},{"model":{"type":"model","model":"item/leather_leggings_resin_trim","tints":[{"type":"dye","default":-6265536}]},"when":"resin"}],"model":"darkwitherset:ia_auto_gen/dark_witherleggings","tints":[{"type":"dye","default":-6265536}]}},{"threshold":10001,"model":{"fallback":{"type":"model","model":"item/leather_leggings","tints":[{"type":"dye","default":-6265536}]},"type":"model","property":"trim_material","cases":[{"model":{"type":"model","model":"item/leather_leggings_quartz_trim","tints":[{"type":"dye","default":-6265536}]},"when":"quartz"},{"model":{"type":"model","model":"item/leather_leggings_iron_trim","tints":[{"type":"dye","default":-6265536}]},"when":"iron"},{"model":{"type":"model","model":"item/leather_leggings_netherite_trim","tints":[{"type":"dye","default":-6265536}]},"when":"netherite"},{"model":{"type":"model","model":"item/leather_leggings_redstone_trim","tints":[{"type":"dye","default":-6265536}]},"when":"redstone"},{"model":{"type":"model","model":"item/leather_leggings_copper_trim","tints":[{"type":"dye","default":-6265536}]},"when":"copper"},{"model":{"type":"model","model":"item/leather_leggings_gold_trim","tints":[{"type":"dye","default":-6265536}]},"when":"gold"},{"model":{"type":"model","model":"item/leather_leggings_emerald_trim","tints":[{"type":"dye","default":-6265536}]},"when":"emerald"},{"model":{"type":"model","model":"item/leather_leggings_diamond_trim","tints":[{"type":"dye","default":-6265536}]},"when":"diamond"},{"model":{"type":"model","model":"item/leather_leggings_lapis_trim","tints":[{"type":"dye","default":-6265536}]},"when":"lapis"},{"model":{"type":"model","model":"item/leather_leggings_amethyst_trim","tints":[{"type":"dye","default":-6265536}]},"when":"amethyst"},{"model":{"type":"model","model":"item/leather_leggings_resin_trim","tints":[{"type":"dye","default":-6265536}]},"when":"resin"}],"model":"furnace_gearworks:ia_auto_gen/furnace_leggings","tints":[{"type":"dye","default":-6265536}]}},{"threshold":10002,"model":{"fallback":{"type":"model","model":"item/leather_leggings","tints":[{"type":"dye","default":-6265536}]},"type":"model","property":"trim_material","cases":[{"model":{"type":"model","model":"item/leather_leggings_quartz_trim","tints":[{"type":"dye","default":-6265536}]},"when":"quartz"},{"model":{"type":"model","model":"item/leather_leggings_iron_trim","tints":[{"type":"dye","default":-6265536}]},"when":"iron"},{"model":{"type":"model","model":"item/leather_leggings_netherite_trim","tints":[{"type":"dye","default":-6265536}]},"when":"netherite"},{"model":{"type":"model","model":"item/leather_leggings_redstone_trim","tints":[{"type":"dye","default":-6265536}]},"when":"redstone"},{"model":{"type":"model","model":"item/leather_leggings_copper_trim","tints":[{"type":"dye","default":-6265536}]},"when":"copper"},{"model":{"type":"model","model":"item/leather_leggings_gold_trim","tints":[{"type":"dye","default":-6265536}]},"when":"gold"},{"model":{"type":"model","model":"item/leather_leggings_emerald_trim","tints":[{"type":"dye","default":-6265536}]},"when":"emerald"},{"model":{"type":"model","model":"item/leather_leggings_diamond_trim","tints":[{"type":"dye","default":-6265536}]},"when":"diamond"},{"model":{"type":"model","model":"item/leather_leggings_lapis_trim","tints":[{"type":"dye","default":-6265536}]},"when":"lapis"},{"model":{"type":"model","model":"item/leather_leggings_amethyst_trim","tints":[{"type":"dye","default":-6265536}]},"when":"amethyst"},{"model":{"type":"model","model":"item/leather_leggings_resin_trim","tints":[{"type":"dye","default":-6265536}]},"when":"resin"}],"model":"blueflame:ia_auto_gen/blueflameleggings","tints":[{"type":"dye","default":-6265536}]}},{"threshold":10003,"model":{"fallback":{"type":"model","model":"item/leather_leggings","tints":[{"type":"dye","default":-6265536}]},"type":"model","property":"trim_material","cases":[{"model":{"type":"model","model":"item/leather_leggings_quartz_trim","tints":[{"type":"dye","default":-6265536}]},"when":"quartz"},{"model":{"type":"model","model":"item/leather_leggings_iron_trim","tints":[{"type":"dye","default":-6265536}]},"when":"iron"},{"model":{"type":"model","model":"item/leather_leggings_netherite_trim","tints":[{"type":"dye","default":-6265536}]},"when":"netherite"},{"model":{"type":"model","model":"item/leather_leggings_redstone_trim","tints":[{"type":"dye","default":-6265536}]},"when":"redstone"},{"model":{"type":"model","model":"item/leather_leggings_copper_trim","tints":[{"type":"dye","default":-6265536}]},"when":"copper"},{"model":{"type":"model","model":"item/leather_leggings_gold_trim","tints":[{"type":"dye","default":-6265536}]},"when":"gold"},{"model":{"type":"model","model":"item/leather_leggings_emerald_trim","tints":[{"type":"dye","default":-6265536}]},"when":"emerald"},{"model":{"type":"model","model":"item/leather_leggings_diamond_trim","tints":[{"type":"dye","default":-6265536}]},"when":"diamond"},{"model":{"type":"model","model":"item/leather_leggings_lapis_trim","tints":[{"type":"dye","default":-6265536}]},"when":"lapis"},{"model":{"type":"model","model":"item/leather_leggings_amethyst_trim","tints":[{"type":"dye","default":-6265536}]},"when":"amethyst"},{"model":{"type":"model","model":"item/leather_leggings_resin_trim","tints":[{"type":"dye","default":-6265536}]},"when":"resin"}],"model":"elitecreatures:ia_auto_gen/halloween_phantom_animated-leggings","tints":[{"type":"dye","default":-6265536}]}},{"threshold":10004,"model":{"fallback":{"type":"model","model":"item/leather_leggings","tints":[{"type":"dye","default":-6265536}]},"type":"model","property":"trim_material","cases":[{"model":{"type":"model","model":"item/leather_leggings_quartz_trim","tints":[{"type":"dye","default":-6265536}]},"when":"quartz"},{"model":{"type":"model","model":"item/leather_leggings_iron_trim","tints":[{"type":"dye","default":-6265536}]},"when":"iron"},{"model":{"type":"model","model":"item/leather_leggings_netherite_trim","tints":[{"type":"dye","default":-6265536}]},"when":"netherite"},{"model":{"type":"model","model":"item/leather_leggings_redstone_trim","tints":[{"type":"dye","default":-6265536}]},"when":"redstone"},{"model":{"type":"model","model":"item/leather_leggings_copper_trim","tints":[{"type":"dye","default":-6265536}]},"when":"copper"},{"model":{"type":"model","model":"item/leather_leggings_gold_trim","tints":[{"type":"dye","default":-6265536}]},"when":"gold"},{"model":{"type":"model","model":"item/leather_leggings_emerald_trim","tints":[{"type":"dye","default":-6265536}]},"when":"emerald"},{"model":{"type":"model","model":"item/leather_leggings_diamond_trim","tints":[{"type":"dye","default":-6265536}]},"when":"diamond"},{"model":{"type":"model","model":"item/leather_leggings_lapis_trim","tints":[{"type":"dye","default":-6265536}]},"when":"lapis"},{"model":{"type":"model","model":"item/leather_leggings_amethyst_trim","tints":[{"type":"dye","default":-6265536}]},"when":"amethyst"},{"model":{"type":"model","model":"item/leather_leggings_resin_trim","tints":[{"type":"dye","default":-6265536}]},"when":"resin"}],"model":"elitecreatures:ia_auto_gen/molten_magma_animated_weapon_set_leggings","tints":[{"type":"dye","default":-6265536}]}},{"threshold":10005,"model":{"fallback":{"type":"model","model":"item/leather_leggings","tints":[{"type":"dye","default":-6265536}]},"type":"model","property":"trim_material","cases":[{"model":{"type":"model","model":"item/leather_leggings_quartz_trim","tints":[{"type":"dye","default":-6265536}]},"when":"quartz"},{"model":{"type":"model","model":"item/leather_leggings_iron_trim","tints":[{"type":"dye","default":-6265536}]},"when":"iron"},{"model":{"type":"model","model":"item/leather_leggings_netherite_trim","tints":[{"type":"dye","default":-6265536}]},"when":"netherite"},{"model":{"type":"model","model":"item/leather_leggings_redstone_trim","tints":[{"type":"dye","default":-6265536}]},"when":"redstone"},{"model":{"type":"model","model":"item/leather_leggings_copper_trim","tints":[{"type":"dye","default":-6265536}]},"when":"copper"},{"model":{"type":"model","model":"item/leather_leggings_gold_trim","tints":[{"type":"dye","default":-6265536}]},"when":"gold"},{"model":{"type":"model","model":"item/leather_leggings_emerald_trim","tints":[{"type":"dye","default":-6265536}]},"when":"emerald"},{"model":{"type":"model","model":"item/leather_leggings_diamond_trim","tints":[{"type":"dye","default":-6265536}]},"when":"diamond"},{"model":{"type":"model","model":"item/leather_leggings_lapis_trim","tints":[{"type":"dye","default":-6265536}]},"when":"lapis"},{"model":{"type":"model","model":"item/leather_leggings_amethyst_trim","tints":[{"type":"dye","default":-6265536}]},"when":"amethyst"},{"model":{"type":"model","model":"item/leather_leggings_resin_trim","tints":[{"type":"dye","default":-6265536}]},"when":"resin"}],"model":"elitecreatures:ia_auto_gen/cat_sage_animated_weapon_set_leggings","tints":[{"type":"dye","default":-6265536}]}},{"threshold":10006,"model":{"fallback":{"type":"model","model":"item/leather_leggings","tints":[{"type":"dye","default":-6265536}]},"type":"model","property":"trim_material","cases":[{"model":{"type":"model","model":"item/leather_leggings_quartz_trim","tints":[{"type":"dye","default":-6265536}]},"when":"quartz"},{"model":{"type":"model","model":"item/leather_leggings_iron_trim","tints":[{"type":"dye","default":-6265536}]},"when":"iron"},{"model":{"type":"model","model":"item/leather_leggings_netherite_trim","tints":[{"type":"dye","default":-6265536}]},"when":"netherite"},{"model":{"type":"model","model":"item/leather_leggings_redstone_trim","tints":[{"type":"dye","default":-6265536}]},"when":"redstone"},{"model":{"type":"model","model":"item/leather_leggings_copper_trim","tints":[{"type":"dye","default":-6265536}]},"when":"copper"},{"model":{"type":"model","model":"item/leather_leggings_gold_trim","tints":[{"type":"dye","default":-6265536}]},"when":"gold"},{"model":{"type":"model","model":"item/leather_leggings_emerald_trim","tints":[{"type":"dye","default":-6265536}]},"when":"emerald"},{"model":{"type":"model","model":"item/leather_leggings_diamond_trim","tints":[{"type":"dye","default":-6265536}]},"when":"diamond"},{"model":{"type":"model","model":"item/leather_leggings_lapis_trim","tints":[{"type":"dye","default":-6265536}]},"when":"lapis"},{"model":{"type":"model","model":"item/leather_leggings_amethyst_trim","tints":[{"type":"dye","default":-6265536}]},"when":"amethyst"},{"model":{"type":"model","model":"item/leather_leggings_resin_trim","tints":[{"type":"dye","default":-6265536}]},"when":"resin"}],"model":"elitecreatures:ia_auto_gen/witchcaster_animated-leggings","tints":[{"type":"dye","default":-6265536}]}},{"threshold":10007,"model":{"fallback":{"type":"model","model":"item/leather_leggings","tints":[{"type":"dye","default":-6265536}]},"type":"model","property":"trim_material","cases":[{"model":{"type":"model","model":"item/leather_leggings_quartz_trim","tints":[{"type":"dye","default":-6265536}]},"when":"quartz"},{"model":{"type":"model","model":"item/leather_leggings_iron_trim","tints":[{"type":"dye","default":-6265536}]},"when":"iron"},{"model":{"type":"model","model":"item/leather_leggings_netherite_trim","tints":[{"type":"dye","default":-6265536}]},"when":"netherite"},{"model":{"type":"model","model":"item/leather_leggings_redstone_trim","tints":[{"type":"dye","default":-6265536}]},"when":"redstone"},{"model":{"type":"model","model":"item/leather_leggings_copper_trim","tints":[{"type":"dye","default":-6265536}]},"when":"copper"},{"model":{"type":"model","model":"item/leather_leggings_gold_trim","tints":[{"type":"dye","default":-6265536}]},"when":"gold"},{"model":{"type":"model","model":"item/leather_leggings_emerald_trim","tints":[{"type":"dye","default":-6265536}]},"when":"emerald"},{"model":{"type":"model","model":"item/leather_leggings_diamond_trim","tints":[{"type":"dye","default":-6265536}]},"when":"diamond"},{"model":{"type":"model","model":"item/leather_leggings_lapis_trim","tints":[{"type":"dye","default":-6265536}]},"when":"lapis"},{"model":{"type":"model","model":"item/leather_leggings_amethyst_trim","tints":[{"type":"dye","default":-6265536}]},"when":"amethyst"},{"model":{"type":"model","model":"item/leather_leggings_resin_trim","tints":[{"type":"dye","default":-6265536}]},"when":"resin"}],"model":"item/leather_leggings","tints":[{"type":"dye","default":-6265536}]}}]}}