{"model":{"type":"range_dispatch","property":"custom_model_data","index":0,"fallback":{"type":"model","model":"item/paper"},"entries":[{"threshold":10000,"model":{"type":"model","model":"_iainternal:ia_auto_gen/icon_left_blue"}},{"threshold":10001,"model":{"type":"model","model":"_iainternal:ia_auto_gen/icon_right_blue"}},{"threshold":10002,"model":{"type":"model","model":"_iainternal:ia_auto_gen/icon_search"}},{"threshold":10003,"model":{"type":"model","model":"_iainternal:ia_auto_gen/icon_cancel"}},{"threshold":10004,"model":{"type":"model","model":"_iainternal:ia_auto_gen/icon_arrow_chest"}},{"threshold":10005,"model":{"type":"model","model":"_iainternal:ia_auto_gen/icon_back_orange"}},{"threshold":10006,"model":{"type":"model","model":"_iainternal:ia_auto_gen/icon_next_orange"}},{"threshold":10007,"model":{"type":"model","model":"darkwitherset:cape"}},{"threshold":10008,"model":{"type":"model","model":"darkwitherset:chest"}},{"threshold":10009,"model":{"type":"model","model":"darkwitherset:helmet"}},{"threshold":10010,"model":{"type":"model","model":"darkwitherset:key"}},{"threshold":10011,"model":{"type":"model","model":"furnace_gearworks:wings"}},{"threshold":10012,"model":{"type":"model","model":"blueflame:chest"}},{"threshold":10013,"model":{"type":"model","model":"blueflame:key"}},{"threshold":10014,"model":{"type":"model","model":"blueflame:wings"}},{"threshold":10015,"model":{"type":"model","model":"elitecreatures:halloween_phantom_animated/armor/hat"}},{"threshold":10016,"model":{"type":"model","model":"elitecreatures:molten_magma_animated_weapon_set/backpack"}},{"threshold":10017,"model":{"type":"model","model":"elitecreatures:molten_magma_animated_weapon_set/chest"}},{"threshold":10018,"model":{"type":"model","model":"elitecreatures:molten_magma_animated_weapon_set/hat"}},{"threshold":10019,"model":{"type":"model","model":"elitecreatures:molten_magma_animated_weapon_set/key"}},{"threshold":10020,"model":{"type":"model","model":"elitecreatures:molten_magma_animated_weapon_set/wing"}},{"threshold":10021,"model":{"type":"model","model":"elitecreatures:witchcaster_animated/back"}},{"threshold":10022,"model":{"type":"model","model":"elitecreatures:witchcaster_animated/back_normal"}},{"threshold":10023,"model":{"type":"model","model":"elitecreatures:witchcaster_animated/back_normal_2"}},{"threshold":10024,"model":{"type":"model","model":"elitecreatures:witchcaster_animated/back_self"}},{"threshold":10025,"model":{"type":"model","model":"elitecreatures:witchcaster_animated/back_self_2"}},{"threshold":10026,"model":{"type":"model","model":"elitecreatures:witchcaster_animated/backpack"}},{"threshold":10027,"model":{"type":"model","model":"elitecreatures:witchcaster_animated/backpack_normal"}},{"threshold":10028,"model":{"type":"model","model":"elitecreatures:witchcaster_animated/backpack_normal_2"}},{"threshold":10029,"model":{"type":"model","model":"elitecreatures:witchcaster_animated/backpack_self"}},{"threshold":10030,"model":{"type":"model","model":"elitecreatures:witchcaster_animated/backpack_self_2"}},{"threshold":10031,"model":{"type":"model","model":"elitecreatures:witchcaster_animated/key"}},{"threshold":10032,"model":{"type":"model","model":"elitecreatures:witchcaster_animated/chest"}},{"threshold":10033,"model":{"type":"model","model":"elitecreatures:cat_sage_animated_weapon_set/backpack"}},{"threshold":10034,"model":{"type":"model","model":"elitecreatures:cat_sage_animated_weapon_set/chest"}},{"threshold":10035,"model":{"type":"model","model":"elitecreatures:cat_sage_animated_weapon_set/hat"}},{"threshold":10036,"model":{"type":"model","model":"elitecreatures:cat_sage_animated_weapon_set/key"}},{"threshold":10037,"model":{"type":"model","model":"elitecreatures:cat_sage_animated_weapon_set/wing"}},{"threshold":10038,"model":{"type":"model","model":"elitecreatures:halloween_phantom_animated/back"}},{"threshold":10039,"model":{"type":"model","model":"elitecreatures:halloween_phantom_animated/back_normal"}},{"threshold":10040,"model":{"type":"model","model":"elitecreatures:halloween_phantom_animated/back_normal_2"}},{"threshold":10041,"model":{"type":"model","model":"elitecreatures:halloween_phantom_animated/back_self"}},{"threshold":10042,"model":{"type":"model","model":"elitecreatures:halloween_phantom_animated/back_self_2"}},{"threshold":10043,"model":{"type":"model","model":"elitecreatures:halloween_phantom_animated/backpack"}},{"threshold":10044,"model":{"type":"model","model":"elitecreatures:halloween_phantom_animated/backpack_normal"}},{"threshold":10045,"model":{"type":"model","model":"elitecreatures:halloween_phantom_animated/backpack_normal_2"}},{"threshold":10046,"model":{"type":"model","model":"elitecreatures:halloween_phantom_animated/backpack_self"}},{"threshold":10047,"model":{"type":"model","model":"elitecreatures:halloween_phantom_animated/backpack_self_2"}},{"threshold":10048,"model":{"type":"model","model":"elitecreatures:halloween_phantom_animated/key"}},{"threshold":10049,"model":{"type":"model","model":"elitecreatures:halloween_phantom_animated/chest"}},{"threshold":10050,"model":{"type":"model","model":"elitecreatures:witchcaster_animated/armor/hat"}},{"threshold":10051,"model":{"type":"model","model":"item/paper"}}]}}