{"model":{"type":"range_dispatch","property":"custom_model_data","index":0,"fallback":{"tints":[{"type":"potion","default":-13083194}],"model":"item/potion","type":"model"},"entries":[{"threshold":9523000,"model":{"tints":[{"type":"potion","default":-13083194}],"model":"furnace_gearworks:wings_cosmetic","type":"model"}},{"threshold":9523001,"model":{"tints":[{"type":"potion","default":-13083194}],"model":"furnace_gearworks:wings_cosmetic_self","type":"model"}},{"threshold":9523002,"model":{"tints":[{"type":"potion","default":-13083194}],"model":"furnace_gearworks:wings_cosmetic_self_2","type":"model"}},{"threshold":9523003,"model":{"tints":[{"type":"potion","default":-13083194}],"model":"furnace_gearworks:wings_cosmetic_normal_2","type":"model"}},{"threshold":9923146,"model":{"tints":[{"type":"potion","default":-13083194}],"model":"darkwitherset:cape_cosmetic","type":"model"}},{"threshold":9923147,"model":{"tints":[{"type":"potion","default":-13083194}],"model":"darkwitherset:cape_cosmetic_self","type":"model"}},{"threshold":9923148,"model":{"tints":[{"type":"potion","default":-13083194}],"model":"darkwitherset:cape_cosmetic_self_2","type":"model"}},{"threshold":9923149,"model":{"tints":[{"type":"potion","default":-13083194}],"model":"darkwitherset:cape_cosmetic_normal_2","type":"model"}},{"threshold":9923150,"model":{"tints":[{"type":"potion","default":-13083194}],"model":"darkwitherset:helmet","type":"model"}},{"threshold":9924667,"model":{"tints":[{"type":"potion","default":-13083194}],"model":"blueflame:wings_cosmetic","type":"model"}},{"threshold":9924668,"model":{"tints":[{"type":"potion","default":-13083194}],"model":"blueflame:wings_cosmetic_self","type":"model"}},{"threshold":9924669,"model":{"tints":[{"type":"potion","default":-13083194}],"model":"blueflame:wings_cosmetic_self_2","type":"model"}},{"threshold":9924670,"model":{"tints":[{"type":"potion","default":-13083194}],"model":"blueflame:wings_cosmetic_normal_2","type":"model"}},{"threshold":9924671,"model":{"tints":[{"type":"potion","default":-13083194}],"model":"item/potion","type":"model"}}]}}