{"model":{"type":"range_dispatch","property":"custom_model_data","index":0,"fallback":{"property":"using_item","on_true":{"base":"item/shield_blocking","type":"special","model":{"type":"shield"}},"type":"condition","on_false":{"model":{"type":"shield"},"base":"item/shield","type":"special"}},"entries":[{"threshold":10000,"model":{"property":"using_item","on_true":{"base":"item/shield_blocking","type":"model","model":"darkwitherset:shield_blocking"},"type":"condition","on_false":{"model":"darkwitherset:shield","base":"item/shield","type":"model"}}},{"threshold":10001,"model":{"property":"using_item","on_true":{"base":"item/shield_blocking","type":"model","model":"furnace_gearworks:shield_blocking"},"type":"condition","on_false":{"model":"furnace_gearworks:shield","base":"item/shield","type":"model"}}},{"threshold":10002,"model":{"property":"using_item","on_true":{"base":"item/shield_blocking","type":"model","model":"blueflame:shield_blocking"},"type":"condition","on_false":{"model":"blueflame:shield","base":"item/shield","type":"model"}}},{"threshold":10003,"model":{"property":"using_item","on_true":{"base":"item/shield_blocking","type":"model","model":"elitecreatures:molten_magma_animated_weapon_set/shield_blocking"},"type":"condition","on_false":{"model":"elitecreatures:molten_magma_animated_weapon_set/shield","base":"item/shield","type":"model"}}},{"threshold":10004,"model":{"property":"using_item","on_true":{"base":"item/shield_blocking","type":"model","model":"elitecreatures:witchcaster_animated/shield_blocking"},"type":"condition","on_false":{"model":"elitecreatures:witchcaster_animated/shield","base":"item/shield","type":"model"}}},{"threshold":10005,"model":{"property":"using_item","on_true":{"base":"item/shield_blocking","type":"model","model":"elitecreatures:cat_sage_animated_weapon_set/shield_blocking"},"type":"condition","on_false":{"model":"elitecreatures:cat_sage_animated_weapon_set/shield","base":"item/shield","type":"model"}}},{"threshold":10006,"model":{"property":"using_item","on_true":{"base":"item/shield_blocking","type":"model","model":"elitecreatures:halloween_phantom_animated/shield_blocking"},"type":"condition","on_false":{"model":"elitecreatures:halloween_phantom_animated/shield","base":"item/shield","type":"model"}}},{"threshold":10007,"model":{"property":"using_item","on_true":{"base":"item/shield_blocking","type":"special","model":{"type":"shield"}},"type":"condition","on_false":{"model":"item/shield","base":"item/shield","type":"model"}}}]}}